"id","line_id","example","translation","created_at","updated_at"
1,1,"Technological change will `*create* new ways of living`.","技術の変化は`新たな生活様式を*創り出す*`。","2023/9/9 7:15","2024/6/21 12:38"
2,2,"Japan’s real GDP `*increased* by 1.9 percent` last year.","日本の実質GDPは昨年`1.9%*増加した*`。","2023/9/9 7:15","2024/6/21 12:40"
3,3,"Light exercise `*improves* thinking ability`.","軽い運動は`思考力を*向上させる*`。","2023/9/9 7:15","2024/6/21 12:42"
4,4,"`Her silence *means* that she does not agree` with you.","`彼女の沈黙は彼女が`あなたに`同意していないことを*意味する*`。","2023/9/9 7:15","2024/6/21 12:43"
5,5,"A millionaire from China `*owns* this hotel`.","中国の富豪が`このホテルを*所有している*`。","2023/9/9 7:15","2024/6/21 12:44"
6,6,"`Jane’s word *includes* typing letters` and making appointments.","`ジェーンの仕事は手紙をタイプ`したり、アポを取ったり`することを*含む*`。","2023/9/9 7:15","2024/6/21 12:46"
7,7,"She `*considers* herself to be lucky`.","彼女は`自分自身を幸運だと*見なしている*`。","2023/9/9 7:15","2024/6/21 12:47"
8,8,"The company `*allows* its employees to take long winter vacations`.","その会社は`従業員が長い冬季休暇を取ることを*許している*`。","2023/9/9 7:15","2024/6/21 12:48"
9,9,"The teacher `*suggested* that he study physics` in university.","先生は彼が大学で`物理学を学ぶことを*提案した*`。","2023/9/9 7:15","2024/6/21 12:50"
10,10,"The manufacturer `*produces* home electrical appliances`.","その製造業者は`家庭用電化製品を*生産している*`。","2023/9/9 7:15","2024/6/21 12:51"
11,11,"She `has *decided* to memorize ten English words` a day.","彼女は1日に`10個の英単語を覚えることを*決めた*`。","2023/9/9 7:15","2024/6/21 12:52"
12,12,"Uncle George `*offered* me an opportunity` to work for his company.","ジョージおじさんは彼の会社で働く`機会を私に*提供した*`。","2023/9/9 7:15","2024/6/21 12:53"
13,13,"The Road Traffic Law `*requires* you to wear a seat belt`.","道路交通法はあなたが`シートベルトを着用することを*要求する*`。","2023/9/9 7:15","2024/6/21 12:54"
14,14,"I `*share* my office space with other people`.","私は`ほかの人々と事務所スペースを*共有している*`。","2023/9/9 7:15","2024/6/21 12:55"
15,15,"You should `*store* backups of data on the Internet` regularly.","定期的に`インターネットにデータのバックアップを*保存する*`べきだ。","2023/9/9 7:15","2024/6/21 13:03"
16,16,"My town `*tends* to get windy`.","私の街は`風がよく吹く*傾向がある*`。","2023/9/9 7:15","2024/6/21 13:05"
17,17,"We `are *concerned* about the negative effect `of the new tax law.","私たちは`新しい税法のマイナス効果を*心配している*`。","2023/9/9 7:15","2024/6/21 13:06"
18,18,"She `*described* her physical condition` to her doctor.","彼女は医師に`自分の体調を*説明した*`。","2023/9/9 7:15","2024/6/21 13:07"
19,19,"In Japan, more and more men `are *involved* in raising children`.","日本では、`子育てに*関わる*`男性が増えている。","2023/9/9 7:15","2024/6/21 13:08"
20,20,"Good eating habits can `*reduce* the risk of heart disease`.","よい食習慣は`心疾患の危険を*軽減し*`うる。","2023/9/9 7:15","2024/6/21 13:10"
21,21,"`Airbags are *designed* to protect` average-sized adult males.","`エアバッグは`平均的な体格の成人男性を`保護するように*設計さ*れている`。","2023/9/9 7:15","2024/6/21 13:11"
22,22,"The scandal `*forced* the CEO to resign` from his position.","そのスキャンダルは`CEOに`その地位を`辞することを*強いた*`。","2023/9/9 7:15","2024/6/21 13:13"
23,23,"`“Tweets” were originally *limited* to 140 characters`.","`「ツイート」は元は140文字までに*限ら*れていた`。","2023/9/9 7:15","2024/6/21 14:55"
24,24,"The man `could not *bear* his stomachache`.","その男性は`胃の痛みに*耐える*ことができなかった`。","2023/9/9 7:15","2024/6/21 14:56"
25,25,"Your language can `*affect* your way of thinking`.","あなたの使う言語は`あなたの考え方に*影響を及ぼす*`可能性がある。","2023/9/9 7:15","2024/6/21 14:57"
26,26,"Our team `*deals* with complaints from out customers`.","我がチームは`顧客からの苦情を*処理する*`。","2023/9/9 7:15","2024/6/21 14:58"
27,27,"She somehow `*avoided* getting involved in the quarrel`.","彼女はどうにか`その口論に巻き込まれるのを*避けた*`。","2023/9/9 7:15","2024/6/21 14:59"
28,28,"She believes that `people’s blood types are *related* to their personalities`.","彼女は`人の血液型はその人の性格に*関連して*いる`と信じている。","2023/9/9 7:15","2024/6/21 15:00"
29,29,"She `*realized* that she was put in a difficult position`.","彼女は`自分が難しい立場に置かれていることに*気付いた*`。","2023/9/9 7:15","2024/6/21 15:02"
30,30,"Many company `*encourages* their employees not to work over time`.","多くの会社は`従業員に残業をしないように*奨励している*`。","2023/9/9 7:15","2024/6/21 15:03"
31,31,"She `*compared* the Japanese economy with the U.S. economy`.","彼女は`日本経済をアメリカ経済と*比較した*`。","2023/9/9 7:15","2024/6/21 15:04"
32,32,"She `*measures* her temperature` every morning.","彼女は毎朝`体温を*測る*`。","2023/9/9 7:15","2024/6/21 15:11"
33,33,"Some linguists think that `about 8,000 languages *exist* in the world`.","言語学者の中には`世界には約8,000の言語が*存在する*`と考える人もいる。","2023/9/9 7:15","2024/6/21 15:12"
34,34,"During the test, the students `*marked* his answers with a pencil`.","テスト中に、その生徒は`鉛筆で自分の回答に*印を付けた*`。","2023/9/9 7:15","2024/6/21 15:14"
35,35,"He `*challenged* the common belief` that laughter is a unique human feature.","彼は、笑いが人間独自の特徴であるという`常識に*異議を唱えた*`。","2023/9/9 7:15","2024/6/21 15:15"
36,36,"Children `*depend* on their parents` for many things.","子供は多くのことを`親に*頼っている*`。","2023/9/9 7:15","2024/6/21 15:16"
37,37,"Her parents `*objected* to her marriage`.","彼女の両親は`彼女の結婚に*反対した`*。","2023/9/9 7:15","2024/6/21 15:18"
38,38,"I `*demanded* that she let me go` with her.","私は`彼女に自分を一緒に連れて行くように*要求した*`。","2023/9/9 7:15","2024/6/21 15:19"
39,39,"A thinker in the Meiji Era `*founded* this university`.","明治時代のある思想家が`この大学を*設立した*`。","2023/9/9 7:15","2024/6/21 15:20"
40,40,"She `*completed* all the forms for her college application`.","彼女は`大学の入学願書の容姿すべてに*記入し終えた*`。","2023/9/9 7:15","2024/6/21 15:22"
41,41,"He `came up with a good *idea*` for the school party.","彼は学校のパーティーに合う`いい*考え*を思いついた`。","2023/9/9 7:15","2024/6/21 15:23"
42,42,"The research `results were in *accord* with the expectations` of the team.","研究`結果は`チームの`予想と*一致*していた`。","2023/9/9 7:15","2024/6/21 15:25"
43,43,"He started to `work for an insurance *company*` three years ago.","彼は3年前に`保険*会社*で働き`始めた。","2023/9/9 7:15","2024/6/21 15:26"
44,44,"She seems to `have a great *interest* in classical music`.","彼女は`クラシック音楽に大いに*興味*がある`ようだ。","2023/9/9 7:15","2024/6/21 15:27"
45,45,"The team `did *research* on life on Mars`.","そのチームは`火星上の生命体についての*調査*を行った`。","2023/9/9 7:15","2024/6/21 15:28"
46,46,"Air pollution is `a major *cause* of health problems`.","大気汚染は`健康問題の主要な*原因*`である。","2023/9/9 7:15","2024/6/21 15:29"
47,47,"He `explained the *reason* for his absence from school` today.","彼は今日`学校を欠席した*理由*を説明した`。","2023/9/9 7:15","2024/6/21 15:30"
48,48,"Abnormal weather can `have a negative *effect* on people’s lives`.","異常気象は`人々の生活に悪*影響*を与え`かねない。","2023/9/9 7:15","2024/6/21 15:32"
49,49,"Exercising `has an important *influence* on one’s health`.","運動することは`人の健康に重大な*影響*を与える`。","2023/9/9 7:15","2024/6/21 15:37"
50,50,"`The economic *situation*` of the country is gently improving.","その国の`経済*状況*`は緩やかによくなってきている。","2023/9/9 7:15","2024/6/21 15:38"
51,51,"Recycling is an effective way to `help the *environment*`.","リサイクルは`自然*環境*を助ける`効果的な方法である。","2023/9/9 7:15","2024/6/21 15:40"
52,52,"She needs to `improve her cooking *skills*` to become a chef.","彼女は料理長になるために`調理の*技術*を向上させる`必要がある。","2023/9/9 7:15","2024/6/21 15:41"
53,53,"She is good at `handling difficult *matters*`.","彼女は`難しい*事柄*に対処する`のが得意だ。","2023/9/9 7:15","2024/6/23 1:42"
54,54,"She often `express her *view* on welfare` for the elderly.","彼女は高齢者のための`福祉に関して`よく自分の`*意見*を述べる`。","2023/9/9 7:15","2024/6/23 1:45"
55,55,"Many societies `place a high *value* on education` these days.","最近、多くの社会は`教育に高い*価値*を置く`。","2023/9/9 7:15","2024/6/23 1:51"
56,56,"Biologists think there is a need to `protect endangered *species*`.","生物学者は`絶滅危惧*種*を保護する`必要があると思っている。","2023/9/9 7:15","2024/6/23 1:53"
57,57,"Bob `gave some *thought* for applying for the big contest`.","ボブは`その大きなコンテストに応募することについて一*考*した`。","2023/9/9 7:15","2024/6/23 1:54"
58,58,"Most young adults these days `have a good *knowledge* of computers`.","最近の若者の大半は`コンピュータに関する豊富な*知識*を持っている`。","2023/9/9 7:15","2024/6/23 1:55"
59,59,"She `has a good *memory* for people’s faces`.","彼女は`人の顔に関して*記憶力*がよい`。","2023/9/9 7:15","2024/6/23 1:56"
60,60,"The manager decided to `put his new ideas into *practice*`.","部長は`自分の新しい考えを*実行*する`ことに決めた。","2023/9/9 7:15","2024/6/23 1:57"
61,61,"Both nations will `enjoy the *benefits*` of a new free-trade agreement.","両国とも新たな自由貿易協定の`*利益*を享受する`ことになる。","2023/9/9 7:15","2024/6/23 1:59"
62,62,"There are many different `*theories* about how cancers occur`.","`癌がどのように生じるかに関する`多くの異なる`*学説*`が存在する。","2023/9/9 7:15","2024/6/23 2:00"
63,63,"The city council  will `discuss the *issue* of the new airport`.","市議会は`新空港の*問題*を議論する`予定だ。","2023/9/9 7:15","2024/6/23 2:01"
64,64,"The scientist `carried out various *experiments* on plants`.","その科学者は`植物について様々な*実験*を行った`。","2023/9/9 7:15","2024/6/23 2:03"
65,65,"Researchers often `cite *articles* from this scientific journal`.","研究者たちはしばしば`この科学雑誌から*記事*を引用する`。","2023/9/9 7:15","2024/6/23 2:04"
66,66,"Reducing poverty is `the main *focus* of the book`.","貧困を減らすことが`その本の主な*焦点*`である。","2023/9/9 7:15","2024/6/23 2:05"
67,67,"The author’s novels often `deal with the *subject* of space travel`.","その著者の小説はしばしば`宇宙旅行の*話題*を扱っている`。","2023/9/9 7:15","2024/6/23 2:07"
68,68,"The mayor `set up a *project*` to clean up the city.","市長はその市を美化する`*計画*を立てた`。","2023/9/9 7:15","2024/6/23 2:08"
69,69,"The company is trying to `improve the *quality* of its produce`.","その会社は`自社製品の*質*を向上させ`ようとしている。","2023/9/9 7:15","2024/6/23 8:54"
70,70,"Laughter `plays an important *role*` in strengthening personal relationshops.","笑いは人間会計を強化するうえで`重要な*役割*を果たす`。","2023/9/9 7:15","2024/6/23 8:56"
71,71,"“Hypertension” is `a medical *term*` for abnormally high blood pressure.","「高血圧症」は異常に高い血圧を表す`医学*用語*`である。","2023/9/9 7:15","2024/6/23 8:57"
72,72,"Th politician `made a short *statement*` to the press.","その政治家は報道機関に対し`短い*声明*を出した`。","2023/9/9 7:15","2024/6/23 8:58"
73,73,"The company makes its products with only `natural *materials*`.","その会社は`天然*素材*`だけを使って製品を作っている。","2023/9/9 7:15","2024/6/23 8:59"
74,74,"There is `clear *evidence* that the man did not commit the crime`.","`その男性は罪を犯していなかったという明白な*証拠*`がある。","2023/9/9 7:15","2024/6/23 9:00"
75,75,"Solar power is considered to be `a clean *source* of energy`.","太陽高熱は`クリーンなエネルギー*源*`であると見なされている。","2023/9/9 7:15","2024/6/23 9:01"
76,76,"`The international *community*` is working towards world peace.","`国際*社会*`は世界平和に向けて動いている。","2023/9/9 7:15","2024/6/23 9:02"
77,77,"`Digital *technology*` has significantly changed people’s ways of living.","`デジタル*技術*`は人々の生活様式を大いに変えた。","2023/9/9 7:15","2024/6/23 9:04"
78,78,"Chopsticks are an important part of `Asian *culture*`.","箸は`アジア*文化*`の重要な一部である。","2023/9/9 7:15","2024/6/23 9:05"
79,79,"It is important to wear `*appropriate* clothes for a job interview`.","`就職の面接に*適切な*服`を着ることが重要だ。","2023/9/9 7:15","2024/6/23 9:06"
80,80,"Some people believe that `AI robots are *likely* to replace most workers`.","`AIロボットが大半の労働者に取って代わり*そうだ*`と思っている人がいる。","2023/9/9 7:15","2024/6/23 9:07"
81,81,"Nowadays, `it is *possible* to buy almost anything on the Internet`.","最近では、`インターネットでほとんど何でも買うことが*可能で*ある`。","2023/9/9 7:15","2024/6/23 9:14"
82,82,"A group is not just `a collection of *individual* talents`.","集団は単なる`*個々の*才能の集まり`ではない。","2023/9/9 7:15","2024/6/23 9:15"
83,83,"Our main concern is to improve `*public* facilities` in the city.","私たちの主たる関心事は市内の`*公共*施設`を改良することである。","2023/9/9 7:15","2024/6/23 9:16"
84,84,"The team worked towards `the *common* goal` of winning the match.","チームはその試合に勝つという`*共通の*目標`に向かって努力した。","2023/9/9 7:15","2024/6/23 9:17"
85,85,"`I am *certain* that she will get a promotion` at work.","`彼女は`仕事で`昇進すると私は*確信して*いる`。","2023/9/9 7:15","2024/6/23 13:08"
86,86,"`His car is *similar* to mine` in design and performance.","`彼の車は`デザインと性能において`私の車と*似ている*`。","2023/9/9 7:15","2024/6/23 13:09"
87,87,"Research shows that reading habits have declined `in *recent* years`.","`*近*年`、読書の習慣が衰退してきていることを研究は示している。","2023/9/9 7:15","2024/6/23 13:11"
88,88,"Economic growth is `a *major* concern` for the Japanese government.","経済成長は日本政府にとって`*大きな*関心事`である。","2023/9/9 7:15","2024/6/23 13:12"
89,89,"You should `be more *patient* with your children`.","`自分の子供に対してもっと*忍耐強く*ある`べきだ。","2023/9/9 7:15","2024/6/23 13:12"
90,90,"She cannot eat `a *particular* type` of nut.","彼女は`ある*特定の*種類`のナッツが食べられない。","2023/9/9 7:15","2024/6/23 13:15"
91,91,"It is a good habit to `get *physical* exercise` every day.","毎日`*身体の*運動をする`のはよい習慣だ。","2023/9/9 7:15","2024/6/23 13:16"
92,92,"There are `*various* ways` to achieve your goals.","あなたの目標を達成する`*様々な*方法`がある。","2023/9/9 7:15","2024/6/23 13:17"
93,93,"`Tickets for the concert are *available*` on the Internet.","`そのコンサートのチケットは`インターネットで`*手に入る*`。","2023/9/9 7:15","2024/6/23 13:19"
94,94,"English is `a *native* language` for around 400 million people.","英語はおよそ4億人の人たちの`*母*語`である。","2023/9/9 7:15","2024/6/23 13:20"
95,95,"`The *political* situation` of Britain changed after World War I.","イギリスの`*政治*情勢`は第一次世界大戦後に変わった。","2023/9/9 7:15","2024/6/23 13:21"
96,96,"The train `is *due* to arrive` at Nagoya station in ten minutes.","列車は10分後に名古屋駅に`到着する*予定で*ある`。","2023/9/9 7:15","2024/6/23 13:22"
97,97,"Write your name in `the *blank* space` at the bottom of the paper.","用紙下部の`*空*欄`に名前を記入しなさい。","2023/9/9 7:15","2024/6/23 13:23"
98,98,"The Olympic games originated `in *ancient* times` in Greece.","オリンピックは`*古代*に`ギリシャで始まった。","2023/9/9 7:15","2024/6/23 13:24"
99,99,"You should always look `for *correct* information` before starting a report.","報告書を書く前にはいつも`*正しい*情報を探す`べきだ。","2023/9/9 7:15","2024/6/23 13:25"
100,100,"They `went hiking *despite* the fact that a storm was coming`.","`嵐がやって来ているという事実*にもかかわらず*`、彼らは`ハイキングに出掛けた`。","2023/9/9 7:15","2024/6/23 13:27"
101,101,"The doctor quickly `*noticed* a change` in the patient’s condition.","医師は患者の状態の`変化に`すぐに`*気付いた*`。","2023/9/9 7:15","2024/6/24 5:50"
102,102,"The article `*refers* to Darwin’s theory of evolution`.","その記事は`ダーウィンの進化論に*言及している*`。","2023/9/9 7:15","2024/6/24 5:51"
103,103,"`The car` slowed down as it `*approached* the curve`.","`その車はカーブに*近づく*`と速度を落とした。","2023/9/9 7:15","2024/6/24 5:52"
104,104,"The teacher `*wondered* why John didn’t attend today’s class`.","教師は`なぜジョンが今日の授業に出席していないの*かなと思った*`。","2023/9/9 7:15","2024/6/24 5:53"
105,105,"`*Imageine* that you won the lottery`.","`宝くじが当たったと*想像し*なさい`。","2023/9/9 7:15","2024/6/24 5:54"
106,106,"She immediately `*recognized* the building in the photo`.","彼女はすぐに、`その写真に写っている建物を*識別した*`。","2023/9/9 7:15","2024/6/24 5:55"
107,107,"She can `*solve* any math problem` quickly.","彼女は`どんな数学の問題でも`すぐ`*解く*`ことができる。","2023/9/9 7:15","2024/6/24 5:56"
108,108,"`Forest fires often *occur*` in California.","カリフォルニア州では`森林火災がよく*起こる*`。","2023/9/9 7:15","2024/6/24 5:57"
109,109,"He `*argues* that the country needs new energy policies`.","彼は`その国は新しいエネルギー政策を必要としていると*主張する*`。","2023/9/9 7:15","2024/6/24 5:58"
110,110,"Some scientists `*claim* that coffee lowers the risk of heart disease`.","`コーヒーは心疾患のリスクを減らすと*主張する*`科学者がいる。","2023/9/9 7:15","2024/6/24 6:00"
111,111,"The politician `*expressed* his opinions` on the leak of state secrets.","その政治家は国家機密の漏洩に関する`自分の意見を*表明した*`。","2023/9/9 7:15","2024/6/24 6:01"
112,112,"He `*drew* a conclusion` from a series of experiments.","彼は一連の実験から`1つの結論を*出した*`。","2023/9/9 7:15","2024/6/24 6:02"
113,113,"You should not `*waste* too much time on chatting online`.","`オンラインでチャットするのにあまりに長い時間を*浪費する*`べきではない。","2023/9/9 7:15","2024/6/24 6:03"
114,114,"All citizens should `*advance* their knowledge` of global ecology.","すべての市民は地球生態学の`知識を*深める*`べきだ。","2023/9/9 7:15","2024/6/24 6:05"
115,115,"He `*spread* rumors` about Mike on social media.","彼はソーシャルメディアでマイクについての`うわさを*広めた*`。","2023/9/9 7:15","2024/6/24 6:05"
116,116,"He `*prepared* a speech` for his friend’s wedding reception.","彼は友人の結婚披露宴のための`スピーチを*準備した*`。","2023/9/9 7:15","2024/6/24 6:06"
117,117,"She `*gained* a lot of experience` in the music business.","彼女は音楽業界で`多くの経験を*得た*`。","2023/9/9 7:15","2024/6/24 6:08"
118,118,"You can `*achieve* your goals` by making a good plan.","よい計画を立てることによって、`自分の目標を*達成する*`ことができる。","2023/9/9 7:15","2024/6/24 6:09"
119,119,"At a party, you can `*establish* friendly relationships` with others.","パーティーではほかの人々と`友好的な関係を*確立する*`ことができる。","2023/9/9 7:15","2024/6/24 6:10"
120,120,"This power plant `*supplies* electricity to the whole city`.","この発電所は`市全体に電気を*供給している*`。","2023/9/9 7:15","2024/6/24 6:11"
121,121,"I `*suppose* that his writing shows his true love of nature`.","私は`彼の書くものは彼の自然に対する真の愛を表していると*思う*`。","2023/9/9 7:15","2024/6/24 6:13"
122,122,"The two researchers decided to work together to `*perform* an experiment`.","2人の研究者は`実験を*行う*`ために協力することにした。","2023/9/9 7:15","2024/6/24 6:29"
123,123,"Some people `*prefer* e-books to printed books`.","`印刷された本より電子書籍*の方を好む*`人がいる。","2023/9/9 7:15","2024/6/24 6:29"
124,124,"It takes time to `*determine* whether something is true or not`.","`何かが真実かどうかを*決定する*`には時間がかかる。","2023/9/9 7:15","2024/6/24 6:31"
125,125,"Young people should `*treat* their elders with respect`.","若者は`敬意を持って年上の人を*処遇する*`べきである。","2023/9/9 7:15","2024/6/24 6:31"
126,126,"Scientists `have *proven* that dinosaurs once existed`.","科学者は`かつて恐竜が存在したこと*を証明した*`。","2023/9/9 7:15","2024/6/24 6:32"
127,127,"The computer company `*applied* a new theory to its product designs`.","そのコンピューター会社は`自社の商品設計に新しい理論を*適用した*`。","2023/9/9 7:15","2024/6/24 6:34"
128,128,"The salesperson `*mentioned* the features` of his company’s pruducts.","その販売員は自社製品の`特徴に*言及した*`。","2023/9/9 7:15","2024/6/24 6:35"
129,129,"Social Networking Services allow users to `*communicate* with other users`.","SNSは、利用者が`ほかの利用者と*情報交換する*`のを可能にする。","2023/9/9 7:15","2024/6/24 6:36"
130,130,"`Junk food` usually `*contains* a lot of salt`, sugar and fat.","`ジャンクフードは`たいてい`たくさんの塩分`、糖分、脂肪`を*含む*`。","2023/9/9 7:15","2024/6/24 6:37"
131,131,"If you need any help, `please *contact* me anytime`.","助けが必要なら、`いつでも私に*連絡して*ください`。","2023/9/9 7:15","2024/6/24 6:38"
132,132,"Today, many people `*regard* English language ability as necessary`.","今日、多くの人々は`英語の能力を必要なものだと*見なしている*`。","2023/9/9 7:15","2024/6/24 6:39"
133,133,"I `*respect* the professor` because of his unique viewpoints on literrature.","文学に対する独自の観点ゆえに、私は`教授を*尊敬する*`。","2023/9/9 7:15","2024/6/24 6:40"
134,134,"The police `*searched* for the missing person` all night.","警察は一晩中`行方不明者を*捜した*`。","2023/9/9 7:15","2024/6/24 6:41"
135,135,"Nowadays, many people `are *connecting* their TVs to the Internet`.","今日では、多くの人が`テレビをインターネットに*つないで*いる`。","2023/9/9 7:15","2024/6/24 6:42"
136,136,"`The crime rate in the U.S. has *declined*` seadly.","`アメリカにおける犯罪率`は着実に`*減少してきている*`。","2023/9/9 7:15","2024/6/24 6:43"
137,137,"Strict laws may `*prevent* people from committing violent crimes`.","厳しい法律は`人々が凶悪犯罪を犯すのを*妨げる*`かもしれない。","2023/9/9 7:15","2024/6/24 6:44"
138,138,"Many countries around the world `*suffer* from natural disasters`.","世界中の多くの国々が`自然災害に*苦しんでいる*`。","2023/9/9 7:15","2024/6/24 6:45"
139,139,"The man `*survived* the traffic accident`.","その男性は`その交通事故で*生き残った*`。","2023/9/9 7:15","2024/6/24 6:46"
140,140,"She `*published* a novel` about a professional gamer.","彼女はプロのゲーマーを描いた`小説を*出版した*`。","2023/9/9 7:15","2024/6/24 6:46"
141,141,"Most Japanese do not have `an *opportunity* to use English` every day.","たいていの日本人は毎日`英語を使う*機会*`がない。","2023/9/9 7:15","2024/6/24 6:47"
142,142,"She `completed the *task*` of making a sales presentation.","彼女は販売企画の説明を行うという仕事をやり遂げた。","2023/9/9 7:15","2024/6/24 6:48"
143,143,"The Japanese `auto *industry*` is making big changes in car manufacturing.","日本の`自動車*産業*`は自動車製造における大きな変化を起こしつつある。","2023/9/9 7:15","2024/6/24 6:50"
144,144,"People nowadays use `social *media*` to share information and ideas.","今日、人々は情報や考えを共有するために`ソーシャル*メディア*`を使う。","2023/9/9 7:15","2024/6/24 6:51"
145,145,"I wonder if higher wages are good for `the Japanese *economy*`.","より高い賃金は`日本*経済*`にとってよいことだろうか。","2023/9/9 7:15","2024/6/24 6:52"
146,146,"The government is changing its `free-market *policy*`.","政府は`自由市場政策`を*変更*しつつある。","2023/9/9 7:15","2024/6/24 6:53"
147,147,"The patient’s family was given ` a detailed *account*` of the operation.","患者の家族は手術についての`詳しい*説明*`を受けた。","2023/9/9 7:15","2024/6/24 6:55"
148,148,"There was an increase in wine `*trade* between two countries`.","`両国間の`ワイン*貿易*が拡大した。","2023/9/9 7:15","2024/6/24 6:56"
149,149,"The famous reporter’s work is `an ideal *model*` of journalism.","その有名な記者の仕事はジャーナリズムの`理想的な*模範*`である。","2023/9/9 7:15","2024/6/24 6:57"
150,150,"There is room for improvement in `the sales *figures*` of our cars.","当社の車の`販売*数*`には改善の余地がある。","2023/9/9 7:15","2024/6/24 6:58"
151,151,"They discovered a virus that destroys `cancer *cells*`.","彼らは`がん*細胞*`を破壊するウイルスを発見した。","2023/9/9 7:15","2024/6/24 6:59"
152,152,"We `have a positive *image* of Olympic athletes`.","私たちは`オリンピック選手に対して肯定的な*印象*を抱いている`。","2023/9/9 7:15","2024/6/24 14:13"
153,153,"Men and women seem to `handle *emotions*` quite differently.","男性と女性はまったく異なったやり方で`*感情*に対処する`ように思える。","2023/9/9 7:15","2024/6/24 14:14"
154,154,"A tight work schedule may `cause *stress*`.","ぎっしり詰まった仕事の予定が`*ストレス*を引き起こす`こともある。","2023/9/9 7:15","2024/6/24 14:15"
155,155,"The country has had fast growth `over the last few *decades*`.","その国は`過去数*十年間*にわたって`急成長を遂げてきた。","2023/9/9 7:15","2024/6/24 14:16"
156,156,"The company made a plan to `expand the *range* of its products`.","その会社は`製品の*範囲*を拡大する`計画を立てた。","2023/9/9 7:15","2024/6/24 14:17"
157,157,"Many foreigners think Japanese people `have a modest *character*`.","多くの外国人が日本人は`謙虚な*性格*を備えている`と思っている。","2023/9/9 7:15","2024/6/24 14:18"
158,158,"`One great *advantage* of online communities` is relationship building among people.","`オンラインコミュニティーの大きな*利点*の1つ`は、人々の間に関係を築くことである。","2023/9/9 7:15","2024/6/24 14:19"
159,159,"`A *phrase* like “it’s similar to”` is useful for explaining words.","`「それは〜に似ている」のような*句*`は語の説明をするのに役立つ。","2023/9/9 7:15","2024/6/24 14:21"
160,160,"The hurricane `caused great *damage* to the city`.","ハリケーンは`その市に大きな*損害*を与えた`。","2023/9/9 7:15","2024/6/24 14:22"
161,161,"A wasteful use of resources `has a negative *impact* on the environment`.","資源の無駄遣いは`環境に悪*影響*を及ぼす`。","2023/9/9 7:15","2024/6/24 14:23"
162,162,"`Some *methods* of dieting` face a lot of criticism.","`いくつかのダイエット*法`*は多くの批判に直面している。","2023/9/9 7:15","2024/6/24 14:24"
163,163,"Technology will make the efficient use of `natural *resources*` possible.","科学技術は`天然*資源*`の効率的な利用を可能にするだろう。","2023/9/9 7:15","2024/6/24 14:25"
164,164,"Auroras are visible in `the polar *regions*`.","オーロラは`極*地*`で見られる。","2023/9/9 7:15","2024/6/24 14:26"
165,165,"The doctors `tried out a new kind of *medicine*` on the girl to save her life.","医師たちはその少女の命を救うために彼女に`新しい種類の*薬*を試した`。","2023/9/9 7:15","2024/6/24 14:27"
166,166,"You should not post too many `personal *details* about yourself` on your blog.","ブログにあまりにも多くの`自分自身についての*詳細な*個人*情報`*を載せるべきではない。","2023/9/9 7:15","2024/6/24 14:29"
167,167,"`The most unique *feature*` of the new building is its curved shape.","その新しい建物の`最も珍しい*特徴*`は曲がった形状である。","2023/9/9 7:15","2024/6/24 14:30"
168,168,"Voice recognition is one of the most `useful *function* of smartphones`.","音声認識は`スマートフォンの`最も`便利な*機能*`の1つである。","2023/9/9 7:15","2024/6/24 14:31"
169,169,"People can easily `have *access* to the Internet` these days.","最近では人々は簡単に`インターネットを*利用*する`ことができる。","2023/9/9 7:15","2024/6/24 14:32"
170,170,"The secret behind the popularity of the shop is its `wide choice of *items*`.","その店の人気の秘密は`幅広い*品*揃え`である。","2023/9/9 7:15","2024/6/24 14:33"
171,171,"`The average annual household *income*` has declined over the past decade.","`平均的な世帯年*収*`は過去10年で減少した。","2023/9/9 7:15","2024/6/24 14:34"
172,172,"Her `positive *attitude* toward the job` led to her success.","彼女の`仕事に対する積極的な*態度*`は彼女の成功につながった。","2023/9/9 7:15","2024/6/24 14:35"
173,173,"The mayor visited `the *site* of the upcoming new airpot`.","市長は`間もなく開港する新空港の*用地*`を視察した。","2023/9/9 7:15","2024/6/24 14:36"
174,174,"`Some *aspects* of language learning` become more difficult with age.","`言語学習のいくつかの*側面*`は年齢とともにより難しくなる。","2023/9/9 7:15","2024/6/24 14:37"
175,175,"`The social *structure* of the country` has changed over the years.","`その国の社会*構造`*は長年にわたって変化してきた。","2023/9/9 7:15","2024/6/24 14:38"
176,176,"He `has the *habit* of checking e-mail messages` at meal times.","彼は食事時に`Eメールのメッセージをチェックする*習慣*がある`。","2023/9/9 7:15","2024/6/24 14:40"
177,177,"There is `a strong *link* between unusual weather and global warming`.","`異常気象と地球温暖化との間には強い*関連*`がある。","2023/9/9 7:15","2024/6/24 14:41"
178,178,"When we read, `for *instance*`, we make quick eye movements.","`*たとえば*`本を読むとき、私たちは目を素早く動かす。","2023/9/9 7:15","2024/6/24 14:43"
179,179,"The English word “cool” has `a *positive* meaning`.","英語の""cool""は`*肯定的*な意味`を持つ。","2023/9/9 7:15","2024/6/24 14:44"
180,180,"Loud noises may `have a *negative* effect on studying`.","大きな騒音は`勉強に*悪*影響を与える`かもしれない。","2023/9/9 7:15","2024/6/24 14:45"
181,181,"There aer many `*complex* theories` in physics.","物理学には多くの`*複雑な*理論`がある。","2023/9/9 7:15","2024/6/24 14:46"
182,182,"`The *current* trend in cars` is toward automated driving.","`自動車における*現在の*傾向`は自動運転に向かっている。","2023/9/9 7:15","2024/6/24 14:48"
183,183,"Taking in less sugar may benefit your `*mental* health`.","糖分の摂取を減らすことはあなたの`*精神*衛生`のためになるかもしれない。","2023/9/9 7:15","2024/6/24 14:49"
184,184,"The teacher talked about `a *specific* topic`.","先生は`*特定の*話題`について話した。","2023/9/9 7:15","2024/6/24 14:50"
185,185,"There are `*significant* differences` between having knowledge and using it.","知識があることとそれを使うこととの間には`*重大な*違い`がある。","2023/9/9 7:15","2024/6/24 14:51"
186,186,"`Friends are *essential* for our lives`.","`友人は私たちの人生に*不可欠で*ある`。","2023/9/9 7:15","2024/6/24 14:52"
187,187,"Hebrew is `the *official* language` of Israel.","ヘブライ語はイスラエルの`*公用*語`である。","2023/9/9 7:15","2024/6/24 14:52"
188,188,"The company received `*financial* support` from a bank.","その会社は銀行から`*財政*支援`を受けた。","2023/9/9 7:15","2024/6/24 14:53"
189,189,"`*Academic* achievement` is traditionally measured through examination.","`*学業*成績`は伝統的に試験によって評価される。","2023/9/9 7:15","2024/6/24 14:55"
190,190,"We ` are *aware* of the importance` of learning a second language.","私たちは第二言語を学ぶことの`重要性に*気づいて*いる`。","2023/9/9 7:15","2024/6/24 14:56"
191,191,"Organic food is said to be healthy, so `it is *worth* buying`.","自然食品は健康によいと言われていて、だから`買うに*値する*`。","2023/9/9 7:15","2024/6/24 14:57"
192,192,"It is important in business to look for `*potential* customers`.","`*潜在的な*顧客`を探すことがビジネスにおいて重要だ。","2023/9/9 7:15","2024/6/24 14:58"
193,193,"Men should `play an *active* role` in raising children.","男性は子育てにおいて`*積極的な*役割を果たす`べきである。","2023/9/9 7:15","2024/6/24 15:00"
194,194,"We are now experiencing rapid growth in `*digital* technology`.","私たちは今`*デジタル*技術`の急成長を経験している。","2023/9/9 7:15","2024/6/24 15:02"
195,195,"Gaming on `*mobile* devices` is becoming more popular than ever before.","`*移動式*機器`でゲームをすることはこれまで以上に人気が高まってきている。","2023/9/9 7:15","2024/6/24 15:03"
196,196,"He developed `a *novel* theory` connecting the human mind.","彼は人間の精神に関する`*斬新な*理論`を展開した。","2023/9/9 7:15","2024/6/24 15:04"
197,197,"`The human brain is very *plastic*`, so even adults can learn and adapt.","`人間の脳はとても*柔軟な*`ので、大人でさえ学習して順応することができる。","2023/9/9 7:15","2024/6/24 15:06"
198,198,"Soda water is created by `a *chemical* reaction`.","炭酸水は`*化学*反応`によって作られる。","2023/9/9 7:15","2024/6/24 15:06"
199,199,"`It is *necessary* to review English words regulary` to remember them.","`英単語を`覚えるためには`定期的に復習することが*必要で*ある`。","2023/9/9 7:15","2024/6/24 15:08"
200,200,"She `*eventually* earned a Ph.D.` in mathematics from Yale University.","彼女は`*結局*`イエール大学から数学の`博士号を取得した`。","2023/9/9 7:15","2024/6/24 15:09"
201,201,"The police officer `*identified* the man as a criminal`.","警官は`その男性を犯人と*特定した*`。","2023/9/9 7:15","2024/6/26 13:58"
202,202,"His music `*represents* a new form` of rock music.","彼の音楽はロックミュージックの`新しい形式を*表している*`。","2023/9/9 7:15","2024/6/26 13:59"
203,203,"The cave paintings `*indicate* that early humans had the idea of time`.","その洞窟絵画は`原始人が時間の概念を持っていたことを*示している*`。","2023/9/9 7:15","2024/6/26 14:00"
204,204,"The student `*managed* to finish his report` before the deadline.","その学生は締め切り前に*なんとか*レポートを仕上げることが*できた*。","2023/9/9 7:15","2024/6/26 14:01"
205,205,"I would like to `*attend* the party` because I might meet someone famous.","有名人に会えるかもしれないので、私は`そのパーティーに*出席し*`たい。","2023/9/9 7:15","2024/6/26 14:02"
206,206,"Today, Kyoto still `*maintains* a lot of its ancient culture`.","今日、京都はなお`昔の文化を多く*維持している*`。","2023/9/9 7:15","2024/6/26 14:06"
207,207,"One study `*surveyed* 100 cancer patients` who tried the new drug.","ある研究は新薬を試した`100人の癌患者を*調査した*`。","2023/9/9 7:15","2024/6/26 14:08"
208,208,"`Machines have *replaced* human workers` in many factories.","多くの工場で`機械が人間の労働者に*取って代わった*`。","2023/9/9 7:15","2024/6/26 14:17"
209,209,"People are required to `*sort* household waste into different types`.","人々は`家庭ゴミを種別に*分類する*`ことが求められる。","2023/9/9 7:15","2024/6/26 14:18"
210,210,"The doctor `*conducted* a quick test` to measure my blood-sugar level.","医師は私の血糖値を図るために`簡単な検査を*行った*`。","2023/9/9 7:15","2024/6/26 14:20"
211,211,"Most people `*associate* a lack of sleep with common health problems`.","たいていの人は`睡眠不足をよくある健康問題と*結び付けて考える*`。","2023/9/9 7:15","2024/6/26 14:21"
212,212,"The little girl `*attempted* to convince her parents` to buy her a toy.","その小さな女の子は自分におもちゃを買ってくれるように`両親を説得しようと*試みた*`。","2023/9/9 7:15","2024/6/26 14:22"
213,213,"Lively discussions may help `*promote* better understanding` among people.","活発な議論は人々の間の`さらなる理解を*促進する*`助けになるかもしれない。","2023/9/9 7:15","2024/6/26 14:24"
214,214,"She `*earns* enough money` to pay for her costs of living.","彼女は生活費をまかなうのに`十分なお金を*稼ぐ*`。","2023/9/9 7:15","2024/6/26 14:25"
215,215,"He `*united* the whole country` through his powerful and thoughtful speeches.","彼はその力強く思慮深い演説で`全国民を*団結させた*`。","2023/9/9 7:15","2024/6/26 14:36"
216,216,"The mother `*feeds* her baby` every time he cries.","その母親は`赤ん坊`が泣く度にその子に`*お乳を与える*`。","2023/9/9 7:15","2024/6/26 14:37"
217,217,"More and more people `are *seeking* better ways` to maintain a work-life balance.","ますます多くの人が仕事と生活のバランスを保つ`よりよい方法を*追い求めて*いる`。","2023/9/9 7:15","2024/6/26 14:39"
218,218,"I `*observed* that the plant leaves began to turn brown`.","私は`植物の葉が茶色に変化し始めたことに*気づいた*`。","2023/9/9 7:15","2024/6/26 14:40"
219,219,"Some websites may `*reveal* their users’ personal information` by mistake.","一部のウェブサイトは誤って`利用者の個人情報を*もらす*`ことがある。","2023/9/9 7:15","2024/6/26 14:41"
220,220,"We `*estimated* our arrival to be 20 minutes late`.","私たちは`到着が20分遅れると*推定した*`。","2023/9/9 7:15","2024/6/26 14:42"
221,221,"Freud believed that `dreams *reflected* our deepest desires`.","フロイトは`夢は心の奥底にある願望を*反映する*`と信じていた。","2023/9/9 7:15","2024/6/26 14:44"
222,222,"The teacher `*attracted* her students’ attention` by clapping her hands.","その教師は手をたたいて`生徒たちの気を*引きつけた*`。","2023/9/9 7:15","2024/6/26 14:45"
223,223,"My salary `has gradually *decreased* over the last few years`.","私の給料はここ数年で`だんだん*減少してきている*`。","2023/9/9 7:15","2024/6/26 14:46"
224,224,"The sailors `*ignored* the warning` about the dangerous currents in the sea.","船員たちは危険な潮流の`警告を*無視した*`。","2023/9/9 7:15","2024/6/26 14:47"
225,225,"Modern building designs often `*match* the natural surroundings`.","現代の建物のデザインは`周りの自然環境に*合っている`*ことが多い。","2023/9/9 7:15","2024/6/26 14:48"
226,226,"The dictionary `*defines* happiness as the basic feeling of joy` or satisfaction.","その辞書は`幸福を喜びまたは満足の基本的な感情と*定義している*`。","2023/9/9 7:15","2024/6/26 14:50"
227,227,"She can `*adapt* to various situations` thanks to her positive attitude.","彼女はその前向きな態度のおかげで、`様々な状況に*適応する*`ことができる。","2023/9/9 7:15","2024/6/26 14:51"
228,228,"Carbon dioxide `*contributes* to global climate change`.","二酸化炭素は`地球の気候変動の*一因となる*`。","2023/9/9 7:15","2024/6/26 14:52"
229,229,"Nowadays, we can `*exchange* information` easily over the Internet.","今日、私たちはインターネットを通じて簡単に`情報を*交換する*`ことができる。","2023/9/9 7:15","2024/6/26 14:53"
230,230,"She sometimes `*displayed* strong emotions` while talking about her past.","彼女は自分の過去について話していたとき、時々`強い感情を*示した*`。","2023/9/9 7:15","2024/6/26 14:55"
231,231,"Babies quickly `*respond* to any sound` similar to their mother’s heartbeat.","赤ん坊は母親の心臓の鼓動ににた`どんな音にも`すぐに`*反応する*`。","2023/9/9 7:15","2024/6/26 14:56"
232,232,"He `*hides* his true feelings` behind his smiles.","彼は微笑みの裏に`自分の本当の感情を*隠す*`。","2023/9/9 7:15","2024/6/26 14:57"
233,233,"I `*doubt* that she will come on time`.","私は`彼女は時間通りに来*ないと思う*`。","2023/9/9 7:15","2024/6/26 14:58"
234,234,"Some plants can `*remove* salt from seawater` to produce freshwater.","植物の中には`海水から塩分を*取り除き*`真水を作ることが出来るものもある。","2023/9/9 7:15","2024/6/26 14:59"
235,235,"I learned from my father how to `*wind* this mechanical watch`.","私は`この機械式腕時計のねじを*巻く*`方法を父から学んだ。","2023/9/9 7:15","2024/6/26 15:00"
236,236,"We tend to `*assume* that Japanese trains always run on schedule`.","私たちは`日本の列車がいつも定刻通りに運行することを*当然と思う*`傾向がある。","2023/9/9 7:15","2024/6/26 15:02"
237,237,"`Please *relax* and make yourself at home`.","`どうぞ*くつろい*で楽になさってください`。","2023/9/9 7:15","2024/6/26 15:02"
238,238,"The hotel’s `high level of service` always `*satisfies* its guests`.","そのホテルの`高い水準のサービスは`いつも`客たちを*満足させる*`。","2023/9/9 7:15","2024/6/26 15:05"
239,239,"People who love shopping often `*desire* to buy the latest goods`.","買い物が大好きな人々はたいてい`最新の商品を買いたいと*強く望む*`。","2023/9/9 7:15","2024/6/26 15:06"
240,240,"The scientist finally `*succeeded* in developing the new robot`.","その科学者はついに`新しいロボットを開発するのに*成功した*`。","2023/9/9 7:15","2024/6/26 15:07"
241,241,"Einstein’s theory of relativity has changed our understanding `the *concept* of time`.","アインシュタインの相対性理論は`時間の*概念*`に関する我々の理解を変えた。","2023/9/9 7:15","2024/6/26 15:10"
242,242,"People often `follow the latest *fashion*` in order to look more attractive.","人々はもっと魅力的に見えるように`最新の*流行*を追う`ことが多い。","2023/9/9 7:15","2024/6/26 15:11"
243,243,"This `electric *device*` can handle many tasks such as storing data.","この`電子*機器*`はデータの保存など多くのタスクを処理することができる。","2023/9/9 7:15","2024/6/26 15:12"
244,244,"`An extra *charge*` was added when I called for the taxi in advance.","私が前もってタクシーを呼んだとき`特別*料金*`が追加された。","2023/9/9 7:15","2024/6/26 15:13"
245,245,"`In *contrast* to the other leader`, he spoke directly to the people.","`もう1人の指導者とは*対照*的に`、彼は国民に直接話しかけた。","2023/9/9 7:15","2024/6/26 15:15"
246,246,"I discussed the matter with some of `my *colleagues* at work`.","私はその問題について`職場の*同僚*`の何人かと話し合った。","2023/9/9 7:15","2024/6/26 15:16"
247,247,"私は右上腕に`ひどい*痛み*がある`。","I `have terrible *pain*` in my upper right arm.","2023/9/9 7:15","2024/6/26 15:17"
248,248,"My wife has a part-time job to help `pay some *bills*`.","私の妻は`*請求書*の一部を支払う`助けとなるようにパートの仕事をしている。","2023/9/9 7:15","2024/6/26 15:19"
249,249,"You may remember `the *content* of your dreams` as soon as you wake up.","目覚めた直後に`夢の*内容*`を思い出すことがある。","2023/9/9 7:15","2024/6/26 15:20"
250,250,"I have just recently started in `the accounting *section*`.","私はつい最近`経理*部*`で働き始めたばかりです。","2023/9/9 7:15","2024/6/26 15:20"
251,251,"`The *audience* at the theater` was deeply moved by the actors’ performance.","`劇場の*観客*`は俳優たちの演技に深く感動した。","2023/9/9 7:15","2024/6/26 15:22"
252,252,"About two thirds of `the earth’s *surface*` is covered with water.","`地球の*表面*`のおよそ3分の2は水でおおわれている。","2023/9/9 7:15","2024/6/26 15:23"
253,253,"Too much rain can be bad for `farmers and their *crops*`.","雨が多すぎるのは`農家の人たちとその*作物*`にとって悪いかもしれない。","2023/9/9 7:15","2024/6/28 13:19"
254,254,"One of `the suitable *topics* for small talk` is health.","`雑談に適した*話題*`の1つは健康である。","2023/9/9 7:15","2024/6/28 13:20"
255,255,"She `developed a new *technique*` for making smartphones easier to use.","彼女はスマートフォンの使い勝手をよくするための`新*技術*を開発した`。","2023/9/9 7:15","2024/6/28 13:21"
256,256,"`Women’s *status* in the Japanese workplace` has improved slowly over the decades.","`日本の職場における女性の*地位*`はこの数十年間で緩やかに向上した。","2023/9/9 7:15","2024/6/28 13:22"
257,257,"She `had the *option* of continuing her career` after she got married.","彼女には結婚後に`仕事を続けるという*選択*があった`。","2023/9/9 7:15","2024/6/28 13:24"
258,258,"Many people regard wealth as `the *reward* for hard work`.","多くの人が富を`勤勉に対する*報酬*`と見なす。","2023/9/9 7:15","2024/6/28 13:24"
259,259,"`The mixing of *races*` may be necessary for allowing Japanese society to function.","`*人種*の混合`は日本社会を機能させるために必要かもしれない。","2023/9/9 7:15","2024/6/28 13:26"
260,260,"Many societies try their best to prevent children from being `victims of *crime*`.","多くの社会は子どもが`*犯罪*の犠牲者`になるのを防ごうと最善を尽くしている。","2023/9/9 7:15","2024/6/28 13:27"
261,261,"Historically speaking, `*conflicts* over resources` often led to war.","歴史的に見ると、`資源を巡る*争い*`がしばしば戦争へと発展した。","2023/9/9 7:15","2024/6/28 13:28"
262,262,"Women’s `*struggle* for equal rights` is still an important issue today.","女性たちの`平等の権利を求める*戦い*`は今日でも重要な問題である。","2023/9/9 7:15","2024/6/28 13:29"
263,263,"The use of proper manner is effective `in various business *contexts*`.","適切な作法を用いることは、`様々なビジネスの*状況*において`効果的である。","2023/9/9 7:15","2024/6/28 13:30"
264,264,"In the meeting, there was `a heated *debate* over the issue` of gun control.","会議では、銃規制の`問題に関する白熱した*討論*`が行われた。","2023/9/9 7:15","2024/6/28 13:31"
265,265,"The burning of `fossil *fuel*` is partly responsible for global warming.","`化石*燃料*`を燃やすことは地球温暖化の一因である。","2023/9/9 7:15","2024/6/28 13:32"
266,266,"Tokyo somehow survived `serious air *pollution*` in the 1960’s.","東京は1960年代の深刻な`大気*汚染*`をなんとか乗り越えた。","2023/9/9 7:15","2024/6/28 13:33"
267,267,"`The current *trend*` is toward getting elderly people to give up driving.","`最近の*傾向*`は高齢者に車の運転をやめさせる方向にある。","2023/9/9 7:15","2024/6/28 13:34"
268,268,"It is difficult to reach `a *balance* between individual freedom and national security`.","`個人の自由と国家の安全との*均衡*`に達するのは困難である。","2023/9/9 7:15","2024/6/28 13:36"
269,269,"`There is heavy *traffic*` on the road to the airport.","空港に向かう道路は`*交通*が激しい`。","2023/9/9 7:15","2024/6/28 13:37"
270,270,"The government `created a long-term *strategy*` for dealing with the economy.","政府は経済に対処するための`長期的*戦略*を作成した`。","2023/9/9 7:15","2024/6/28 13:38"
271,271,"The recent news story became `the *basis* for the director’s new movie`.","最近のニュース記事がその監督の新しい`映画の*基礎*`となった。","2023/9/9 7:15","2024/6/28 13:39"
272,272,"The man often gets worried about `the *consequences* of his action`.","その男性は`自分の行動の*結果*`についてよく心配している。","2023/9/9 7:15","2024/6/28 13:40"
273,273,"`The *aim* of the meeting` is to make a budget for next year.","その会合の目的は翌年の予算を立てることである。","2023/9/9 7:15","2024/6/28 13:41"
274,274,"`Common *ancestors* of humans and chimpanzees` lived millions of years ago.","`ヒトとチンパンジーの共通の*祖先*`は何百万年も前に生きていた。","2023/9/9 7:15","2024/6/28 13:42"
275,275,"Living things `receive their *genes* from their parents`.","生物は`親から*遺伝子*を受け継ぐ`。","2023/9/9 7:15","2024/6/28 13:44"
276,276,"The website `is now keeping *track* of its number of visitors.`","そのウェブサイトは現在訪問者数の経過を追っている。","2023/9/9 7:15","2024/6/28 13:45"
277,277,"`The digital *revolution*` may well change people’s way of reading books.","`デジタル*革命*`はおそらく人々の読書法を変えるだろう。","2023/9/9 7:15","2024/6/28 13:47"
278,278,"Medicine `has made significant *progress*` in treating serious diseases.","医学は重病の治療において`重要な*進歩*を遂げてきている`。","2023/9/9 7:15","2024/6/28 13:48"
279,279,"`The *cognitive* function of the brain` involves mental activities such as memory and thinking.","`脳の*認知*機能`は記憶や思考などの精神活動を含む。","2023/9/9 7:15","2024/6/28 13:49"
280,280,"The beachside is `an *ideal* place for a daily walk`.","浜辺は`毎日の散歩にとって*理想的な*場所`である。","2023/9/9 7:15","2024/6/28 13:51"
281,281,"It is important to know `the most *efficient* ways of studying`.","`最も*効率的な*学習法`を知ることは重要である。","2023/9/9 7:15","2024/6/29 1:19"
282,282,"Stories about heroes and heroines have `*universal* appeal` among children.","ヒーローやヒロインが登場する物語は子どもたちの間で`*普遍的な*魅力`を備えている。","2023/9/9 7:15","2024/6/29 1:20"
283,283,"He has `a *vast* knowledge` of the animal kingdom.","彼は動物界に関する`*莫大な*知識`を持っている。","2023/9/9 7:15","2024/6/29 1:21"
284,284,"The company asked the staff to `work *extra* hours` on Saturday.","その会社は社員に土曜日に`*時間外*労働をする`ことを依頼した。","2023/9/9 7:15","2024/6/29 1:22"
285,285,"He devoted `his *entire* life` to helping people in need.","彼は困っている人々を助けるために`*全*人生`を捧げた。","2023/9/9 7:15","2024/6/29 1:23"
286,286,"`Taxi drivers are generally *familiar* with local roads`.","`タクシーの運転手はたいてい地元の道路に*精通している*`。","2023/9/9 7:15","2024/6/29 1:24"
287,287,"`It was *obvious* that the woman was innocent` of the crime.","`その女性が`その犯罪については`無実であることは*明らかだ*った`。","2023/9/9 7:15","2024/6/29 1:25"
288,288,"The ma refused to join the fight for `*moral* reasons`.","その男性は`*道徳上の*理由`からその争いに加わるのを断った。","2023/9/9 7:15","2024/6/29 2:54"
289,289,"New technologies might change the lives of `*ordinary* people` into something quite diffrent.","新しい技術は`*一般の*人々`の生活を全く違ったものに変えるかもしれない。","2023/9/9 7:15","2024/6/29 2:55"
290,290,"`$1 is almost *equal* to 100 yen`.","`1ドルはほぼ100円に*等しい*`。","2023/9/9 7:15","2024/6/29 2:56"
291,291,"His new computer software is far better than any `*previous* version`.","彼の新しいコンピュータソフトは`*以前の*`どの`バージョン`よりもはるかに優れている。","2023/9/9 7:15","2024/6/29 2:58"
292,292,"Government officials are not allowed to issue `*false* information`.","国家公務員は`*誤った*情報`を発表することは許されない。","2023/9/9 7:15","2024/6/29 2:58"
293,293,"The medicine may sometimes make people sleepy in `*rare* cases`.","その薬は`*稀な*事例`では人を眠たくさせることがあるかもしれない。","2023/9/9 7:15","2024/6/29 3:00"
294,294,"Most `*legal* systems` are based on belief in human rights.","たいていの`*法律*制度`は人権に対する信念に基づく。","2023/9/9 7:15","2024/6/29 3:01"
295,295,"Children should `be *independent* of their parents` after a certain age.","子どもはある年齢以降は`親から*独立して*いる`べきである。","2023/9/9 7:15","2024/6/29 3:02"
296,296,"`*Extreme* inequality` prevents many people from fulfilling their potential.","`*極端な*不平等`は、多くの人々がその潜在能力を発揮するのを妨げる。","2023/9/9 7:15","2024/6/29 3:03"
297,297,"Students can learn scientific theories `through *actual* experiences`.","学生は`*実際の*経験を通して`科学的理論を学ぶことができる。","2023/9/9 7:15","2024/6/29 3:05"
298,298,"My friend `was *willing* to help me move` into a new apartment.","私の友人は`私が`新しいアパートに`引っ越すのを手伝うことを*いとわなか*った`。","2023/9/9 7:15","2024/6/29 3:06"
299,299,"Nearly half of the world’s population lives in `*urban* areas`.","世界の人口のほぼ半分近くは`*都市*圏`に住んでいる。","2023/9/9 7:15","2024/6/29 3:07"
300,300,"`He prefers British English, *whereas* she prefers American English`.","彼がイギリス英語を好むのに対し、彼女はアメリカ英語を好む。","2023/9/9 7:15","2024/6/29 3:08"
301,301,"The professor `*predicted* that the economy would recover`.","教授は`経済が回復するであろうと*予測した*`。","2023/9/9 7:15","2024/6/29 9:41"
302,302,"The doctor `*examined* the patient’s stomach` with a medical device.","医師は`医療機器を使って患者の胃を*調べた*`。","2023/9/9 7:15","2024/6/29 9:42"
303,303,"I have decided to ignore any advice from others and `*trust* my judgement.`","私は他人からのどんな忠告も無視して`自分の判断を*信頼する*`ことに決めた。","2023/9/9 7:15","2024/6/29 9:43"
304,304,"We were `*stuck* in a heavy traffic jam` last night.","私たちは昨夜`ひどい交通渋滞にはまって*動けなか*った`。","2023/9/9 7:15","2024/6/29 9:44"
305,305,"`His musical talent *emerged* early in his life`.","`彼の音楽的才能はその人生の初期に*現れた*`。","2023/9/9 7:15","2024/6/29 9:45"
306,306,"Communication styles `*vary* from culture to culture`.","コミュニケーションの方法は`文化により*様々である*`。","2023/9/9 7:15","2024/6/29 9:45"
307,307,"When listening to music, `chemicals are *released* into the brain`.","音楽を聴いているとき、`化学物質が脳内に*放出される*`。","2023/9/9 7:15","2024/6/29 9:46"
308,308,"The researchers `*divided* their subjects into two groups`.","研究者は`被験者を2つのグループに*分けた*`。","2023/9/9 7:15","2024/6/29 9:47"
309,309,"Her excellent writing skills `*enabled* her to get a good job.`","彼女の卓越した文章能力は`彼女がよい仕事を得ることを*可能にした*`。","2023/9/9 7:15","2024/6/29 9:48"
310,310,"We should not `*judge* people by their appearance`.","私たちは`人を外見で*判断する*`べきではない。","2023/9/9 7:15","2024/6/29 9:49"
311,311,"The country `*relied* on military support from overseas.`","その国は`外国からの軍事支援に*頼っていた*`。","2023/9/9 7:15","2024/6/29 9:50"
312,312,"He `is *engaged* in teaching the history of Rome` at a college.","彼は大学で`ローマの歴史を教えることに*従事している*`。","2023/9/9 7:15","2024/6/29 9:51"
313,313,"The company `*shifted* its manufacturing base to India`.","その会社は`製造拠点をインドに*移した*`。","2023/9/9 7:15","2024/6/29 9:52"
314,314,"The airline `*adopted* a new cost-saving measure`.","その航空会社は`新しい経費削減策を*採用した*`。","2023/9/9 7:15","2024/6/29 9:53"
315,315,"`*Acquiring* knowledge` is one thing, but applying it is another.","`知識を*得ること*`とそれを応用することは別物である。","2023/9/9 7:15","2024/6/29 9:54"
316,316,"To improve your reading speed, you need to `*expand* your vocabulary`.","読書のスピードを上げるには、`語彙を*増やす*`必要がある。","2023/9/9 7:15","2024/6/29 9:55"
317,317,"The journalist `*refused* to answer the questions` about the source of the information.","そのジャーナリストは情報の出所についての`質問に答えるのを*拒んだ*`。","2023/9/9 7:15","2024/6/29 9:56"
318,318,"Visitors to Florence `are *struck* by its wonderful architecture` and artwork.","フィレンツェを訪れる者は`その素晴らしい建築`と美術作品`に*心を打た*れる`。","2023/9/9 7:15","2024/6/29 9:57"
319,319,"Humans tend to `*repeat* their mistakes` without much thought.","人間はあまり考えもせずに`同じ間違いを*繰り返す*`傾向がある。","2023/9/9 7:15","2024/6/30 0:51"
320,320,"Eco-friendly cars `*consume* less fuel` than traditional gas-based cars.","エコカーは従来のガソリン車に比べて`より少ない燃料を*消費する*`。","2023/9/9 7:15","2024/6/30 0:52"
321,321,"People sometimes `*confuse* influenza with the common cold`.","人は時にイ`ンフルエンザを普通の風邪と*混同する*`。","2023/9/9 7:15","2024/6/30 0:53"
322,322,"To `*select* your seat`, some airlines require an additional fee.","`自分の座席を*選ぶ*`のに、追加料金を要求する航空会社もある。","2023/9/9 7:15","2024/6/30 0:54"
323,323,"Early `Indo-European languages *evolved* into ones such as Greek`.","初期の`インド・ヨーロッパ語族はギリシャ語のような言語へと*発展した*`。","2023/9/9 7:15","2024/6/30 0:56"
324,324,"The doctor `*convinced* me that exercising would improve my health`.","医師は`運動することが私の健康状態を改善すると私に*確信させた*`。","2023/9/9 7:15","2024/6/30 0:57"
325,325,"Much as I tried, I could not `*recall* her physical appearance`.","何度もやってはみたが、私は`彼女の容姿を*思い出す*`ことができなかった。","2023/9/9 7:15","2024/6/30 0:58"
326,326,"If we `*destroy* the rainforests`, they may never recover.","もし`熱帯雨林を*破壊する*`なら、それは二度と回復しないかもしれない。","2023/9/9 7:15","2024/6/30 0:59"
327,327,"`Some kinds of food can be *preserved*` for years by canning.","`ある種の食品は`缶詰にすることによって何年も`*保存する*ことができる`。","2023/9/9 7:15","2024/6/30 1:00"
328,328,"They `*organized* the summer festival` effectively.","彼らは効果的に`夏祭りを*準備した*`。","2023/9/9 7:15","2024/6/30 1:02"
329,329,"She `*warned* her little brother not to touch` her PC.","彼女は自分のパソコンに`触らないように弟に*注意した*`。","2023/9/9 7:15","2024/6/30 1:03"
330,330,"Many politicians have tried to `*address* the problem` of street crime.","多くの政治家が路上犯罪の`問題に*対処し*`ようとしてきた。","2023/9/9 7:15","2024/6/30 1:04"
331,331,"The technician received training in order to `*operate* the new machinery`.","その技術者は`新しい機械を*操作する*`ために訓練を受けた。","2023/9/9 7:15","2024/6/30 1:05"
332,332,"Robots with AI might one day be able to `*participate* in childcare`.","AIロボットはいつの日か`育児に*参加する*`ことが出来るようになるかもしれない。","2023/9/9 7:15","2024/6/30 1:06"
333,333,"Dubai imports sand even though it `is *surrounded* by desert`.","ドバイは`砂漠に*囲まれている*`のに砂を輸入する。","2023/9/9 7:15","2024/6/30 1:07"
334,334,"`The Thames *flows* through London` and the Seine through Paris.","`テムズ川はロンドン市内を貫いて*流れ*`、セーヌ川はパリ市内を流れる。","2023/9/9 7:15","2024/6/30 1:08"
335,335,"`The film *bored* me`, so I left the theater early.","`その映画は私を*退屈させた*`ので、私は早めに映画館を出た。","2023/9/9 7:15","2024/6/30 1:09"
336,336,"People often `*complain* about the government’s reaction` to natural disasters.","人々はよく自然災害に対する`政府の反応について*不平を言う*`。","2023/9/9 7:15","2024/6/30 1:10"
337,337,"Mr. and Mrs. Smith `*hosted* a garden party` yesterday.","スミス夫妻は昨日`園遊会を*主催した*`。","2023/9/9 7:15","2024/6/30 1:11"
338,338,"The book `*combines* facts with fictions`.","その本は`事実をフィクションと*結び付けている*`。","2023/9/9 7:15","2024/6/30 1:12"
339,339,"Stores often `*extend* their business hours` for the convenience of customers.","商店はよく客の利便性のために`営業時間を*延ばす*`。","2023/9/9 7:15","2024/6/30 1:13"
340,340,"He does not think that everyone `*appreciates* his talent`.","彼は誰もが`彼の才能を*正当に評価している*`とは思っていない。","2023/9/9 7:15","2024/6/30 1:14"
341,341,"I have set myself `a *target* of walking 10,000 steps a day`.","私は`1日に1万歩歩くという*目標*`を自分に課した。","2023/9/9 7:15","2024/6/30 1:15"
342,342,"Correct grammar is `an important *element*` in essay writing.","正しい文法は小論文作成の`重要な*要素*`である。","2023/9/9 7:15","2024/6/30 1:16"
343,343,"`The *principle* of first-com-first-served` is simple and fair.","`先着順の*原則*`は単純かつ公正である。","2023/9/9 7:15","2024/6/30 1:17"
344,344,"The sharp rise of Japanese anime’s popularity is `global *phenomenon*`.","日本アニメの人気急上昇は`世界的な*現象*`である。","2023/9/9 7:15","2024/6/30 1:18"
345,345,"Gasses like carbon dioxide increase `the temperature in the *atmosphere*`.","二酸化炭素のような気体は`*大気*の温度`を上昇させる。","2023/9/9 7:15","2024/6/30 1:19"
346,346,"There are several theories about `the *origins* of language`.","`言語の*起源*`についてはいくつかの説がある。","2023/9/9 7:15","2024/6/30 1:20"
347,347,"According to a philosopher, `one’s house reflects one’s *personality*`.","ある哲学者によると、`人の家はその人の*個性*を反映する`とのことである。","2023/9/9 7:15","2024/6/30 1:22"
348,348,"You can improve `your memory *capacity*` by using a foreign language.","外国語を使うことで人は`記憶*容量*`を高めることができる。","2023/9/9 7:15","2024/6/30 1:22"
349,349,"`*Profits* from successful business` can greatly improve the economy.","`成功した企業からの*利益*`は経済を大きく向上させうる。","2023/9/9 7:15","2024/6/30 1:24"
350,350,"`Under no *circumstances*` should you give anyone your credit card’s PIN,","`どんな*状況*下でも`自分のクレジットカードの暗証番号を誰にも教えてはいけない。","2023/9/9 7:15","2024/6/30 1:25"
351,351,"`Giving a smile is good *manners*` when we meet someone.","人に会ったときに`微笑むことはよい*作法*である`。","2023/9/9 7:15","2024/7/1 2:52"
352,352,"Air pollution is `a serious *threat* to children’s health`.","大気汚染は`子どもの健康にとって深刻な*脅威*`である。","2023/9/9 7:15","2024/7/1 2:53"
353,353,"`The *residents* of the apartment` often complain about noise in the building.","そのアパートの*居住者たち*は建物内の騒音についてよく不満を言う。","2023/9/9 7:15","2024/7/1 2:55"
354,354,"Some say `happiness lies in *wealth*`.","`幸福は*富*にある`という人もいる。","2023/9/9 7:15","2024/7/1 2:56"
355,355,"Many `academic *institutions*` issue their own journals monthly.","多くの`学術*機関*`が毎月独自の機関誌を刊行している。","2023/9/9 7:15","2024/7/1 3:00"
356,356,"In some nations, `the government *authorities*` limit the freedom of speech.","国によっては、`政府*当局*`が言論の自由を制限する。","2023/9/9 7:15","2024/7/1 3:01"
357,357,"The politician received over 50 percent of `all *votes* in the election`.","その政治家は`その選挙での*投票*総数`の50パーセント以上を獲得した。","2023/9/9 7:15","2024/7/1 3:03"
358,358,"You will be struck by `the natural *sights* on the island`.","あなたは`その島の自然の*光景*`に心を打たれるだろう。","2023/9/9 7:15","2024/7/1 3:04"
359,359,"`The *campaign* to push recycling` has started to spread throughout the country.","`リサイクルを推進する*運動*`は国中で広がり始めた。","2023/9/9 7:15","2024/7/1 3:05"
360,360,"The Internet was used to `raise huge *funds*` for the development of spacecraft.","宇宙船の開発のための`巨額の*資金*を集める`ためにインターネットが使われた。","2023/9/9 7:15","2024/7/1 3:06"
361,361,"I read many good comments about the restaurant `on the *Web*`.","私は`*ウェブ*上で`そのレストランに関するたくさんの良いコメントを読んだ。","2023/9/9 7:15","2024/7/1 3:07"
362,362,"People believe that the four-leaf clover is `a *symbol* of good luck`.","人々は四つ葉のクローバーが`幸運の*象徴*`であると信じている。","2023/9/9 7:15","2024/7/1 3:08"
363,363,"`A detailed *analysis* of the DNA` shows that the men are brothers.","`DNAの詳細な*分析結果*`はその男性たちが兄弟であることを示し愛Tail。","2023/9/9 7:15","2024/7/1 3:09"
364,364,"This is `a cheap *version* of the famous brand`.","これは`その有名ブランドの廉価*版*`である。","2023/9/9 7:15","2024/7/1 3:10"
365,365,"Immigrations `bring fresh *perspectives*` to any society.","移民はどの社会にも`新鮮な*観点*をもたらす`。","2023/9/9 7:15","2024/7/1 3:11"
366,366,"Governments must always be prepared for `a national *crisis*`.","政府はいつも`国家的*危機*`に備えているべきだ。","2023/9/9 7:15","2024/7/1 3:12"
367,367,"Traditional Japanese architecture can stand firm against `natural *disasters*`.","伝統的な日本建築は`自然*災害*`に対してしっかりと持ちこたえることができる。","2023/9/9 7:15","2024/7/1 3:13"
368,368,"Professor Foote `gave a *lecture* on economic science`.","フット教授は`経済学に関する*講義*を行った`。","2023/9/9 7:15","2024/7/1 3:14"
369,369,"She entered the university to `study child *psychology*`.","彼女は`児童*心理学*を研究する`ために大学に入った。","2023/9/9 7:15","2024/7/1 3:15"
370,370,"It is said that most languages carry delicate `*gender* biases`.","たいていの言語は微妙な`*性*偏見`を含むと言われている。","2023/9/9 7:15","2024/7/1 3:16"
371,371,"Japanese people have `a *custom* of visiting shrine on New Year’s Day`.","日本人には`元日に神社に参拝するという*慣習*`がある。","2023/9/9 7:15","2024/7/1 3:17"
372,372,"The man finally `confessed his guilt in *court*`.","その男性はついに`*法廷*で自分の犯罪行為を告白した`。","2023/9/9 7:15","2024/7/1 3:18"
373,373,"Some plants can store water and `survive in the *desert*`.","植物の中には水を蓄え、`*砂漠*で生き残る`ことが出来る者もある。","2023/9/9 7:15","2024/7/1 3:19"
374,374,"Many farmers `are improving their *soil*` using living organisms.","多くの農家の人たちは生物を使って`*土壌*を改良している`。","2023/9/9 7:15","2024/7/1 3:19"
375,375,"Japan has a little `land suitable for *agriculture*`.","日本は`*農業*に適した土地`がわずかしかない。","2023/9/9 7:15","2024/7/1 3:20"
376,376,"Some kinds of scientists are focused on researching `the marine *fossils*`.","いくつかの分野の科学者は`海洋*化石*`の研究に集中している。","2023/9/9 7:15","2024/7/1 3:21"
377,377,"The original role of the library was to `store important *documents*`.","図書館本来の役割は`重要な*文書*を保管する`ことだった。","2023/9/9 7:15","2024/7/1 3:22"
378,378,"`People with a large *vocabulary*` may experience more success in the workplace.","`*語彙*の豊富な人`は職場でより大きな成功を収めるかもしれない。","2023/9/9 7:15","2024/7/1 3:24"
379,379,"Many people take pride in being called `smart or *intelligent*`.","多くの人は`賢いとか*聡明だ*`と呼ばれることに誇りを抱く。","2023/9/9 7:15","2024/7/1 3:25"
380,380,"They say that more women than men `are *conscious* of their health`.","`自分の健康を*意識して*いる`女性は男性より多いと言われている。","2023/9/9 7:15","2024/7/1 3:26"
381,381,"`Human brains are *capable* of processing information` faster than computers.","`人間の脳は`コンピュータより早く`情報を処理することが*できる*`。","2023/9/9 7:15","2024/7/1 3:27"
382,382,"`*Accurate* weather forecasts` are likely to produce huge economic benefits.","`*正確な*天気予報`は莫大な経済的利益を生む可能性がある。","2023/9/9 7:15","2024/7/1 3:28"
383,383,"The ability to vote is considered `a *fundamental* human right`.","投票できることは`*基本的*人権`だと考えられる。","2023/9/9 7:15","2024/7/1 3:29"
384,384,"Many companies are making advances in `*artificial* intelligence`.","多くの企業が`*人工*知能`において進歩している。","2023/9/9 7:15","2024/7/1 3:30"
385,385,"He has `a *firm* belief` in the existence of aliens.","彼は地球外生物の存在に`*確固たる*信念`を持っている。","2023/9/9 7:15","2024/7/1 3:31"
386,386,"`The *overall* cost of the project` was more than we expected.","`プロジェクトの*総*費用`は私たちの予想以上であった。","2023/9/9 7:15","2024/7/1 3:32"
387,387,"Some seniors are enjoying their `*rural* life`.","`*田舎の*生活`を楽しんでいる高齢者がいる。","2023/9/9 7:15","2024/7/1 3:39"
388,388,"One important `*military* use of parachutes` is for dropping cargo.","`パラシュートの`重要な`*軍事的*使用法`の1つは2を糖化することである。","2023/9/9 7:15","2024/7/1 3:40"
389,389,"Germany decided to gradually stop using `*nuclear* energy`.","ドイツは`*原子*力`の使用を徐々にやめることを決定した。","2023/9/9 7:15","2024/7/1 3:40"
390,390,"Generally speaking, every organism has `a  *biological* clock`.","一般的に言えば、あらゆる生き物は`*生物*時計`を有している。","2023/9/9 7:15","2024/7/1 3:41"
391,391,"`The *constant* light in the city` is useful for preventing crimes.","`都市における*絶え間ない*明かり`は犯罪を防ぐのに役立つ。","2023/9/9 7:15","2024/7/1 3:42"
392,392,"Many cities are facing `the *severe* conditions of air pollution`.","多くの都市が`大気汚染という*厳しい*状況`に直面している。","2023/9/9 7:15","2024/7/1 3:43"
393,393,"We process `*visual* information` in the back of our brains.","私たちは脳の後部で`*視覚*情報`を処理する。","2023/9/9 7:15","2024/7/1 3:45"
394,394,"Human activity `has an *enormous* effect` on the natural environment.","人間の活動は自然環境に`*莫大な*影響を及ぼす`。","2023/9/9 7:15","2024/7/1 3:46"
395,395,"`Online shopping is *convenient*` for buying things these days.","今日、`オンラインショッピングは`ものを買うのに`*便利で*ある`。","2023/9/9 7:15","2024/7/1 3:47"
396,396,"The couple received counseling to deal with their `*domestic* troubles`.","その夫婦は`*家庭内の*もめ事`を解決するためにカウンセリングを受けた。","2023/9/9 7:15","2024/7/1 3:48"
397,397,"The recent economic depression has created `*mass* employment`.","最近の経済不況は`*大量*失業`を生んだ。","2023/9/9 7:15","2024/7/1 3:48"
398,398,"`*Typical* Hollywood movies` feature big name actors.","`*典型的な*ハリウッド映画`は大物俳優を主役にする。","2023/9/9 7:15","2024/7/1 3:49"
399,399,"Japanese people can easily `travel *overseas*` if the yen is strong.","円高であれば、日本人は容易に`*海外へ*旅行する`ことができる。","2023/9/9 7:15","2024/7/1 3:50"
400,400,"A watch `is tiny but *nevertheless* useful`.","腕時計は`小さいが、*それにもかかわらず*役に立つ`。","2023/9/9 7:15","2024/7/1 3:51"
401,401,"The book `*demonstrates* that education shapes the society`.","その本は`教育が社会を作るということを*論証している*`。","2023/9/9 7:15","2024/7/4 10:16"
402,402,"She knows how to `*behave* in a polite manner` at a restaurant.","彼女はレストランでどのように`礼儀正しく*振る舞う*`べきかを知っている。","2023/9/9 7:15","2024/7/4 10:17"
403,403,"Zoos offer an opportunity to `*educate* children` about wild animals.","動物園は野生動物に関して`子どもたちを*教育する*`機会を与える。","2023/9/9 7:15","2024/7/4 10:19"
404,404,"You can `*purchase* airline tickets` online.","オンラインで`航空券を*買う*`ことができる。","2023/9/9 7:15","2024/7/4 10:19"
405,405,"The doctor `*recommended* that she eat more meat and eggs`.","医師は`彼女が肉と卵をもっと食べるように*勧めた*`。","2023/9/9 7:15","2024/7/4 10:20"
406,406,"I `*admitted* that I lost my father’s favorite watch`.","私は`父のお気に入りの時計をなくしたことを*認めた*`。","2023/9/9 7:15","2024/7/4 10:21"
407,407,"The manager sold the office building to `*generate* income` for the company.","その経営者は会社の`利益を*生み出す*`ために社屋を売却した。","2023/9/9 7:15","2024/7/4 10:22"
408,408,"The scientist `*explored* the subject of clean energy` in his research.","その科学者は彼の研究において`クリーンエネルギーのテーマを*探求した*`。","2023/9/9 7:15","2024/7/4 10:23"
409,409,"The soprano’s `beautiful voice *amazed* the audience.`","そのソプラノ歌手の`美しい歌声は聴衆を*びっくりさせた*`。","2023/9/9 7:15","2024/7/4 10:24"
410,410,"The baby `*tore* part of the letter` he was playing with.","その赤ん坊はいじくっていた`手紙の一部を*引き裂いた*`。","2023/9/9 7:15","2024/7/4 10:25"
411,411,"You should find a lawyer to `*settle* the legal problem`.","君は弁護士を見つけて`その法律問題を*解決する*`べきだ。","2023/9/9 7:15","2024/7/4 10:26"
412,412,"I `cannot *afford* to buy luxurious goods`.","私は`贅沢品を買う*余裕*がない`。","2023/9/9 7:15","2024/7/4 10:27"
413,413,"We `*concluded* that our new sales plan is better than our old one`.","私たちは`新しい販売計画は以前のものよりもよいと*結論づけた*`。","2023/9/9 7:15","2024/7/4 10:28"
414,414,"They `*advertise* their new computer games` online.","彼らは`自社の新しいコンピュータゲームを`オンライン上で`*宣伝している*`。","2023/9/9 7:15","2024/7/4 10:29"
415,415,"You may `*encounter* unfamiliar things` in a new environment.","人は新しい環境で`未知のものごとに*遭遇する*`こともある。","2023/9/9 7:15","2024/7/4 10:30"
416,416,"The song always `*reminds* me of the good old days`.","その歌はいつも`私に古き良き時代を*思い出させる*`。","2023/9/9 7:15","2024/7/4 10:31"
417,417,"The library `is *located* on the main street`.","図書館は`大通りに*位置して*いる`。","2023/9/9 7:15","2024/7/4 10:32"
418,418,"Many people sent supplies to `*aid* disaster victims`.","`被災者を*援助する*`ために多くの人が救援物資を送った。","2023/9/9 7:15","2024/7/4 10:33"
419,419,"A magazine `*ranked* the hotel as the city’s best`.","ある雑誌は`そのホテルを市の最高のものと*位置づけた*`。","2023/9/9 7:15","2024/7/4 10:36"
420,420,"`A big dog *bit* my leg` when I was a child.","私が子どものころ`大きな犬が私の脚に*噛みついた*`。","2023/9/9 7:15","2024/7/4 10:37"
421,421,"He `*delivers* packages` every day regardless of the weather.","天気にかかわらず、彼は毎日`小包を*配達する*`。","2023/9/9 7:15","2024/7/4 10:38"
422,422,"He `*perceived* a slight change` in her attitude.","彼は彼女の態度の`微妙な変化に*気がついた*`。","2023/9/9 7:15","2024/7/4 10:39"
423,423,"We sometimes fail to `*distinguish* the copies from the originals`.","私たちは時々`写しを原本と*区別し*`損なう。","2023/9/9 7:15","2024/7/4 10:40"
424,424,"The boy’s `body language *implied* that he did not want to go` to school today.","その少年の`ボディーランゲージは`今日学校に`行きたくないことを*暗に意味していた*`。","2023/9/9 7:15","2024/7/4 10:41"
425,425,"The lawyer `has *handled* his difficult court cases` properly.","その弁護士は`難しい訴訟を`適切に`*処理してきた*`。","2023/9/9 7:15","2024/7/4 10:42"
426,426,"His mother would often `*praise* him for his good school performance`.","彼の母は`学校の成績が良いことで`よく`彼を*称賛し*`たものだ。","2023/9/9 7:15","2024/7/4 10:43"
427,427,"Japanese farmers `have *appealed* to the government` for protection from free trade.","日本の農家の人たちは自由貿易からの保護を求めて`政府に*訴えた*`。","2023/9/9 7:15","2024/7/4 10:44"
428,428,"He `*insisted* on walking to school by himself`.","彼は`ひとりで学校に歩いて行くと*主張した*`。","2023/9/9 7:15","2024/7/4 10:45"
429,429,"Low-cost airlines in Japan will `*compete* with their rivals` in Europe.","日本の格安航空会社はヨーロッパの`競合他社と*競争する*`ことになる。","2023/9/9 7:15","2024/7/4 10:46"
430,430,"The politician `*denied* having made such a statement`.","その政治家は`そのような発言をしたことを*否定した*`。","2023/9/9 7:15","2024/7/4 10:47"
431,431,"She `*rejected* the job offer` due to its low pay.","彼女は低い賃金のために`その仕事の申し出を*拒否した*`。","2023/9/9 7:15","2024/7/4 10:48"
432,432,"She `*intends* to go to bed early` tonight.","彼女は今晩`早く寝る*つもりである*`。","2023/9/9 7:15","2024/7/4 10:49"
433,433,"`*Exposing* your body to sunlight` increases the risk of skin cancer.","`日光に身体を*曝すこと*`は皮膚癌になる危険を増大させる。","2023/9/9 7:15","2024/7/4 10:50"
434,434,"More than half of the residents `*favor* the plan` to rebuild their apartment.","住民の半分以上が彼らのアパートを改築する`計画に*賛成している*`。","2023/9/9 7:15","2024/7/4 10:51"
435,435,"Doing volunteer activities can `*inspire* people to help others`.","ボランティア活動をすることは、`他人を助けるように人を*奮起させ*`得る。","2023/9/9 7:15","2024/7/4 10:52"
436,436,"He `*proposed* that the company introduce energy-saving equipment` to the office.","彼は`会社が省エネ設備を`事務所に`導入することを*提案した*`。","2023/9/9 7:15","2024/7/4 10:53"
437,437,"`*Spelling* a search term wrongly` may give you unwanted results.","`検索語を間違って*つづること*`は求められていない結果を生むことになるかもしれない。","2023/9/9 7:15","2024/7/4 10:54"
438,438,"`*Breathe* deeply` to relax.","`深*呼吸して*`リラックスしなさい。","2023/9/9 7:15","2024/7/4 10:55"
439,439,"I’ll have someone `*repair* my computer` as soon as possible.","できるだけ早く誰かに`コンピュータを*修理して*`もらうよ。","2023/9/9 7:15","2024/7/4 10:56"
440,440,"British society `*consists* of a variety of cultures`.","イギリス社会は`多様な文化から*なる*`。","2023/9/9 7:15","2024/7/4 10:57"
441,441,"`Negative *comments* on an online review site` may hurt businesses’ reputations.","`インターネットのレビューサイト上の否定的な*意見*`は企業の評判を損なう恐れがある。","2023/9/9 7:15","2024/7/4 10:58"
442,442,"You don’t always have to `follow your boss’s *instructions*`.","常に`上司の*指示*に従`う必要はない。","2023/9/9 7:15","2024/7/4 10:59"
443,443,"More and more people say they do not `believe in *religion*`.","`*宗教*を信じ`ないという人が増えている。","2023/9/9 7:15","2024/7/4 11:00"
444,444,"Both my parents grew up `in a poor *neighborhood*`.","私の両親はともに`貧しい*地域*で`育った。","2023/9/9 7:15","2024/7/4 11:01"
445,445,"The temperature is kept constant inside `the biology *laboratory*`.","`生物学*実験室*`の中では温度が一定に保たれている。","2023/9/9 7:15","2024/7/4 11:02"
446,446,"`The *presence* of friends` makes your life more pleasant.","`友人の*存在*`は人生をより楽しくする。","2023/9/9 7:15","2024/7/4 11:03"
447,447,"The teacher’s praise for her schoolwork `strengthened her *confidence*`.","彼女の学業に対する教師の称賛が`彼女の*自信*を強めた`。","2023/9/9 7:15","2024/7/4 11:04"
448,448,"The dry weather `has caused serious *harm* to the crops`.","乾燥した天気は`作物に深刻な*害*を引き起こした`。","2023/9/9 7:15","2024/7/4 11:05"
449,449,"People in the over-70 `age *category*` pay less at the hospital.","70才以上の`年齢*区分*`に入る人は、病院での支払が少ない。","2023/9/9 7:15","2024/7/4 11:07"
450,450,"The doctor created a number of useful `medical instruments`.","その医師は数多くの有用な`医療*器具*`を開発した。","2023/9/9 7:15","2024/7/4 11:07"
451,451,"Some companies in western countries have `foreign *capital*` in Asia.","西洋諸国のいくつかの会社はアジアに`外*資*`を持っている。","2023/9/9 7:15","2024/7/4 11:08"
452,452,"Many people watched the news for `the *outcome* of the trial`.","多くの人が`その裁判の*結果*`のニュースを見た。","2023/9/9 7:15","2024/7/4 11:09"
453,453,"He considers `the *notion* of peace` as the absence of war.","彼は`平和の*概念*`を戦争のない状態として捉えている。","2023/9/9 7:15","2024/7/6 0:42"
454,454,"I read `his *review* of the newly published book`.","私は`その新刊書についての彼の*論評*`を読んだ。","2023/9/9 7:15","2024/7/6 0:43"
455,455,"She `bears physical *traits*` common to the general Japanese population.","彼女は一般的日本人に共通する`身体的*特徴*を備えている`。","2023/9/9 7:15","2024/7/6 0:44"
456,456,"`Racial *diversity*` is a major part of American society.","`人種的*多様性*`はアメリカ社会の主要な一部である。","2023/9/9 7:15","2024/7/6 0:45"
457,457,"They have been working to `aid *victims* injured by war`.","彼らは戦争で負傷した`*犠牲者*を援助する`ために活動してきている。","2023/9/9 7:15","2024/7/6 0:46"
458,458,"I have met him `on two separate *occasions*`.","私は`別々の*とき*に2度`彼にあったことがある。","2023/9/9 7:15","2024/7/6 0:47"
459,459,"The city has decided to increase the number of its `day care facilities`.","市は`デイケア*施設*`の数を増やすことに決めた。","2023/9/9 7:15","2024/7/6 0:47"
460,460,"The store held a clearance sale to `reduce their old *stock*`.","その店は`古い*在庫品*を減らす`ために在庫一掃セールを行った。","2023/9/9 7:15","2024/7/6 0:48"
461,461,"I am leaving for Atlanta tomorrow to `attend the international *conference*`.","私は`国際*会議*に出席する`ため明日アトランタに向けて出発する。","2023/9/9 7:15","2024/7/6 0:49"
462,462,"`*Humanity* is now faced with many environmental problems`.","`*人類*は今や多くの環境問題に直面している`。","2023/9/9 7:15","2024/7/6 0:50"
463,463,"The men learned a new `regional *dialect*` after moving into the counrryside.","その男性は地方に引っ越したあと、新しい`地域*方言*`を学んだ。","2023/9/9 7:15","2024/7/6 0:51"
464,464,"`A high *proportion* of the younger population` reads no newspapers at all.","`若い世代の高い*割合*`が新聞を全く読まない。","2023/9/9 7:15","2024/7/6 0:52"
465,465,"I will `give you a useful *tip*`: be honest to yourself.","`君に役立つ*アドバイス*をあげる`よ。自分に正直であれということだ。","2023/9/9 7:15","2024/7/6 0:53"
466,466,"He `consulted a *lawyer*` to discuss filing a lawsuit.","彼は訴訟を起こすことを検討するために`*弁護士*に相談した`。","2023/9/9 7:15","2024/7/6 0:54"
467,467,"She keeps `her personal *stuff*` in the cabinet in her office.","彼女は事務所の戸棚の中に`私*物*`を保管している。","2023/9/9 7:15","2024/7/6 0:55"
468,468,"He has been living `in *comfort* and safety` since his retirement.","彼は引退以来ずっと`*快適*で安全に`暮らしている。","2023/9/9 7:15","2024/7/6 0:56"
469,469,"The student `took the class of modern *philosophy*` just for fun.","その学生は単に楽しみのために`現代*哲学*の授業を取った`。","2023/9/9 7:15","2024/7/6 0:57"
470,470,"`Most *mammals* including human beings` can maintain their body temperature naturally.","`人間を含むたいていの*哺乳動物*`は自然に体温を保つことができる。","2023/9/9 7:15","2024/7/6 0:58"
471,471,"Burning jet fuel releases `vast *quantities* of carbon dioxide`.","ジェット燃料の燃焼は`大*量*の二酸化炭素`を放出する。","2023/9/9 7:15","2024/7/6 0:59"
472,472,"The colorful flowers add much beauty to `the rural *landscape*`.","色彩豊かな花々が`田舎の*風景*`に多くの美を添える。","2023/9/9 7:15","2024/7/6 1:00"
473,473,"For `Native American *tribes*`, lacrosse games are major events.","`アメリカ先住民の*部族*`にとって、ラクロスの試合は大きな行事である。","2023/9/9 7:15","2024/7/6 1:01"
474,474,"`The brain is the most advanced *organ*` in the known universe.","`脳は`既知の宇宙において`最も進歩した*器官*である`。","2023/9/9 7:15","2024/7/6 1:04"
475,475,"Singapore has started `the world’s first public *trial*` of the robo-taxi service.","シンガポールはロボットタクシー運行業務の`世界初の公開*試験*`を始めた。","2023/9/9 7:15","2024/7/6 1:06"
476,476,"You are expected to adapt to changes in `social *norms*`.","`社会*規範*`の変化に順応することが求められている。","2023/9/9 7:15","2024/7/6 1:07"
477,477,"The local restaurants has `a formal dress *code*`.","その地元のレストランは`正式な服装*規定*`がある。","2023/9/9 7:15","2024/7/6 9:28"
478,478,"Drinking water must be clean and free from `harmful *substances*`.","飲料水は清潔で、`有害*物質*`なしでなければならない。","2023/9/9 7:15","2024/7/6 9:29"
479,479,"The student searched `*multiple* information sources` for his project.","その学生は自分の研究課題のために`*多様な*情報源`を検索した。","2023/9/9 7:15","2024/7/6 9:30"
480,480,"Kyoto is an old capital city with `*numerous* temples and shrines`.","京都は`*非常に多くの*寺や神社`があることである。","2023/9/9 7:15","2024/7/6 9:31"
481,481,"The temperature varies only `within a *narrow* range` in a cave.","洞窟の中では気温は`*狭い*範囲内で`しか変動しない。","2023/9/9 7:15","2024/7/6 9:32"
482,482,"My mother had trouble washing out `a *widespread* stain on my T-shirt`.","母は`私のTシャツについた*広範囲の*シミ`を落とすのに苦労した。","2023/9/9 7:15","2024/7/6 9:33"
483,483,"My new house doesn’t have `the *sufficient* space` to place all my furniture.","私の新しい家にはすべての家具を置くための`*十分な*スペース`がない。","2023/9/9 7:15","2024/7/6 9:34"
484,484,"We should `take *proper* measures` to prevent accidents on highways.","私たちは幹線道路での事故を防ぐために`*適切な*対策`を取るべきである。","2023/9/9 7:15","2024/7/6 9:35"
485,485,"Translators apply their general and `*linguistic* knowledge`.","翻訳者は自らの一般知識と`*言語の*知識を`用いる。","2023/9/9 7:15","2024/7/6 9:36"
486,486,"`My *annual* medical checkup` is coming up soon.","`*年に一度の*健康診断`がもうすぐやってくる。","2023/9/9 7:15","2024/7/6 9:37"
487,487,"If you prefer `*contemporary* art`, you should visit Tate Modern.","`*現代*美術`が好みなら、テートモダン美術館を訪れるべきだ。","2023/9/9 7:15","2024/7/6 9:38"
488,488,"`*Contrary* to his expectations`, the exam was very hard.","`彼の期待に*反して*`、その試験はとても難しかった。","2023/9/9 7:15","2024/7/6 9:39"
489,489,"Australia `has taken *strict* measures` against illegal imports.","オーストラリアは不正輸入に対して`*厳しい*対策を取ってきた`。","2023/9/9 7:15","2024/7/6 9:40"
490,490,"The U.S. Supreme Court often makes decisions concerning `*civil* rights`.","合衆国最高裁判所はしばしば`*公民*権`に関わる判断を下す。","2023/9/9 7:15","2024/7/6 9:41"
491,491,"The teacher told his students *some odd facts about world history*.","その教師は生徒たちに`世界史に関するいくつかの*奇妙な*事実`を伝えた。","2023/9/9 7:15","2024/7/6 9:41"
492,492,"`The cause` of the accident `is still *unknown*`.","その事故の`原因はいまだに*不明で*ある`。","2023/9/9 7:15","2024/7/6 9:42"
493,493,"It is not easy to determine which kinds of art `are *superior* to others`.","どの種類の芸術が`ほかのもの*より優れて*いる`かを決めるのは容易ではない。","2023/9/9 7:15","2024/7/6 9:43"
494,494,"`My teeth are` extremely `*sensitive* to cold things`.","`私の歯は冷たいものに`極めて`*敏感*である`。","2023/9/9 7:15","2024/7/6 9:44"
495,495,"It is said that `American football is a *violent* sport`.","`アメフトは*激しい*スポーツである`といわれている。","2023/9/9 7:15","2024/7/6 9:45"
496,496,"`*Virtual* reality` goggles make you unaware of your actual surroundings.","`*仮想*現実`ゴーグルを掛けると、実際の周囲の状況に気づかなくなる。","2023/9/9 7:15","2024/7/6 9:46"
497,497,"The opportunity to work in all careers should be equal `*regardless* of gender`.","あらゆる職業において働く機会は`性別に*かかわらず*`均等であるべきである。","2023/9/9 7:15","2024/7/6 9:47"
498,498,"He gave us `an *immediate* answer` on the matter.","彼は私たちにその問題に関して`*即*答`した。","2023/9/9 7:15","2024/7/6 9:48"
499,499,"`It is *crucial* that you are very careful` when checking documents.","書類を確認する際は`非常に注意することが*重要で*ある`。","2023/9/9 7:15","2024/7/6 9:48"
500,500,"I’ll `be *somewhat* late` for your birthday party on Friday.","私は金曜日のあなたの誕生日パーティーに`*少し*遅れます`。","2023/9/9 7:15","2024/7/6 9:49"
501,501,"We often `*interpret* dreams as a reflection of our true thoughts`.","私たちは`夢を自分自身の本心の現れとして*解釈する*`ことが多い。","2023/9/9 7:15","2024/7/7 8:27"
502,502,"She `*translated* an English essay into French` with ease.","彼女は`英語のエッセイを`容易に`フランス語に*翻訳した*`。","2023/9/9 7:15","2024/7/7 8:28"
503,503,"In a quiet library I can `*concentrate* on studying`.","静かな図書館で私は`勉強に*集中する*`ことができる。","2023/9/9 7:15","2024/7/7 8:29"
504,504,"The flight attendant `*requested* all the passengers to remain seated`.","客室乗務員は`乗客全員に座ったままでいるように*求めた*`。","2023/9/9 7:15","2024/7/7 8:30"
505,505,"Employees `*criticized* the company president for poor management`.","従業員たちは`下手な経営を理由に社長を*批判した*`。","2023/9/9 7:15","2024/7/7 8:31"
506,506,"He managed to `*overcome* his money problems`.","彼はなんとか`自らの金銭問題を*克服し*`た。","2023/9/9 7:15","2024/7/7 8:32"
507,507,"After graduation, he `*obtained* a position` in a large company.","卒業後、彼は大手企業で`職を*得た*`。","2023/9/9 7:15","2024/7/7 8:32"
508,508,"Please `*inform* us of any change` in your plan.","計画の`どんな変更も我々にお*知らせ`*ください。","2023/9/9 7:15","2024/7/7 8:33"
509,509,"Please `*ensure* that your safety belts are fastened`.","`*確実に*安全ベルトが締まっているように*して*`ください。","2023/9/9 7:15","2024/7/7 8:34"
510,510,"The government `*announced* a new policy` on agriculture.","政府は農業に関する`新しい政策を*発表した*`。","2023/9/9 7:15","2024/7/7 8:35"
511,511,"A fingerprint scanner can be used to `*grant* employees access to certain areas`.","指紋スキャナーは`社員にある区域への立ち入り権を*与える*`のに使うことができる。","2023/9/9 7:15","2024/7/7 8:36"
512,512,"When `water in the ocean *freezes*`, layers of ice may form.","`海水が*凍る*`とき、氷の層が形成されることもある。","2023/9/9 7:15","2024/7/7 8:37"
513,513,"Many voters `*opposed* the current law`.","多くの有権者は`現行法に*反対した*`。","2023/9/9 7:15","2024/7/7 8:38"
514,514,"`Humans *differ* from other animals` mostly due to their large brains.","`人間は`主としてその大きな脳のために`ほかの動物と*異なる*`。","2023/9/9 7:15","2024/7/7 8:39"
515,515,"My sister `*hates* to practice the piano every day`.","私の妹は`毎日ピアノの練習をするのを*ひどく嫌う*`。","2023/9/9 7:15","2024/7/7 8:40"
516,516,"Ecologists `are *emphasizing* the need` to protect the environment.","生態学者は自然環境を保護する`必要性を*強調している*`。","2023/9/9 7:15","2024/7/7 8:41"
517,517,"The research center now `*employs* more than 100 scientists`.","その研究センターは現在`100人以上の科学者を*雇っている*`。","2023/9/9 7:15","2024/7/7 8:42"
518,518,"Her colleagues `*credit* her success to her skill` at blocking computer hackers.","彼女の同僚は`彼女の成功を`コンピュータハッカーの阻止に関する`彼女の技術の*おかげだと思っている*`。","2023/9/9 7:15","2024/7/7 8:43"
519,519,"Solar panels `*transform* the sun’s energy into electricity`.","太陽電池パネルは`太陽エネルギーを電力に*変える*`。","2023/9/9 7:15","2024/7/7 8:44"
520,520,"The city plans to `*construct* new public transportation facilities`.","市は`新しい公共輸送施設を*建設する*`計画である。","2023/9/9 7:15","2024/7/7 8:45"
521,521,"Social problems may `*arise* from cultural differences`.","社会問題は`文化的な相違から*生じる*`こともある。","2023/9/9 7:15","2024/7/7 8:46"
522,522,"Tim hopes to `*beat* last year’s champion` in the next game.","ティムは次の試合で`昨年の優勝者を*打ち負かし*`たいと思っている。","2023/9/9 7:15","2024/7/7 8:53"
523,523,"The lawyer `*regrets* having been unable to help` his client.","その弁護士は依頼人を`助けられなかったことを*悔やんでいる*`。","2023/9/9 7:15","2024/7/7 8:54"
524,524,"An increase in foreigners may `*alter* a country’s traditional identity`.","外国人の増加は`国の伝統的な独自性を*変える*`かもしれない。","2023/9/9 7:15","2024/7/7 8:55"
525,525,"The new T-shirt `*absorbs* sweat` and dries fast.","その新しいTシャツは`汗を*吸収して*`速く乾く。","2023/9/9 7:15","2024/7/7 8:56"
526,526,"They `were *disappointed* with the poor service` of the restaurant.","彼らはそのレストランの`お粗末なサービスに*失望した*`。","2023/9/9 7:15","2024/7/7 8:57"
527,527,"Advanced medical techniques may `*cure* certain types of cancer`.","先進医療技術は`ある種の癌を*治す*`ことがある。","2023/9/9 7:15","2024/7/7 8:58"
528,528,"Ships are used to `*transport* most of the world’s commercial goods`.","船は`世界の商品の大半を*輸送する*`のに用いられる。","2023/9/9 7:15","2024/7/7 8:59"
529,529,"The ambulance `*rushed* to the scene of the accident` to help the man.","救急車はその男性を助けるために`事故現場に*急行した*`。","2023/9/9 7:15","2024/7/7 8:59"
530,530,"He `*hung* his jacket on the back of his chair`.","彼は`椅子の背に自分の上着を*掛けた*`。","2023/9/9 7:15","2024/7/9 1:40"
531,531,"We often  `*blame* a politician for having made a careless remark`.","私たちは`不注意な発言をしたことで`よく`政治家を*責める*`。","2023/9/9 7:15","2024/7/9 1:45"
532,532,"Today, many restaurants `*ban* smoking inside`.","今日、多くのレストランが`店内での喫煙を*禁止している*`。","2023/9/9 7:15","2024/7/9 1:48"
533,533,"`Picasso’s paintings have` long `*fascinated* people` in the world.","`ピカソの絵画は`長い間世界の`人々を*魅了してきた*`。","2023/9/9 7:15","2024/7/9 1:50"
534,534,"John used Chinese medicine to `*recover* from his injuries`.","`けがから*回復する*`ためにジョンは漢方医学を使った。","2023/9/9 7:15","2024/7/9 1:51"
535,535,"My parents `*celebrated* their 25th wedding anniversary` in December.","私の両親は12月に`結婚25周年を*祝った*`。","2023/9/9 7:15","2024/7/9 1:52"
536,536,"The electronics company `*manufactures* large quantities of smartphones`.","その電子機器会社は`大量のスマートフォンを*製造している*`。","2023/9/9 7:15","2024/7/9 1:53"
537,537,"Ecologists study how `organisms *interact* with their environment`.","生態学者は`生物が`どのように`自らの環境と*影響し合っている*`かを研究する。","2023/9/9 7:15","2024/7/9 1:54"
538,538,"She `*arranged* a surprise party` for her daughter.","彼女は娘のための`サプライズパーティーの*段取りを付けた*`。","2023/9/9 7:15","2024/7/9 1:55"
539,539,"The chef `*adjusted* the seasoning` just before serving the soup.","シェフはスープを出す直前に`味付けを*調整した*`。","2023/9/9 7:15","2024/7/9 1:56"
540,540,"The postal worker `*confirmed* my identity` before handing me the express letter.","その郵便局員は速達の手紙を私に渡す前に`私の身元を*確認した*`。","2023/9/9 7:15","2024/7/9 1:57"
541,541,"The research gave him `new *insights* into human behaviour`.","その研究は`人間の行動に対する新たに*見識*`を彼に与えた。","2023/9/9 7:15","2024/7/9 1:58"
542,542,"We can use the Internet anywhere thanks to `technological *innovations*`.","私たちは`技術*革新*`のおかげでどこでもインターネットを使うことができる。","2023/9/9 7:15","2024/7/9 1:59"
543,543,"The public library was closed on account of `*budget* cuts`.","その公立図書館は`*予算*削減`のために閉鎖された。","2023/9/9 7:15","2024/7/9 2:00"
544,544,"On weekends, the City Museum reduces `the entrance *fee*` for children.","終末に、市博物館は子どもの`入館*料*`を下げる。","2023/9/9 7:15","2024/7/9 2:01"
545,545,"The manager aims to `cut down personnel *expenses*`.","その経営者は`人件*費*を削減し`ようとしている。","2023/9/9 7:15","2024/7/9 2:02"
546,546,"I am `500,000 yen in *debt*` to my parents.","私は両親に`50万円の*借金*がある`。","2023/9/9 7:15","2024/7/9 2:03"
547,547,"He spent ten years `paying back the bank *loan*`.","彼は`銀行の*貸付金*を返済する`のに10年を費やした。","2023/9/9 7:15","2024/7/9 2:04"
548,548,"He was blamed for not `doing his *duty*` as a parent.","彼は親としての`*義務*を果たさ`ないことで責められた。","2023/9/9 7:15","2024/7/9 2:05"
549,549,"When she heard a strange sound, she `looked around in *alarm*`.","彼女は奇妙な物音を聞いたとき、`*不安*を感じて辺りを見回した`。","2023/9/9 7:15","2024/7/9 2:05"
550,550,"You need to know what to do `in an *emergency*`.","君は`*緊急*の場合に`どうすべきかを知っておく必要がある。","2023/9/9 7:15","2024/7/9 2:06"
551,551,"Majority rule is `the basic principle of *democracy*`.","多数決原理は`*民主主義*の基本原則`である。","2023/9/9 7:15","2024/7/9 2:07"
552,552,"`The Prime *Minister*`’s explanations were sometimes inconsistent.","`総理*大臣*`の説明はときに首尾一貫していなかった。","2023/9/9 7:15","2024/7/9 2:08"
553,553,"You should `get along with your *fellows* at work`.","`職場の*同僚*とうまくやっていく`べきである。","2023/9/9 7:15","2024/7/9 2:09"
554,554,"Today she interviewed `four *candidates* for the new position`.","今日、彼女は`新しい職に対する4人の*候補者*`を面接した。","2023/9/9 7:15","2024/7/10 2:10"
555,555,"`Giant *corporations*` control the worldwide industry of computer services.","`巨大*企業*`が世界中のコンピュータサービス産業を支配している。","2023/9/9 7:15","2024/7/10 2:12"
556,556,"Most foreigners `have a positive *stereotype*` of Japan.","たいていの外国人は、日本に対して`肯定的な*固定観念*を持っている`。","2023/9/9 7:15","2024/7/10 2:13"
557,557,"The GPS can plan `the best *route* for the driver`.","GPSは`運転者にとっての最善の*道筋*`を計画することができる。","2023/9/9 7:15","2024/7/10 2:14"
558,558,"Normal human emotions like temporary sadness are sometimes treated as `mental *disorders*`.","一時的な悲しみのような通常の人間的感情が、ときに`精神*障害*`と見なされる。","2023/9/9 7:15","2024/7/10 2:15"
559,559,"Experts say that aerobic exercise `reduces stress and *depression*`.","専門家は有酸素運動が`ストレスや*憂鬱*を軽減する`という。","2023/9/9 7:15","2024/7/10 2:16"
560,560,"Several international treaties ban the use of `biological and chemical *weapons*`.","いくつかの国際条約が`生物・化学*兵器*`の使用を禁じている。","2023/9/9 7:15","2024/7/10 2:17"
561,561,"Labor shortages were the main driving force of `*immigration* from other countries`.","労働力不足は`他国からの*移民*`の主要な推進力であった。","2023/9/9 7:15","2024/7/10 2:18"
562,562,"They finally `overcame the language *barrier*` against each other.","彼らはついにお互いの`言語の*障壁*を克服した`。","2023/9/9 7:15","2024/7/10 2:19"
563,563,"Poor children tend to `suffer educational and social *disadvantages*`.","貧しい子どもたちは`教育的・社会的*不利*を被る`傾向がある。","2023/9/9 7:15","2024/7/10 2:20"
564,564,"Today, I `am in the *mood* for an Italian meal`.","今日は`イタリア料理の*気分*だ`。","2023/9/9 7:15","2024/7/10 2:20"
565,565,"Exercise may improve `your body’s range of *motion*`.","運動は`身体の可*動*域`を改善しうる。","2023/9/9 7:15","2024/7/10 2:21"
566,566,"You need an occasional break from `your daily *routine*`.","あなたは`*決まり切った*日々の*仕事*`からときには一休みが必要だ。","2023/9/9 7:15","2024/7/10 2:22"
567,567,"Teachers often deal with the `*discipline* problems of their students`.","教師はよく`生徒の*しつけ*の問題`に対処する。","2023/9/9 7:15","2024/7/10 2:23"
568,568,"It is `a total *myth*` that men are better drivers than women.","男性が女性より車の運転が上手であるというのは`全くの*作り話*`である。","2023/9/9 7:15","2024/7/10 2:24"
569,569,"The scientist `developed a logical *hypothesis*` for his next experiment.","その科学者は彼の次の実験のために`論理的な*仮説*を立てた`。","2023/9/9 7:15","2024/7/10 2:25"
570,570,"`The *physician* at the hospital` has special knowledge of food allergies.","`その病院のその*医師*`は食物アレルギーについて特別な知識を持っている。","2023/9/9 7:15","2024/7/10 2:26"
571,571,"She had `a business meeting with an important *client*`.","彼女は`重要な*顧客*との商談`を持った。","2023/9/9 7:15","2024/7/10 2:27"
572,572,"In `former British *colonies*` such as Australia, they drive on the left.","オーストラリアなどの`かつてのイギリス*植民地*`では、車は左側を走行する。","2023/9/9 7:15","2024/7/10 2:28"
573,573,"`*Statistics* show that school uniforms have positive effects` on students’ behaviour.","`学校の制服が`生徒の行動に`プラスの効果を及ぼすことを*統計*は示す`。","2023/9/9 7:15","2024/7/10 2:29"
574,574,"Dr. Willett recommends `eating whole *grains* for breakfast`.","うぃれっと博士は`全粒*穀物*を朝食に食べること`を勧める。","2023/9/9 7:15","2024/7/10 2:31"
575,575,"He wanted to know the calories and `the *ingredients* of the dish`.","彼は`その料理の`カロリーと`*材料*`を知りたがった。","2023/9/9 7:15","2024/7/10 2:32"
576,576,"The painting of Christ in the museum is `a national *treasure*`.","その美術館にあるキリストの絵画は`*国宝*`である。","2023/9/9 7:15","2024/7/10 2:32"
577,577,"He has made `a three-year *contract* with a professional soccer team`.","彼は`プロサッカーチームとの3年*契約*`を結んだ。","2023/9/9 7:15","2024/7/10 2:33"
578,578,"The local government in our city is concerned with `child *welfare*`.","私たちの市の地方自治体は`児童*福祉*`を重視している。","2023/9/9 7:15","2024/7/10 2:34"
579,579,"Staring at your computer monitor is `the *prime* cause` of dry eye.","コンピュータ画面をじっと見ることはドライアイの`*主要な*原因`である。","2023/9/9 7:15","2024/7/10 2:36"
580,580,"Students should `be *curious* about the world around them`.","学生は`自分の周りに世界に関して*好奇心旺盛で*ある`べきだ。","2023/9/9 7:15","2024/7/11 2:03"
581,581,"The IT industry `has achieved *dramatic* growth` over the past decade.","IT産業は過去10年間に`*劇的な*発展を遂げた`。","2023/9/9 7:15","2024/7/11 2:06"
582,582,"`The four *distinct* seasons` in Japan attract many foreign tourists.","日本の`*明らかに異なる*4つの季節`は多くの外国人旅行者を引きつける。","2023/9/9 7:15","2024/7/11 2:07"
583,583,"Young people *are* often `*anxious* about their future`.","若者はよく`自分の将来を*心配して*いる`。","2023/9/9 7:15","2024/7/11 2:08"
584,584,"A long-term `defense strategy is *vital* to national security`.","長期的な`防衛戦略は国家の安全保障にとって*必要不可欠で*ある`。","2023/9/9 7:15","2024/7/11 2:09"
585,585,"This product is far superior to `*conventional* models`.","この製品は`*従来*型`よりはるかに優れている。","2023/9/9 7:15","2024/7/11 2:10"
586,586,"Human language allows us to talk about `*abstract* concepts`.","人間の言語は私たちが`*抽象的*概念`について語るのを可能にする。","2023/9/9 7:15","2024/7/11 2:11"
587,587,"The mechanic found that there were `*minor* problems` with the car.","整備士はその車に`*ささいな*問題`があるのを見つけた。","2023/9/9 7:15","2024/7/11 2:12"
588,588,"He `has *extraordinary* knowledge` in the area of organic chemistry.","彼は有機化学の分野において`*並外れた*知識を持っている`。","2023/9/9 7:15","2024/7/11 2:13"
589,589,"Fair-trade helps workers in coffee farms `live more *stable* lives`.","フェアトレードはコーヒー農園の労働者が`より*安定した*生活を送る`のを助ける。","2023/9/9 7:15","2024/7/11 2:14"
590,590,"Many IT companies are adopting `*flexible* working hours`.","多くのIT企業は`*融通の利く*勤務時間制`を採用しつつある。","2023/9/9 7:15","2024/7/11 2:15"
591,591,"I have tried to `keep my explanation *brief*`.","私は`自分の説明を*簡潔に*しておこ`うと努めた。","2023/9/9 7:15","2024/7/11 2:16"
592,592,"She has `an *aggressive* attitude` to her junior colleagues.","彼女は職場の後輩に対し`*攻撃的な*態度`を取る。","2023/9/9 7:15","2024/7/11 2:17"
593,593,"The shampoo had `a clearly *visible* effect` on her hair.","そのシャンプーは彼女の髪の毛に`はっきりと*目に見える*効果`があった。","2023/9/9 7:15","2024/7/11 2:18"
594,594,"There was `an *unexpected* delay` in the arrival of my train.","私が乗る列車の到着に`*思いがけない*遅れ`があった。","2023/9/9 7:15","2024/7/11 2:19"
595,595,"Britain is a society with `a rich *ethnic* diversity`.","イギリスは`豊かな*民族的*多様性`を有する社会である。","2023/9/9 7:15","2024/7/11 2:21"
596,596,"Giving a tip at a restaurant is `a habit *alien* to most Japanese people`.","レストランでチップを渡すことは`たいていの日本人にとって*異質の*習慣`である。","2023/9/9 7:15","2024/7/11 2:22"
597,597,"`*Initial* treatment` is crucial for those with breast cancer.","`*初期の*治療`が乳癌にかかった人にとって重大である。","2023/9/9 7:15","2024/7/11 2:23"
598,598,"She tried to make `an *exact* copy of the Mona Lisa`.","彼女は`モナ・リザの*正確な*模写`を描こうとした。","2023/9/9 7:15","2024/7/11 2:24"
599,599,"`The *precise* height of the tower` is 634 meters.","`そのタワーの*正確な*高さ`は634メートルである。","2023/9/9 7:15","2024/7/11 2:25"
600,600,"`The *latter* group` in the experiment showed better results than the other group.","実験の`*後半の*グループ`の方がもう一方のグループよりよい結果を出した。","2023/9/9 7:15","2024/7/11 2:26"
601,601,"She `is *committed* to managing her company`.","彼女は`自分の会社の経営に*専念して*いる`。","2023/9/9 7:15","2024/7/11 2:27"
602,602,"`A good foreign policy *stimulates* the economy`.","`優れた外交政策は経済を*刺激する*`。","2023/9/9 7:15","2024/7/11 2:28"
603,603,"Some say that traveling abroad will `*enhance* your job opportunities`.","海外旅行が`仕事の機会を*増やす*`ことになると言う人がいる。","2023/9/9 7:15","2024/7/11 2:29"
604,604,"I hope to `*pursue* my own interests` at a university.","私は大学で`自分自身の興味を*追求する*`ことを望んでいる。","2023/9/9 7:15","2024/7/11 2:30"
605,605,"Life is decided by how you `*react* to what happens to you`.","人生は`自分の身に起こることに`どう`*反応する*`かによって決定される。","2023/9/9 7:15","2024/7/11 2:31"
606,606,"Most of the audience `*disagreed* with the speaker’s opinions`.","徴収の大半は`演説者の意見に*不賛成であった*`。","2023/9/9 7:15","2024/7/11 2:32"
607,607,"She `*stared* at the unexpected visitor` for a while.","彼女はしばらくの間`その思いがけない訪問者を*じっと見た*`。","2023/9/9 7:15","2024/7/12 2:36"
608,608,"Some of the population is likely to `*abandon* the polluted city`.","住民の一部は`汚染された都市を*見捨てる*`可能性がある。","2023/9/9 7:15","2024/7/12 2:37"
609,609,"He had to `*quit* the job` due to his poor health.","彼は体調不良により`仕事を*辞め*`なくてはならなかった。","2023/9/9 7:15","2024/7/12 2:38"
610,610,"His approach seems to `*capture* the essential characteristics` of visual art.","彼の手法は視覚芸術の`本質的特徴を*捉えている*`ように思える。","2023/9/9 7:15","2024/7/12 2:39"
611,611,"The gallery will `*transfer* one item of its collection to a Tokyo art museum`.","その美術館は`収蔵品の一点を東京の美術館に*移す*`予定である。","2023/9/9 7:15","2024/7/12 2:41"
612,612,"`The high humidity` in this country sometimes `*bothers* foreign visitors`.","この国の`高い湿度は外国人観光客を*悩ませる*`ことがある。","2023/9/9 7:15","2024/7/12 2:42"
613,613,"I managed to `*persuade* her to accept our offer`.","私はなんとか`彼女を*説得して*私たちの申し出を受け入れ*させ*た`。","2023/9/9 7:15","2024/7/12 2:43"
614,614,"I need to `*rent* an apartment` in Osaka.","私は大阪で`マンションの一室を*賃借りする*`必要がある。","2023/9/9 7:15","2024/7/12 2:44"
615,615,"It can be difficult to `*breed* wild animals` in a zoo.","動物園で`野生動物を*繁殖させる*`のは難しいことがある。","2023/9/9 7:15","2024/7/12 4:25"
616,616,"He `*invested* some of his money in high-tech stocks`.","彼は`自分の金の一部をハイテク株に*投資した*`。","2023/9/9 7:15","2024/7/12 4:26"
617,617,"She `*reserved* a flight` for New York three months ahead of time.","彼女は出発日の3ヶ月前にニューヨーク行きの`航空便を*予約した*`。","2023/9/9 7:15","2024/7/12 4:27"
618,618,"The history of Western theater can `be *traced* back to ancient Greece`.","西洋演劇の歴史は`古代ギリシャにまで*遡る*`ことができる。","2023/9/9 7:15","2024/7/12 4:28"
619,619,"The professor `*illustrated* his theory with diagrams`.","教授は`図を使って自身の理論を*説明した*`。","2023/9/9 7:15","2024/7/12 4:29"
620,620,"The doctor `*advised* Ella to avoid eating dairy products`.","医師は`エラに乳製品を取るのを避けるように*忠告した*`。","2023/9/9 7:15","2024/7/12 4:30"
621,621,"It is said that smiles `*convey* many different emotions`.","微笑みは`多くの異なる感情を*伝える*`と言われる。","2023/9/9 7:15","2024/7/12 4:31"
622,622,"To apply for a passport, he `*attached* his photo to the form`.","パスポートを申請するのに、彼は`申請書に写真を*貼り付けた*`。","2023/9/9 7:15","2024/7/12 4:32"
623,623,"She stood up and `*stretched* her arms forward`.","彼女は立ち上がり`両腕を前に*伸ばした*`。","2023/9/9 7:15","2024/7/12 4:34"
624,624,"`Her strange behavior` at the party `*puzzled* us`.","パーティーでの`彼女の奇妙な行動は私たちを*当惑させた*`。","2023/9/9 7:15","2024/7/12 4:35"
625,625,"Humans should never `*disturb* the balance of the natural world`.","人間は決して`自然界のバランスを*かき乱し*`てはならない。","2023/9/9 7:15","2024/7/12 4:36"
626,626,"He drove off the road and `*crashed* into a tree`.","彼の車は道路を外れて`木に*衝突した*`。","2023/9/9 7:15","2024/7/12 4:37"
627,627,"I have no idea how to `*cope* with this problem`.","`この問題に`どう`*対処すれ*`ばよいか私にはまったく分からない。","2023/9/9 7:15","2024/7/12 4:43"
628,628,"The guard didn’t `*permit* us to enter the building`.","守衛は`私たちがビルに入るのを*許さ*`なかった。","2023/9/9 7:15","2024/7/12 4:39"
629,629,"I `was *impressed* by the beautiful view` from the top of the mountain.","私は山頂からの`美しい景色に*感動し*た`。","2023/9/9 7:15","2024/7/12 4:44"
630,630,"I `*suspect* that she told a lie`.","私は`彼女が嘘をついたの*ではないかと思う*`。","2023/9/9 7:15","2024/7/12 4:45"
631,631,"`Don’t *upset* yourself over such a tiny mistake`.","`そんな小さなミスで*動揺し*ないでください`。","2023/9/9 7:15","2024/7/12 4:46"
632,632,"The little girl `was *frightened* by the big dog`.","その小さな女の子は`大きな犬に*おびえ*た`。","2023/9/9 7:15","2024/7/12 4:47"
633,633,"Japan `*imports* most of its energy resources` from other countries.","日本は`エネルギー資源の大半を`他国から`*輸入している*`。","2023/9/9 7:15","2024/7/12 4:48"
634,634,"Japan mainly `*exports* cars and electronic components` to the world.","日本は主に`自動車と電子部品を`世界に`*輸出している*`。","2023/9/9 7:15","2024/7/12 4:51"
635,635,"Many scientists `have *investigated* various types of strange phenomena`.","多くの科学者が`様々なタイプの奇妙な現象を*調査してきた*`。","2023/9/9 7:15","2024/7/12 4:50"
636,636,"People may be `*monitored* by cameras` set all around the city.","人々は市内中に設置された`カメラによって*監視さ*れている`かもしれない。","2023/9/9 7:15","2024/7/12 4:53"
637,637,"I `have *calculated* the remaining amount` of my car loan.","私は車のローンの`残額を*計算した*`。","2023/9/9 7:15","2024/7/13 0:15"
638,638,"We myst figure out measures to `*eliminate* crime from society`.","私たちは`社会から犯罪を*取り除く*`方策を考え出さなくてはならない。","2023/9/9 7:15","2024/7/13 0:16"
639,639,"This medicine is used to `*ease* stomach pain`.","この薬は`胃痛を*軽減する*`のに用いられる。","2023/9/9 7:15","2024/7/13 0:17"
640,640,"We have sufficient financial resources to `*launch* a new business`.","私たちは`新しいビジネスを*始める*`のに十分な資金源を持っている。","2023/9/9 7:15","2024/7/13 0:18"
641,641,"Identical twins have the same `gene *sequence*`.","一卵性の双子は同じ`遺伝子*配列*`を持っている。","2023/9/9 7:15","2024/7/13 0:19"
642,642,"`Music *therapy*` has been used for nearly 2,000 years.","`音楽*療法*`は保母2,000年もの間用いられてきている。","2023/9/9 7:15","2024/7/13 0:20"
643,643,"`The *symptoms* of cholera` are similar to those of Ebola fever.","`コレラの*症状*`はエボラ出血熱の症状に似ている。","2023/9/9 7:15","2024/7/13 0:22"
644,644,"`Many strange *incidents* have happened`  to me recently.","最近私に`多くの奇妙な*出来事*が起こっている`。","2023/9/9 7:15","2024/7/13 0:23"
645,645,"The police are searching for `the *witnesses* to the accident`.","警察は`その事故の*目撃者*`を捜索している。","2023/9/9 7:15","2024/7/13 0:24"
646,646,"The government spent `a large *sum* of money` on energy projects last year.","政府は昨年エネルギー事業に`多*額*の金`を費やした。","2023/9/9 7:15","2024/7/13 0:25"
647,647,"The government should `lighten the tax *burden*` on low-income earners.","政府は帝都職者に対する`税*負担*を軽減す`べきである。","2023/9/9 7:15","2024/7/13 0:26"
648,648,"You need to use `an appropriate *tone* of voice` when you speak.","離すときは`適切な*口調*`を用いる必要がある。","2023/9/9 7:15","2024/7/13 0:27"
649,649,"She `considered it an *hour* to give a speech` at the wedding.","彼女は結婚式で`スピーチをすることを*光栄*だと思った`。","2023/9/9 7:15","2024/7/13 0:28"
650,650,"He `won a major *award*` for his painting.","彼は自作の映画で`主要な*賞*を獲得した`。","2023/9/9 7:15","2024/7/13 0:54"
651,651,"The newspaper `gives *priority* to providing accurate information`.","その新聞は`正確な情報を提供することを*優先*させる`。","2023/9/9 7:15","2024/7/13 0:29"
652,652,"The speaker `explained his main point using clear *logic*`.","その演説者は`明快な*論理*を使って自身の要点を説明した`。","2023/9/9 7:15","2024/7/13 0:30"
653,653,"People riding trains usually try to `keep the noise level to a *minimum*`.","電車に乗っている人は普通、`雑音レベルを*最小限*に保と`うとする。","2023/9/9 7:15","2024/7/13 0:31"
654,654,"There is no `*exception* to his regular life`.","`彼の規則正しい生活に*例外*`はない。","2023/9/9 7:15","2024/7/13 0:32"
655,655,"Research in physics may give us `*clues* to understanding the universe`.","物理学の研究は`宇宙を理解する*手がかり*`を私たちに与えるかもしれない。","2023/9/9 7:15","2024/7/13 0:33"
656,656,"`The *bond* between the two sisters` is very strong.","`その二人姉妹の間の*絆*`は非常に強い。","2023/9/9 7:15","2024/7/13 0:38"
657,657,"She might have been infected with `the influenza *viruses*`.","彼女は`インフルエンザ*ウイルス*`に感染したかもしれない。","2023/9/9 7:15","2024/7/13 0:39"
658,658,"One’s eyesight might be improved with `laser *surgery*`.","`レーザー*手術*`により視力が改善されることもある。","2023/9/9 7:15","2024/7/13 0:40"
659,659,"Foreign workers in Japan easily get access to Japanese `health * insurance*`.","日本在住の外国人労働者は容易に日本の`健康*保険*`を利用することができる。","2023/9/9 7:15","2024/7/13 0:41"
660,660,"He `put his most recent photo in a *frame*`.","彼は`自分のごく最近の写真を*額縁*に入れた`。","2023/9/9 7:15","2024/7/13 0:42"
661,661,"People `took *shelter* from sudden hard rain` in a roofed structure.","人々は`突然の激しい雨から`屋根付きの建物に`*避難*した`。","2023/9/9 7:15","2024/7/13 0:56"
662,662,"Singapore `has increased the size of its *territory*` by 20 percent using sand.","シンガポールは砂を使って`*領土*面積を`20パーセント`増やした`。","2023/9/9 7:15","2024/7/13 1:01"
663,663,"Social media has broken down `the *boundary* between the public and private`.","ソーシャルメディアは`公私の*境界*線`をなくした。","2023/9/9 7:15","2024/7/13 1:03"
664,664,"We have destroyed `the natural *habitat* of animals` for human development.","私たちは人間による開発のために`動物の自然*生息地*`を破壊してきた。","2023/9/9 7:15","2024/7/13 1:04"
665,665,"Thirty percent of driving in `business *districts*` is spent looking for parking.","`商業*地区*`での車の運転の30%は駐車スペースを探すことに費やされる。","2023/9/9 7:15","2024/7/13 1:05"
666,666,"We should spend more time and money on `nature *conservation*`.","私たちは`自然*保護*`にもっと多くの時間と金を費やすべきである。","2023/9/9 7:15","2024/7/13 1:06"
667,667,"We expect to `have a good *harvest* of crops` this year.","私たちは今年、`作物の*収穫*が多い`ことを期待している。","2023/9/9 7:15","2024/7/13 1:07"
668,668,"Small animals need to protect themselves from `large *predators* like tigers.`","小さな動物は`虎のような`大きな`*捕食動物*`から身を守る必要がある。","2023/9/9 7:15","2024/7/14 6:26"
669,669,"Don’t `fall into the *trap*` of buying something just because it is on sale.","ただ安売りされているていうだけで何かを買うという`*罠*にはまって`はいけない。","2023/9/9 7:15","2024/7/14 6:27"
670,670,"I know `some *tricks* for studying effectively` before the test.","私はテスト前に`効果的に勉強するためのいくつかの*こつ*`を知っている。","2023/9/9 7:15","2024/7/14 6:29"
671,671,"`It is my *fault* that we are late` for the concert.","`私たちが`コンサートに`遅れたのは私の*責任*です`。","2023/9/9 7:15","2024/7/14 6:30"
672,672,"Customers with store membership can buy books `at a 20 percent *discount*`.","店の会員客は`20パーセント*割引*で`本を購入することができる。","2023/9/9 7:15","2024/7/14 6:31"
673,673,"She suspects `gender *bias*` in the company’s salaries for women.","彼女は会社の女性の給料に`性別による*偏見*`があるのではと疑っている。","2023/9/9 7:15","2024/7/14 6:32"
674,674,"Laughter promotes `*cooperation*` and positive communication `with one another`.","笑いは`お互いの*協力*`と積極的な意思の疎通を促進する。","2023/9/9 7:15","2024/7/14 6:33"
675,675,"Edison obtained his first` *patent* for his invention` in his early twenties.","エジソンは20代前半に`彼の発明に対する`最初の`*特許*`を取得した。","2023/9/9 7:15","2024/7/14 6:35"
676,676,"`The *dialogue* between two characters` in the play was very funny.","その劇の中での`2人の登場人物の*会話*`はとてもおかしかった。","2023/9/9 7:15","2024/7/14 8:06"
677,677,"Carbon is `an essential *component* of all living cells`.","炭素は`すべての生細胞に不可欠な*構成要素*`である。","2023/9/9 7:15","2024/7/14 8:08"
678,678,"British food `has a *reputation* for not being tasty`.","イギリスの食べ物は`美味しくないという*評判*がある`。","2023/9/9 7:15","2024/7/14 8:09"
679,679,"To receive `*verbal* messages` clearly, you need good listening skills.","`*言葉による*メッセージ`をはっきりと受け取るには優れた聞き取りの技能が必要である。","2023/9/9 7:15","2024/7/14 8:10"
680,680,"Some Japanese firms are making English `their *internal* office language`.","一部の日本の会社は英語を`自分たちの社*内*言語`にしつつある。","2023/9/9 7:15","2024/7/14 8:11"
681,681,"At present, we have no `*solid* evidence` of life on other planets.","目下のところ他の惑星に生物が存在するという`確たる*証拠*`はない。","2023/9/9 7:15","2024/7/14 8:12"
682,682,"My hometown `lies *remote* from cities`.","私の故郷は`都市から*離れた*ところにある`。","2023/9/9 7:15","2024/7/14 8:13"
683,683,"Computer programming is `his *principal* source of income`.","コンピュータプログラミングが`彼の*主要な*収入源`である。","2023/9/9 7:15","2024/7/14 8:14"
684,684,"There is a huge demand for `*sophisticated* translation software`.","`*高性能な*翻訳ソフト`に対する大きな需要がある。","2023/9/9 7:15","2024/7/14 8:15"
685,685,"`The price` of this painting `is *equivalent* to his month’s salary`.","この絵画の`値段は彼の月収に*相当する*`。","2023/9/9 7:15","2024/7/14 8:16"
686,686,"In decision-making, we should use `the *rational* part of the mind`.","決定を下すとき、私たちは`精神の*理性的な*部分`を使うべきである。","2023/9/9 7:15","2024/7/14 8:18"
687,687,"The police are collecting `*relevant* information` for solving the case.","警察はその事件を解決するために`*関連*情報`を集めている。","2023/9/9 7:15","2024/7/14 8:19"
688,688,"A car is `an *absolute* necessity` for people living in the countryside.","田舎に住んでいる人々にとっては車は`*絶対に*必要なものである`。","2023/9/9 7:15","2024/7/14 8:20"
689,689,"Human brains seem to be changing due to `*frequent* use of the Internet`.","人間の脳は`インターネットの*頻繁な*`使用のせいで変化しているように思える。","2023/9/9 7:15","2024/7/14 8:21"
690,690,"The accident `caused *permanent* damage` to the man’s back.","その事故はその男性の背中に`*永続的な*損傷を与えた`。","2023/9/9 7:15","2024/7/14 8:22"
691,691,"Fear is such `an *intense* emotion` that you can feel your heart pumping fast.","恐怖は非常に`*強烈な*感情`なので、自分の心臓が速く鼓動するのを感じることができる。","2023/9/9 7:15","2024/7/14 8:24"
692,692,"He started doing volunteer activities to `make his life more *meaningful*`.","彼は`人生をより*意味のある*ものにする`ためにボランティア活動をし始めた。","2023/9/9 7:15","2024/7/14 8:25"
693,693,"He believes that no one would willingly `commit an *evil* act`.","誰も進んで`*邪悪な*行為をする`ことはないと彼は信じている。","2023/9/9 7:15","2024/7/14 8:26"
694,694,"Every year `an increasing number of animals are becoming *extinct*`.","毎年`ますます多くの動物が*絶滅し*ている`。","2023/9/9 7:15","2024/7/14 8:27"
695,695,"The research team collects their samples using `*random* selection`.","その研究チームは`*無作為*抽出`を使ってサンプルを集める。","2023/9/9 7:15","2024/7/14 8:28"
696,696,"She has never eaten `*raw* fish`.","彼女は一度も`*生*魚`を食べたことがない。","2023/9/9 7:15","2024/7/14 8:29"
697,697,"To talk without making any eye contact is `a *rude* behavior`.","アイコンタクトをまったくせずに話をすることは`*無礼な*行為`である。","2023/9/9 7:15","2024/7/14 8:30"
698,698,"He is `a *mere* child`, so he said some silly things.","彼は`*ほんの*子ども`なので馬鹿げたことを言った。","2023/9/9 7:15","2024/7/14 8:30"
699,699,"She was born and brought up in `a *tropical* country`.","彼女は`*熱帯の*国`で生まれた。","2023/9/9 7:15","2024/7/14 8:31"
700,700,"When you read, your eyes `move back and *forth*` across a sentence.","本を読むとき、目はセンテンスの上を`*前*後に動く`。","2023/9/9 7:15","2024/7/14 8:32"
701,701,"He `*possesses* the ability` to distinguish good wine from bad wine.","彼は良いワインを悪いワインを見分ける`能力を*持っている*`。","2023/9/9 7:15","2024/7/15 2:41"
702,702,"In Italy and Spain, immigration issues have begun to `*dominate* politics`.","イタリアとスペインでは移民問題が`政治を*支配し*`始めている。","2023/9/9 7:15","2024/7/15 2:42"
703,703,"The book’s popularity `*guaranteed* the success` of the film version.","その本の人気は映画版の`成功を*保証した*`。","2023/9/9 7:15","2024/7/15 2:43"
704,704,"Metal `*melts* at a certain temperature`.","金属は`ある温度で*溶ける*`。","2023/9/9 7:15","2024/7/15 2:44"
705,705,"We need not `be *embarrassed* about what we don’t know`.","私たちは`知らないことについて*恥ずかしい思いをする*必要はない`。","2023/9/9 7:15","2024/7/15 2:45"
706,706,"Low interest rates `*discourage* people from putting money in a bank`.","低金利は`人々に銀行に預金する*気をなくさせる*`。","2023/9/9 7:15","2024/7/15 2:46"
707,707,"A smoke alarm is used to `*detect* a fire`.","煙探知機は`火事を*感知する*`のに使われる。","2023/9/9 7:15","2024/7/15 2:47"
708,708,"She `has *devoted* a lot of her time to the team’s project`.","彼女は`自分の時間の多くをチームのプロジェクトに*捧げてきた*`。","2023/9/9 7:15","2024/7/15 2:48"
709,709,"The doctor `*urged* the patient to stop eating sweets`.","医師は`患者に甘いものを食べるのをやめるように*促した*`。","2023/9/9 7:15","2024/7/15 2:49"
710,710,"He was kind enough to `*lend* me some money`.","彼は親切にも`私にいくらかのお金を*貸し*`てくれた。","2023/9/9 7:15","2024/7/15 2:50"
711,711,"The Netherlands `*restricted* the use of drugs` on farm animals.","オランダは家畜に対する`薬品の使用を*制限した*`。","2023/9/9 7:15","2024/7/15 2:51"
712,712,"The country `has *isolated* itself from the rest of the world`.","その国は`世界の他の国々から自ら*孤立した*`。","2023/9/9 7:15","2024/7/15 2:52"
713,713,"`The secretary` always `*accompanies* the president` on business trips.","出張の際、`その秘書は`常に`社長に*同行する*`。","2023/9/9 7:15","2024/7/15 2:53"
714,714,"She `was *exhausted* from walking all day`.","彼女は`一日中歩いて*疲れ果て*た`。","2023/9/9 7:15","2024/7/15 2:54"
715,715,"Linda `*annoys* me by telling me her frequent complaints`.","リンダは`頻繁に不平を言って私を*悩ます*`。","2023/9/9 7:15","2024/7/15 2:55"
716,716,"Water pollution can `*endanger* people’s health`.","水質汚染は`人々の健康を*危険にさらす*`可能性がある。","2023/9/9 7:15","2024/7/15 2:55"
717,717,"Stephen found it difficult to `*acknowledge* his mistakes`.","スティーブンは`自らの過ちを*認める*`のが難しいことに気づいた。","2023/9/9 7:15","2024/7/15 2:57"
718,718,"I `*admire* the poet for his unique description` of human existense.","私は人間存在に関する`特異な描写ゆえにその詩人を*敬服する*`。","2023/9/9 7:15","2024/7/15 2:58"
719,719,"Teachers should `*evaluate* a student’s ability` from multiple aspects.","教師は多くの側面から`学生の能力を*評価する*`べきである。","2023/9/9 7:15","2024/7/15 2:59"
720,720,"The corporation `*declared* that they will enter the space industry`.","その企業は`宇宙産業へ参入することを*宣言した*`。","2023/9/9 7:15","2024/7/15 3:00"
721,721,"The government `has *secured* a new source of water` for its people.","政府は国民のために`新しい水源を*確保した*`。","2023/9/9 7:15","2024/7/15 3:01"
722,722,"His company `*specializes* in the importing of medical equipment`.","彼の会社は`医療機器の輸入を*専門に扱う*`。","2023/9/9 7:15","2024/7/15 3:02"
723,723,"He `*attributed* his success in business to good luck`.","彼は`ビジネスでの成功を幸運の*おかげだと考えた*`。","2023/9/9 7:15","2024/7/15 3:04"
724,724,"She closed her eyes and `*pretended* to be asleep`.","彼女は目を閉じて`眠っている*ふりをした*`。","2023/9/9 7:15","2024/7/15 3:04"
725,725,"The students `*buried* time capsules` in a corner of the school grounds.","生徒たちは校庭の一角に`タイムカプセルを*埋めた*`。","2023/9/9 7:15","2024/7/15 3:05"
726,726,"He got angry and `*reversed* his attitude` completely.","彼は怒って完全に`態度を*逆転させた*`。","2023/9/9 7:15","2024/7/15 3:06"
727,727,"Some countries `are *resisting* the current trend` toward free trade.","自由貿易に向かう`現在の傾向に*抵抗し*ている`国もある。","2023/9/9 7:15","2024/7/15 3:08"
728,728,"`The nightmares` that she has been having lately `*scared* her`.","彼女が最近見ている`悪夢が彼女を*おびえさせた*`。","2023/9/9 7:15","2024/7/15 3:09"
729,729,"Children `*imitate* the actions of others`.","子どもは`他人の行動を*まねる*`。","2023/9/9 7:15","2024/7/15 3:09"
730,730,"There are many government programs for `*assisting* the elderly`.","`高齢者を*援助する*`政府の施策はたくさんある。","2023/9/9 7:15","2024/7/15 3:10"
731,731,"She `*resembles* her mother in appearance`.","彼女は`外見が母親に*似ている*`。","2023/9/9 7:15","2024/7/16 4:15"
732,732,"He `*retired* from his company` at the age of 70.","彼は70才で`会社を*退職した*`。","2023/9/9 7:15","2024/7/16 4:16"
733,733,"When we are busy, we tend to `*neglect* our health`.","私たちは忙しいとき、`健康を*おろそかにする*`傾向がある。","2023/9/9 7:15","2024/7/16 4:17"
734,734,"If selfishness were seen everywhere, `public order would *collapse*`.","わがままが至る所で見られるようになったら、`社会秩序は*崩壊する*だろう`。","2023/9/9 7:15","2024/7/16 4:18"
735,735,"Japan `*reformed* its educational system` after World War II.","日本は第二次世界大戦後に`教育制度を*改革した*`。","2023/9/9 7:15","2024/7/16 4:19"
736,736,"He `*protested* against the board’s decision` to close the Osaka office.","彼は大阪支社をたたむという`役員会の決定に*抗議した*`。","2023/9/9 7:15","2024/7/16 4:20"
737,737,"I know I `*owe* you $30` in total.","私は`あなたに`全部で`30ドルの*借りがある*`ことは分かっている。","2023/9/9 7:15","2024/7/16 4:21"
738,738,"The brain, heart and lungs are `the vital organisms for *sustaining* human life`.","脳、心臓、肺は`人間の生命を*持続させる*必須器官`である。","2023/9/9 7:15","2024/7/16 4:22"
739,739,"University professors often `*assign* their students group work activities`.","大学の教授はよく`自分の学生に共同作業活動を*割り当てる*`。","2023/9/9 7:15","2024/7/16 4:23"
740,740,"The robot `*accomplished* the task` without any help from humans.","そのロボットは人間の一切の助けなしで`その作業を*成し遂げた*`。","2023/9/9 7:15","2024/7/16 4:24"
741,741,"In America, `the owl is the symbol of *wisdom*`.","アメリカでは、`フクロウは*知恵*の象徴である`。","2023/9/9 7:15","2024/7/16 4:25"
742,742,"`*Literacy* rates` vary considerably from country to country.","`*識字*率`は国によってかなり異なる。","2023/9/9 7:15","2024/7/16 4:26"
743,743,"Mt. Fuji was registered as `a World *Heritage*` in 2013.","富士山は2013年に`世界*遺産*`に登録された。","2023/9/9 7:15","2024/7/16 4:27"
744,744,"The research team `carried out the *mission*` to discover new plants in the jungle.","その研究チームはジャングルで新しい植物を発見するという`*使命*を遂行した`。","2023/9/9 7:15","2024/7/16 4:28"
745,745,"He had `his driver’s *license*` taken away for speeding.","彼はスピード違反で`運転*免許*`を取り上げられた。","2023/9/9 7:15","2024/7/16 4:29"
746,746,"The American economy seems to be dominated by `the business *elite*`.","アメリカ経済は`ビジネス*エリート*`に支配されているように思える。","2023/9/9 7:15","2024/7/16 4:30"
747,747,"She made the dessert by `adding *layers* of cake and cream`.","彼女は`ケーキとクリームの*層*を重ねること`でデザートを作った。","2023/9/9 7:15","2024/7/16 4:31"
748,748,"The automobile industry is developing `a new electric *motor*`.","その自動車産業は`新しい電気*モーター*`を開発中である。","2023/9/9 7:15","2024/7/16 4:32"
749,749,"He keeps his muscular body by eating `food high in *protein*`.","彼は`*タンパク質*の多い食物`を食べることで筋肉質の体を維持している。","2023/9/9 7:15","2024/7/16 4:33"
750,750,"She decided to `make her hobby into her *profession*`.","彼女は`趣味を*職業*にする`ことに決めた。","2023/9/9 7:15","2024/7/16 4:34"
751,751,"He is famous as `a magazine *editor*`.","彼は`雑誌*編集者*`として有名である。","2023/9/9 7:15","2024/7/16 4:34"
752,752,"`The travel *agent*` asked whether I wanted to go by air or by sea.","`その旅行*業者*`は私が飛行機で行きたいのか船で行きたいのか尋ねた。","2023/9/9 7:15","2024/7/16 4:35"
753,753,"The news `traveled around the *globe*` quickly.","そのニュースはすぐに`*世界*中に広まった`。","2023/9/9 7:15","2024/7/16 4:36"
754,754,"The non-profit shelter provides `a safe *haven*` for people in need.","非営利の保護施設は困っている人々にとって`安全な*避難所*`となる。","2023/9/9 7:15","2024/7/16 4:37"
755,755,"Our seats are the third and fourth from the right `in the fifth *row*`.","私たちの座席は`5*列*目の`右から3番目と4番目だ。","2023/9/9 7:15","2024/7/16 4:38"
756,756,"They `made a great *sacrifice*` when they came to America.","彼らはアメリカに来た際に`多大な*犠牲*を払った`。","2023/9/9 7:15","2024/7/16 4:39"
757,757,"`The major *means* of transportation` in California are roads and highways.","カリフォルニアの`主な交通*手段*`は一般道路と幹線道路である。","2023/9/9 7:15","2024/7/16 4:40"
758,758,"He explained how useful `the workshop *sessions*` were.","彼は`その研修*会*`がどれほど役立つかを説明した。","2023/9/9 7:15","2024/7/16 4:41"
759,759,"He joined `the major *league*` at the age of 22.","彼は22才で`メジャー*リーグ*`に入った。","2023/9/9 7:15","2024/7/16 4:42"
760,760,"She is going to take part in the coming `speech *contest*`.","彼女は来る`スピーチ*コンテスト*`に参加する予定である。","2023/9/9 7:15","2024/7/16 4:42"
761,761,"He learned how to work as `a security *guard*`.","彼は`*警備員*`として働く方法を学んだ。","2023/9/9 7:15","2024/7/16 4:43"
762,762,"She `came up against a strong *opponent*` in the final match.","彼女は決勝戦で`手強い*相手*と対戦した`。","2023/9/9 7:15","2024/7/16 4:44"
763,763,"`A quick *glance* at the map` showed that we were on the right road.","`地図を素早く*ちらっと見ること*`で私たちが正しい道にいることが分かった。","2023/9/9 7:15","2024/7/17 6:21"
764,764,"He `got a *divorce* from his wife`.","彼は`妻と*離婚*した`。","2023/9/9 7:15","2024/7/17 6:22"
765,765,"The stimulus from the body travels through `the *nervous* tissue` to the brain.","身体からの刺激は`神経*組織*`を通って脳に行く。","2023/9/9 7:15","2024/7/17 6:23"
766,766,"`Ice turns into *liquid*` when it melts.","`氷は`溶けると`*液体*に変化する`。","2023/9/9 7:15","2024/7/17 6:24"
767,767,"She was born into a time and place with terrible `social *inequality*`.","彼女はひどい`社会的*不平等*`がはびこる時代と場所に生まれた。","2023/9/9 7:15","2024/7/17 6:25"
768,768,"Ignorance is one of the main reasons for `*prejudice* against foreigners`.","無知は`外国人に対する*偏見*`の主な理由の1つである。","2023/9/9 7:15","2024/7/17 6:26"
769,769,"The politician `fought for *justice*` for his country.","その政治家は自国の`*正義*のために戦った`。","2023/9/9 7:15","2024/7/17 6:27"
770,770,"Users of this Internet service must `follow certain *guidelines*`.","このインターネットサービスのユーザーは`一定の*指針*に従わ`ねばならない。","2023/9/9 7:15","2024/7/17 6:28"
771,771,"`*Platforms* on social media` are useful tools for making friends.","`ソーシャルメディアにおける*プラットフォーム*`は友人を作るのに役立つ手段である。","2023/9/9 7:15","2024/7/17 6:29"
772,772,"`The high-tech *sector*` leads the national economy.","`ハイテク*部門*`は国家経済を牽引する。","2023/9/9 7:15","2024/7/17 6:30"
773,773,"Many people in the U.S. enjoy more than forty `TV *channels*`.","アメリカの多くの人は40以上の`テレビ*チャンネル*`を享受している。","2023/9/9 7:15","2024/7/17 6:31"
774,774,"`The *glaciers* near Greenland` have been melting rapidly.","`グリーンランド近辺の*氷河*`が急速に溶けてきている。","2023/9/9 7:15","2024/7/17 6:32"
775,775,"In several ways, `*primates* are at the top op the mammal class`.","いくつかの点で、`*霊長目の動物*は哺乳綱の頂点に位置する`。","2023/9/9 7:15","2024/7/17 6:34"
776,776,"`The *usage* of English grammar` is changing with the times.","`英文法の*用法*`は時代とともに変化している。","2023/9/9 7:15","2024/7/17 6:35"
777,777,"He succeeded in `making a *fortune* by investing` in oil production.","彼は石油採掘に`投資することで一*財産*を作ること`に成功した。","2023/9/9 7:15","2024/7/17 6:36"
778,778,"Many consumers believe that there is `a close *correlation* between price and quality`.","多くの消費者は、`価格と品質の間には密接な*相関関係*`があると考えている。","2023/9/9 7:15","2024/7/17 6:37"
779,779,"I envy him for `his *artistic* gift`.","私は`彼の*芸術的な*才能`をうらやましいと思う。","2023/9/9 7:15","2024/7/17 6:38"
780,780,"The professor published essays of `*literary* criticism of modern novels`.","その教授は`近代小説に関する*文学*批評`のエッセイを出版した。","2023/9/9 7:15","2024/7/17 6:39"
781,781,"Emily owns a large collection of `*classic* films and novels`.","エミリーは`*第一級の*映画と小説`の大規模なコレクションを有している。","2023/9/9 7:15","2024/7/17 6:40"
782,782,"Everyone knows that he is `a *liberal* thinker`.","彼が`*自由主義的な*思想家`であることは誰もが知っている。","2023/9/9 7:15","2024/7/17 6:41"
783,783,"You need to provide `*concrete* examples` to support your opinion.","あなたは自分の意見の裏付けとなる`*具体的な*例`を提示する必要がある。","2023/9/9 7:15","2024/7/17 6:42"
784,784,"I `felt a *slight* pain` in my right ankle.","私は右の足首に`*わずかな*痛みを感じた`。","2023/9/9 7:15","2024/7/17 6:43"
785,785,"`The *federal* government` provides aid to other countries in need.","`*連邦*政府`は困窮している他の国々に援助を提供している。","2023/9/9 7:15","2024/7/17 6:44"
786,786,"Some places in the world have `a *primitive* way of life`.","世界には`*原始的な*生活様式`を保有する場所がある。","2023/9/9 7:15","2024/7/17 6:45"
787,787,"He `was *unfamiliar* with the technical vocabulary `used by the professor.","彼は教授の使う`専門用語に*不慣れだ*った`。","2023/9/9 7:15","2024/7/17 6:46"
788,788,"The mother `detected a *subtle* change` in her daughter’s attitude.","母親は娘の態度に`*微妙な*変化を感じ取った`。","2023/9/9 7:15","2024/7/17 6:47"
789,789,"`The *plain* truth` is that the Great Barrier Reef is in danger.","`*明白な*事実`はグレートバリアリーフが危機的状況にあるということである。","2023/9/9 7:15","2024/7/17 6:48"
790,790,"The sea areas surrounding the island are full of `*marine* life`.","その島の周辺海域は`*海洋*生物`に満ちている。","2023/9/9 7:15","2024/7/17 6:48"
791,791,"You should not refuse the invitation `for no *apparent* reason`.","`*明白な*理由なしで`招待を断るべきではない。","2023/9/9 7:15","2024/7/17 6:49"
792,792,"He seems to `be *reluctant* to go out and try new things`.","彼は`外に出て新しいことに挑戦するのに*気が進まない*`ようである。","2023/9/9 7:15","2024/7/17 6:50"
793,793,"Eating salty food may cause `a *temporary* increase in blood pressure`.","塩辛い食品を食べることが`血圧の*一時的*上昇`を引き起こすこともある。","2023/9/9 7:15","2024/7/17 6:51"
794,794,"Rebecca `felt *guilty* about lying to her friend`.","レベッカは`友人に嘘をついていることで*気がとがめ*た`。","2023/9/9 7:15","2024/7/17 6:52"
795,795,"Each member of `the *royal* family` has official duties to do.","`*王*家`の各人が行うべき公務を抱えている。","2023/9/9 7:15","2024/7/18 5:18"
796,796,"He gave her `a *pure* gold necklace` for her birthday.","彼は彼女の誕生日に`*純*金のネックレス`をプレゼントした。","2023/9/9 7:15","2024/7/18 5:19"
797,797,"`It is *incredible* that he refused` the bank’s financial support.","`彼が`銀行からの資金援助を`断ったとは*信じられない*`。","2023/9/9 7:15","2024/7/18 5:20"
798,798,"Many visitors to New York `are *eager* to go to Broadway musicals`.","ニューヨークを訪れる多くの人は、`ブロードウェイミュージカルを*しきりに*見に行き*たがる*`。","2023/9/9 7:15","2024/7/18 5:22"
799,799,"The school `has an *adequate* number of teachers` for the students.","その学校は、生徒に対して`*十分な*数の教師がいる`。","2023/9/9 7:15","2024/7/18 5:23"
800,800,"The opening ceremony of the Olympics will `be broadcast *via* satellite`.","オリンピックの開会式の模様は`衛星*経由で*放送される`。","2023/9/9 7:15","2024/7/18 5:24"
801,801,"Most high schools use testing to `*asses* their students’ achievements`.","たいていの高校は`生徒の成績を*評価する*`のにテストを利用する。","2023/9/9 7:15","2024/7/18 5:26"
802,802,"Jane’s parents `*approved* of her studying abroad`.","ジェーンの両親は`彼女の海外留学に*賛成した*`。","2023/9/9 7:15","2024/7/18 5:27"
803,803,"My friend `*remarked* that she was amazed by the fireworks`.","私の友人は`花火に驚嘆したと*言った*`。","2023/9/9 7:15","2024/7/18 5:28"
804,804,"Heat waves `*pose* a great health risk` to elderly people.","熱波は高齢者に`大きな健康上のリスクを*引き起こす*`。","2023/9/9 7:15","2024/7/18 5:29"
805,805,"The manager’s brave decision `*yielded* unexpected results`.","その経営者の勇気ある決断は`思いがけない結果を*もたらした*`。","2023/9/9 7:15","2024/7/18 5:30"
806,806,"Japanese honeybees `*exhibit* a unique defensive behavior`.","ニホンミツバチは`独特の防御的行動を*示す*`。","2023/9/9 7:15","2024/7/18 5:31"
807,807,"Many charities `*distribute* food to victims` in disaster areas.","多くの慈善事業は被災地で`被災者に食糧を*分配する*`。","2023/9/9 7:15","2024/7/18 5:32"
808,808,"The opera conductor `*commanded* the chorus to sing more in harmony`.","オペラの指揮者は`合唱隊にもっと音を合わせて歌うように*命じた*`。","2023/9/9 7:15","2024/7/18 5:34"
809,809,"New employees tend to `*occupy* the lowest positions` in the office.","新入社員は職場で`最も低い地位を*占める*`傾向にある。","2023/9/9 7:15","2024/7/18 5:36"
810,810,"He `*popped* into a convenience store` to buy a cup of coffee.","彼はコーヒーを1杯買うために`コンビニに*ひょいと入った*`。","2023/9/9 7:15","2024/7/18 5:36"
811,811,"She `*piled* up the plates` and put them on the shelf.","彼女は`皿を*積み重ねて*`それらを棚に置いた。","2023/9/9 7:15","2024/7/18 5:37"
812,812,"He always `*greets* his neighbors` in a friendly way.","彼はいつも親しげに`隣人たちに*あいさつする*`。","2023/9/9 7:15","2024/7/18 5:38"
813,813,"You should `*apologize* to him for what you have done`.","あなたは`自分のしたことを彼に*謝る*`べきだ。","2023/9/9 7:15","2024/7/18 5:39"
814,814,"She `was *frustrated* by people’s selfish behavior` on the crowded train.","彼女は混雑した電車で`人々の自分勝手な行動に*いら立っ*た`。","2023/9/9 7:15","2024/7/18 5:41"
815,815,"She sings her favorite karaoke songs to `*relieve* stress`.","彼女は`ストレスを*和らげる*`ために大好きなカラオケの歌を歌う。","2023/9/9 7:15","2024/7/18 5:42"
816,816,"I didn’t know that `the word *derives* from Greek`.","私は`その単語がギリシャ語に*由来する*`ことを知らなかった。","2023/9/9 7:15","2024/7/18 6:18"
817,817,"She `*deserves* to be praised` for trying her best in the competition.","彼女は協議会で最善を尽くしたことで`称賛されるに*値する*`。","2023/9/9 7:15","2024/7/18 6:19"
818,818,"Christine stood on the hilltop and `*peered* into the distance`.","クリスティーンは丘の頂上に立ち`遠くを*じっと見た*`。","2023/9/9 7:15","2024/7/18 6:20"
819,819,"The AI computer `*defeated* the world’s best chess player`.","そのAIコンピュータは`世界最高のチェス選手を*打ち負かした*`。","2023/9/9 7:15","2024/7/18 6:22"
820,820,"The city plans to `*convert* the library into an art gallery.`.","市は`その図書館を美術館に*変える*`ことを計画している。","2023/9/9 7:15","2024/7/18 6:22"
821,821,"`Prince William *wed* Catherine Middleton` at Westminster Abbey.","`ウィリアム王子は`ウェストミンスター寺院で`キャサリン・ミドルトンと*結婚した*`。","2023/9/9 7:15","2024/7/18 6:24"
822,822,"Walt Disney `*delighted* many people with his attractive stories`.","ウォルト・ディズニーは`彼の作る魅力的な物語で多くの人々を*喜ばせた*`。","2023/9/9 7:15","2024/7/18 6:25"
823,823,"Sales of new cars helped `*boost* the nation’s economy`.","新車の販売は`その国の経済を*押し上げる*`助けとなった。","2023/9/9 7:15","2024/7/18 6:26"
824,824,"This submarine can `*endure* very high pressure`.","この潜水艦は`かなりの高圧に*耐える*`ことができる。","2023/9/9 7:15","2024/7/18 6:27"
825,825,"The number of players on both sides should `*correspond* with the other`.","両チームとも選手の数が`相手と*一致してい*`なければならない。","2023/9/9 7:15","2024/7/18 6:28"
826,826,"The country wants to `*impose* greater control on immigration`.","その国は`移民に対してより厳しい制限を*課す*`ことを望んでいる。","2023/9/9 7:15","2024/7/22 4:29"
827,827,"During the economic crisis, the government `*rescued* some companies from bankruptcy`.","経済危機の間、政府は`一部の企業を倒産から*救った*`。","2023/9/9 7:15","2024/7/22 4:30"
828,828,"The tow countries found ways to `*resolve* the political conflict`.","両国は`政治的対立を*解決する*`方法を見つけた。","2023/9/9 7:15","2024/7/22 4:31"
829,829,"Many parents want to `*register* their children at day care centers`.","多くの親たちは`託児所に自分の子どもを*登録する*`ことを望んでいる。","2023/9/9 7:15","2024/7/22 4:49"
830,830,"Sarah `*interrupted* my conversation with Jill`.","サラは`私とジルの会話を*中断させた*`。","2023/9/9 7:15","2024/7/22 4:51"
831,831,"The dentist `got *rid* of the pain in my tooth`.","歯科医が`私の歯の痛みを*取り除い*た`。","2023/9/9 7:15","2024/7/22 4:52"
832,832,"The new law `*prohibits* smoking in all restaurants`.","新しい法律は`すべてのレストランでの喫煙を*禁止している*`。","2023/9/9 7:15","2024/7/22 4:52"
833,833,"`The committee is *composed* of six experts` in different fields.","`委員会は`異なる分野の`6人の専門家から*成る*`。","2023/9/9 7:15","2024/7/22 4:54"
834,834,"A coworker `had *misunderstood* her instructions` and made a mistake.","同僚が`彼女の指示を*誤解し*`、間違いを犯した。","2023/9/9 7:15","2024/7/22 4:55"
835,835,"The student `was *punished* for his poor behavior`.","その生徒は`不品行で*罰せられた*`。","2023/9/9 7:15","2024/7/22 4:56"
836,836,"The long heavy rain completely `*ruined* our holiday`.","激しい長雨が`私たちの休日を`完全に`*台無しにした*`。","2023/9/9 7:15","2024/7/22 4:57"
837,837,"Every country has the right to `*defend* itself against a military attack`.","どの国も`軍事攻撃から自国を*防御する*`権利を有している。","2023/9/9 7:15","2024/7/22 4:58"
838,838,"Freedom of expression will lead people to `*embrace* diversity`.","表現の自由は人々を`多様性を*受け入れる*`方向に導く。","2023/9/9 7:15","2024/7/22 4:59"
839,839,"The man `*modified* the car’s engine` to make it go faster.","その男性はもっと早く走らせるために`その車のエンジンを*改造した*`。","2023/9/9 7:15","2024/7/22 5:00"
840,840,"His excellent performance in the exams `*qualified* him for a scholarship`.","試験での彼の見事な成績は`彼に奨学金の*資格を与えた*`。","2023/9/9 7:15","2024/7/22 5:02"
841,841,"`His *passion* for skateboarding` is such that he practice it every day.","`スケートボードに対する彼の*情熱*`は相当なもので、彼は毎日その練習をしている。","2023/9/9 7:15","2024/7/22 5:03"
842,842,"`Her *enthusiasm* for the job` made up for her lack of experience.","`彼女の仕事への*熱意*`は自らの経験不足を補った。","2023/9/9 7:15","2024/7/22 5:04"
843,843,"The discussions `are` currently `entering a new *phase*`.","議論は現在`新たな*局面*に入っている`。","2023/9/9 7:15","2024/7/22 5:05"
844,844,"Young Japanese today are used to `Western *modes* of thought`.","今日の日本の若者は`西洋流の思考*方式*`に慣れている。","2023/9/9 7:15","2024/7/22 5:06"
845,845,"Good diet is important for `lengthening our life *span*`.","体によい食事は`私たちの*寿命*を延ばす`のに重要である。","2023/9/9 7:15","2024/7/22 5:07"
846,846,"`Newton’s theory of *gravity*` was greatly influenced by Kepler’s ideas.","`ニュートンの*重力*理論`はケプラーの考えに大きな影響を受けた。","2023/9/9 7:15","2024/7/22 5:09"
847,847,"The telecommunication satellite `went into *orbit* around the earth`.","その通信衛星は`地球を回る*軌道*に乗った`。","2023/9/9 7:15","2024/7/22 5:10"
848,848,"Scientists are planning to capture `an *asteroid* orbiting around Mars`.","科学者は`火星周辺の軌道を回る*小惑星*`を捕らえる計画を立てている。","2023/9/9 7:15","2024/7/22 5:11"
849,849,"His speech mentioned `the *core* of the problem`.","彼の演説は`問題の*核心*`に触れた。","2023/9/9 7:15","2024/7/22 5:12"
850,850,"They say that `music is good for the *soul*`.","`音楽は*精神*によい`と言われる。","2023/9/9 7:15","2024/7/22 5:13"
851,851,"She happened to cut `a *nerve* in her finger` while cooking.","彼女は料理中に`指の*神経*`を切ってしまった。","2023/9/9 7:15","2024/7/22 5:14"
852,852,"`The area of *infection* spread` all over the patient’s body.","`*感染*の範囲が`その患者の体中に`広まった`。","2023/9/9 7:15","2024/7/22 5:15"
853,853,"She goes to `the shopping *mall*` almost every weekend.","彼女はほぼ週末毎に`そのショッピング*モール*`へ行く。","2023/9/9 7:15","2024/7/22 5:16"
854,854,"He drives to discount stores to `buy cheap *groceries*`.","彼は安売り店に車で行き、`安い*食料雑貨*を買う`。","2023/9/9 7:15","2024/7/22 5:18"
855,855,"He is an American and is new to `the British sense of *humor*`.","彼はアメリカ人で、`イギリス人の*ユーモア*のセンス`に馴染みがない。","2023/9/9 7:15","2024/7/22 5:18"
856,856,"Pigeons `know by *instinct*` how to return to their places of birth.","ハトは`*本能*的に`生まれた場所への帰り方を`知っている`。","2023/9/9 7:15","2024/7/22 5:20"
857,857,"The company’s workers all `expressed *faith* in their president`.","その会社の社員全員が`社長への*信頼*を示した`。","2023/9/9 7:15","2024/7/22 5:21"
858,858,"The key to success lies in `the *courage* of not giving up hope`.","成功の鍵は`希望を捨てない*勇気*`にある。","2023/9/9 7:15","2024/7/22 5:21"
859,859,"Students need `a clear *incentive* to study`.","生徒たちは`勉強するための明らかな*動機付け*`を必要とする。","2023/9/9 7:15","2024/7/22 5:22"
860,860,"There is not much `*prospect* that the world economy will improve` this year.","今年`世界経済が上向く*見込み*`はあまりない。","2023/9/9 7:15","2024/7/24 0:22"
861,861,"Tradition is often `an *obstacle* to development`.","伝統はしばしば`進歩に対する*障害*`となる。","2023/9/9 7:15","2024/7/24 0:23"
862,862,"In Prague, you can see `various styles of *architecture*`.","プラハでは、`様々な*建築*様式`を見ることができる。","2023/9/9 7:15","2024/7/24 0:24"
863,863,"Water moves through `the *stems* and leaves of the plants`.","水分は`植物の*茎*や葉`の中を通って移動する。","2023/9/9 7:15","2024/7/24 0:25"
864,864,"Some people think that `freedom may be an *illusion*`.","`自由とは*錯覚*かもしれない`と考える人がいる。","2023/9/9 7:15","2024/7/24 0:26"
865,865,"It is necessary to deal with `*discrimination* against women`.","`女性に対する*差別*`に取り組むことが必要である。","2023/9/9 7:15","2024/7/24 0:27"
866,866,"`*Shame* is a negative feeling` towards oneself.","`*恥*は`自分自身に対する`否定的な感情である`。","2023/9/9 7:15","2024/7/24 0:29"
867,867,"`A *drought* can destroy crops` and damage the livelihoods of farmers.","`*干ばつ*は作物を台無しにし`農家の人々の生活手段に損害を与えかねない。","2023/9/9 7:15","2024/7/24 0:30"
868,868,"Cooking can bring out `the natural *flavor* of vegetables`.","料理は`野菜の自然の*風味*`を引き出し得る。","2023/9/9 7:15","2024/7/24 0:31"
869,869,"`A large *portion* of the United States population` reads e-books.","`アメリカ国民の大*部分*`が電子書籍を読む。","2023/9/9 7:15","2024/7/24 0:33"
870,870,"`The *recipe* for this dish` is not easy to prepare at home.","`この料理の*レシピ*`は家で準備するのが簡単ではない。","2023/9/9 7:15","2024/7/24 0:34"
871,871,"Many people `thought of sugar as a *luxury* in the 1800s`.","`1800年代に`は多くの人が`砂糖を*贅沢品*と考えていた`。","2023/9/9 7:15","2024/7/24 0:35"
872,872,"The man used `wood *chips*` to build a fire.","その男性は火をおこすのに`木の*切りくず*`を使った。","2023/9/9 7:15","2024/7/24 0:37"
873,873,"Some experts say ancient Egyptian sports were `*rituals* that honored the dead`.","古代エジプトのスポーツは`死者を弔う*儀式*`であったと言う専門家もいる。","2023/9/9 7:15","2024/7/24 0:39"
874,874,"I gave up smoking `for the *sake* of my health`.","私は`健康の*ため*に`煙草を吸うのをやめた。","2023/9/9 7:15","2024/7/24 0:40"
875,875,"We are going to visit `all the seven *prefectures* in Kyushu`.","私たちは`九州の七*県*すべて`を訪れる予定である。","2023/9/9 7:15","2024/7/24 0:41"
876,876,"`The town *council*` decided to cut down the roadside trees.","`町*議会*`は道路脇の木を切り倒すことに決めた。","2023/9/9 7:15","2024/7/24 0:42"
877,877,"`The university *administration*` has chosen to move into a new building.","`大学*管理部*`は新しいビルに移転することを選んだ。","2023/9/9 7:15","2024/7/24 0:43"
878,878,"Under `the new elementary school *curriculum*`, students must study English.","`新しい小学校の*教育課程*`では、生徒は英語を勉強しなければならない。","2023/9/9 7:15","2024/7/24 2:06"
879,879,"`Nothing is more *precious* than life`.","`命より*貴重な*ものはない`。","2023/9/9 7:15","2024/7/24 2:11"
880,880,"The professor `was *generous* enough to extend the deadline` for the paper.","教授は`*寛大に*も`レポートの`締め切りを延ばしてくれた`。","2023/9/9 7:15","2024/7/24 2:13"
881,881,"`His *casual* remark` caused us a lot of trouble.","`彼の*何気ない*発言`のせいで私たちは大変な迷惑を被った。","2023/9/9 7:15","2024/7/24 2:13"
882,882,"She `feels *optimistic* about her future`.","彼女は`自分の将来に関して*楽観的な*気持ちだ`。","2023/9/9 7:15","2024/7/24 2:14"
883,883,"`The *rough* skin on his face` is caused by many years of working outdoors.","`彼の顔の*荒れた*肌`は長年の屋外での仕事が原因である。","2023/9/9 7:15","2024/7/24 2:15"
884,884,"`An *unpleasant* experience` may be caused by your actions.","`*不愉快な*経験`はあなたの行動によって引き起こされるかもしれない。","2023/9/9 7:15","2024/7/24 2:16"
885,885,"`*Arctic* ice` may disappear in the future due to global warming.","`*北極の*氷`は地球温暖化のせいで将来消滅するかもしれない。","2023/9/9 7:15","2024/7/24 2:18"
886,886,"Having a long life is `the *ultimate* goal` for many people.","多くの人にとって長生きすることは`*究極の*目標`である。","2023/9/9 7:15","2024/7/24 2:19"
887,887,"She is learning sign language to `communicate with *deaf* people`.","彼女は`*耳が聞こえない*人と意思疎通を図る`ために手話を学んでいる。","2023/9/9 7:15","2024/7/24 2:20"
888,888,"This bag is made from `*genuine* leather`.","このカバンは`*本物の*革`でできている。","2023/9/9 7:15","2024/7/24 2:21"
889,889,"More `*manual* laborers` may be needed in Japan in the future.","将来日本では、より多くの`*肉体*労働者`が必要になるかもしれない。","2023/9/9 7:15","2024/7/24 2:22"
890,890,"Our flight to Sydney `has been delayed due to *mechanical* problems`.","私たちの乗るシドニー便は`*機械の*問題のために遅れている`。","2023/9/9 7:15","2024/7/24 2:23"
891,891,"They can talk to their children via `e-mail and *instant* messaging`.","`Eメールや*インスタント*メッセージ機能`を通じて彼らは自分の子どもたちと話すことができる。","2023/9/9 7:15","2024/7/24 2:25"
892,892,"It isn’t always easy to decide how to `spend your *spare* time`.","`自分の*余*暇を`どう`過ごすか`を決めるのは必ずしも簡単ではない。","2023/9/9 7:15","2024/7/24 2:26"
893,893,"`The *immune* system` uses a variety of white blood cells to fight disease.","`*免疫*系`は病気と闘うのに種々の白血球を使う。","2023/9/9 7:15","2024/7/24 2:27"
894,894,"Polar bears are perfectly adapted to `live in their *harsh* environment`.","ホッキョクグマは`自らの*厳しい*環境で生息する`のに完全に適応している。","2023/9/9 7:15","2024/7/25 21:49"
895,895,"`*Collective* and individual thinking` are influenced by language.","`*集団の*思考や個人の思考`は言語に影響される。","2023/9/9 7:15","2024/7/25 21:51"
896,896,"Some people believe that `global warming is *inevitable*`.","`地球温暖化は*避けられない*`と思っている人もいる。","2023/9/9 7:15","2024/7/25 21:52"
897,897,"The poetry she read `had a *profound* impact on her life`.","彼女が読んだ詩は`彼女の人生に*重大な*影響を及ぼした`。","2023/9/9 7:15","2024/7/25 21:53"
898,898,"Our economy is recovering `at a *steady* pace`.","わが国の経済は`*着実な*ペースで`回復しつつある。","2023/9/9 7:15","2024/7/25 21:54"
899,899,"The child was regarded as `*mature* for his age`.","その子度は`年齢の割に*成熟している*`と見なされた。","2023/9/9 7:15","2024/7/25 21:55"
900,900,"Other people would `do *likewise*` in this kind of situation.","この種の状況においてはほかの人々も`*同じように*する`だろう。","2023/9/9 7:15","2024/7/25 21:57"
901,901,"The police `*chased* the criminals` running from the bank.","警察は銀行から逃げている`犯人たちを*追跡した*`。","2023/9/9 7:15","2024/7/26 0:21"
902,902,"The customer `is *suing* the company for the mistake in the order`.","その顧客は`注文での間違いのかどでその会社を*訴えて*いる`。","2023/9/9 7:15","2024/7/26 0:22"
903,903,"Deep in thought, he continued to `*gaze* at the ocean`.","思いに耽って、彼は`海を*じっと見*`続けた。","2023/9/9 7:15","2024/7/26 0:24"
904,904,"He got injured when he `*slipped* on ice` on the street.","通りに張った`氷の上で*滑った*`とき、彼はけがをした。","2023/9/9 7:15","2024/7/26 0:25"
905,905,"He `*loaded* his truck with camping gear`.","彼は`自分のトラックにキャンプ用品を*積んだ*`。","2023/9/9 7:15","2024/7/26 0:27"
906,906,"She `was *overwhelmed* by the beautiful view` of the Grand Canyon.","彼女はグランドキャニオンの`美しい眺めに*圧倒さ*れた`。","2023/9/9 7:15","2024/7/26 0:28"
907,907,"She `*wandered* around the city` all day.","彼女は一日中`市内を*歩き回った*`。","2023/9/9 7:15","2024/7/26 0:29"
908,908,"She saw a few clouds `*floating* across the sky`.","彼女にはいくつかの雲が`空に*浮かんで流れていく*`のが見えた。","2023/9/9 7:15","2024/7/26 0:30"
909,909,"He `*poured* some tea into a cup`.","彼は`カップに紅茶を*注いだ*`。","2023/9/9 7:15","2024/7/26 0:31"
910,910,"He `*substituted* honey for sugar` in the recipe.","彼はそのレシピで`蜂蜜を砂糖の*代わりに使った*`。","2023/9/9 7:15","2024/7/26 0:32"
911,911,"Learning how to read helps children `*pronounce* words` better.","読み方を学ぶことは、子どもがもっと上手に`言葉を*発音する*`助けとなる。","2023/9/9 7:15","2024/7/26 0:34"
912,912,"`His wool sweater *shrank* in the dryer`.","`彼のウールのセーターは乾燥機で*縮んだ*`。","2023/9/9 7:15","2024/7/26 0:34"
913,913,"The government promised to `*restore* the economy to a healthy state`.","政府は`経済を健全な状態に*回復させる*`と約束した。","2023/9/9 7:15","2024/7/26 0:36"
914,914,"`Heavy rain *triggered* a sudden flood` in the village.","`大雨が`その村で`突然の洪水を*引き起こした*`。","2023/9/9 7:15","2024/7/26 0:37"
915,915,"She `*grabbed* the handrail` to stop herself from falling.","彼女は倒れないように`手すりを*つかんだ*`。","2023/9/9 7:15","2024/7/26 0:38"
916,916,"My father `has *retained* the same body strength` since his twenties.","父は二十代のころから`同じ体力を*保持している*`。","2023/9/9 7:15","2024/7/26 0:39"
917,917,"The museum `*reproduced* some of its famous paintings` on postcards for sale.","その美術館は`有名な絵画のいくつかを`販売用のはがきに`*複製した*`。","2023/9/9 7:15","2024/7/26 0:41"
918,918,"The little boar `*bobbed* gently up and down` on the water.","小舟が水面を`穏やかに*上下した*`。","2023/9/9 7:15","2024/7/26 0:43"
919,919,"Hollywood movies `have *entertained* audiences` around the world for years.","ハリウッド映画は長年にわたって世界中の`観客を*楽しませてきた*`。","2023/9/9 7:15","2024/7/26 0:44"
920,920,"The church should not `*interfere* in politics`.","教会は`政治に*干渉する*`べきではない。","2023/9/9 7:15","2024/7/26 0:45"
921,921,"Her doctor advised her to `*cultivate* healthier lifestyle habits`.","主治医は彼女に`もっと健康的な生活習慣を*養う*`ように忠告した。","2023/9/9 7:15","2024/7/26 0:47"
922,922,"`Economic issues *underlie* negotiations` between the two countries.","`経済問題が`両国間の`交渉の*根底にある*`。","2023/9/9 7:15","2024/7/26 0:48"
923,923,"They `*anticipate* a bright future` for their only son.","彼らは一人息子に`明るい将来を*期待している*`。","2023/9/9 7:15","2024/7/26 0:49"
924,924,"In the hearing, the politician `*justified* her actions`.","聴聞会でその政治家は`自分の行動を*正当化した*`。","2023/9/9 7:15","2024/7/26 0:51"
925,925,"Europe has made efforts to `*regulate* content on the Internet`.","ヨーロッパは`インターネット上のコンテンツを*規制する*`ための努力をしている。","2023/9/9 7:15","2024/7/26 0:52"
926,926,"The doctor `*scanned* the patient’s body` using a machine.","医師は機械を使って`患者の体を*スキャンした*`。","2023/9/9 7:15","2024/7/26 9:38"
927,927,"`The books are *classified*` according to the authors’ names.","`本は`作家の名前にしたがって`*分類さ*れている`。","2023/9/9 7:15","2024/7/26 9:39"
928,928,"He `*submitted* the paper` to his teacher a few days early.","彼は数日早く先生に`論文を*提出した*`。","2023/9/9 7:15","2024/7/26 9:40"
929,929,"The speaker `*paused* to drink from a glass of water`.","その演説者は`コップの水を飲むために話を*中断した*`。","2023/9/9 7:15","2024/7/26 9:41"
930,930,"After the storm, I saw that `my house’s fence was *leaning* slightly`.","嵐のあと、`私の家の塀が少し*傾いて*いる`のが分かった。","2023/9/9 7:15","2024/7/26 9:42"
931,931,"She `nearly *bumped* into a man` who was walking using a smartphone.","彼女はスマートフォンを使いながら歩いていた`男性に危うく*ぶつかり*そうに*なった*`。","2023/9/9 7:15","2024/7/26 9:44"
932,932,"She is very good at `*folding* clothes`.","彼女は衣`服を*たたむ*`のがとてもうまい。","2023/9/9 7:15","2024/7/26 9:45"
933,933,"Many people `*hesitate* to contact someone` by phone these days.","最近、電話で`人に連絡するのを*ためらう*`人が多い。","2023/9/9 7:15","2024/7/26 9:48"
934,934,"This device is used to `*pump* oxygen into a patient’s body`.","この装置は`患者の体の中に酸素を*送り込む*`のに用いられる。","2023/9/9 7:15","2024/7/26 9:51"
935,935,"He `*mounted* his country’s flag` on the wall of his living room.","彼は`自国の旗を`　居間の壁に`*据え付けた*`。","2023/9/9 7:15","2024/7/26 9:52"
936,936,"`His income *exceeds* ten million yen` a year.","`彼の所得は`年間`1,000万円を*超える*`。","2023/9/9 7:15","2024/7/26 9:54"
937,937,"After the war, our country `*underwent* many social changers`.","戦後、我が国は`多くの社会的変化を*経験した*`。","2023/9/9 7:15","2024/7/26 9:55"
938,938,"We have to `*confront* the problem` of the declining birthrate.","私たちは少子化`問題に*立ち向かわ*`なくてはならない。","2023/9/9 7:15","2024/7/26 9:56"
939,939,"The political candidate `*consulted* his adviser` about an election campaign.","その立候補者は選挙運動について`顧問に*相談した*`。","2023/9/9 7:15","2024/7/26 9:57"
940,940,"She was given a chance to `*fulfill* her dream`.","彼女は`自分の夢を*実現させる*`機会を与えられた。","2023/9/9 7:15","2024/7/26 9:58"
941,941,"Intelligence is not `the *privilege* of the human species alone`.","知能は`人間だけの*特権*`ではない。","2023/9/9 7:15","2024/7/26 9:59"
942,942,"There are a lot of theories about `the *formation* of the universe`.","`宇宙の*形成*`に関して多くの理論がある。","2023/9/9 7:15","2024/7/26 10:00"
943,943,"The IT revolution `has added a new *dimension*` to the collection of data.","IT革命はデータ収集に`新しい*側面*を加えた`。","2023/9/9 7:15","2024/7/26 10:01"
944,944,"There is `a network of *neurons*` in the brain.","脳内には`*ニューロン*の網状組織`がある。","2023/9/9 7:15","2024/7/26 10:02"
945,945,"After the traffic accident, he `lost all *sensation* in his fingers`.","交通事故のあと、彼は`指の全*感覚*を失った`。","2023/9/9 7:15","2024/7/26 10:03"
946,946,"She uses `*charts* and tables` when explaining her projects.","彼女は自分の研究課題を説明するとき`*図*や表`を使う。","2023/9/9 7:15","2024/7/26 10:04"
947,947,"`The *geography* of the country` makes it easy to grow grapes.","`その国の*地理*`はブドウの栽培を容易にする。","2023/9/9 7:15","2024/7/26 10:05"
948,948,"`A *panel* of computer experts` has discussed the government’s proposal.","`コンピュータの専門家の*一団*`は政府の提案について議論した。","2023/9/9 7:15","2024/7/26 10:06"
949,949,"She is required to `take at least six classes every *semester*`.","彼女は`毎*学期*に少なくとも6つの授業を取る`ことが求められている。","2023/9/9 7:15","2024/7/26 10:08"
950,950,"In Japan, the number of `people entering the *workforce*` has been decreasing.","日本では、`*労働人口*に加わる人`の数が減少している。","2023/9/9 7:15","2024/7/26 10:09"
951,951,"There are a lot of `paper *mills*` in Shizuoka Prefecture.","静岡県にはたくさんの`製紙*工場*`がある。","2023/9/9 7:15","2024/7/26 10:10"
952,952,"We need to control `the *abuse* of drugs`.","私たちは`薬物*乱用*`を規制する必要がある。","2023/9/9 7:15","2024/7/26 10:11"
953,953,"Smoking in a crowded place is `a terrible *vice*`.","混み合った場所での喫煙は`ひどい*悪*`である。","2023/9/9 7:15","2024/7/26 10:12"
954,954,"He believes `it is his *fate* to marry his girlfriend`.","彼は`ガールフレンドと結婚することは自分の*運命*だ`と信じている。","2023/9/9 7:15","2024/7/26 10:13"
955,955,"`*Tragedy* struck` when the hurricane hit the town.","ハリケーンがその町を襲ったとき、`*悲劇*が起きた`。","2023/9/9 7:15","2024/7/26 10:14"
956,956,"Getting bad grades at school is `the worst *scenario*` for me.","学校で悪い成績を取ることが私にとって`最悪の*事態*`である。","2023/9/9 7:15","2024/7/26 10:15"
957,957,"No one knows why `food *allergies*` are on the increase.","なぜ`食物*アレルギー*`が増えているのか、誰にも分からない。","2023/9/9 7:15","2024/7/26 10:16"
958,958,"`His old *wounds* still ache` in cold weather.","`彼の古*傷*は今でも`寒い天候の時に`痛む`。","2023/9/9 7:15","2024/7/26 10:17"
959,959,"Bacteria may sometimes develop `resistance to *antibiotics*`.","最近はときには`*抗生物質*に対する耐性`を発達させることがある。","2023/9/9 7:15","2024/7/28 4:29"
960,960,"Many research projects are trying to find `an effective HIV *vaccine*`.","多くの研究プロジェクトが`効果的なHIV*ワクチン*`を発見しようとしている。","2023/9/9 7:15","2024/7/28 4:30"
961,961,"`A “salad bowl” is a *metaphor*` often used to describe American society.","`「サラダボウル」は`アメリカ社会を表現するのによく使われる`*隠喩*である`。","2023/9/9 7:15","2024/7/28 4:31"
962,962,"Today, `young *folks*` are listening to music influenced by classic jazz.","今日、`若い*人々*`はクラシックジャズの影響を受けた音楽を聴いている。","2023/9/9 7:15","2024/7/28 4:33"
963,963,"In Japan, you can use IC cards to pay for `train and bus *fees*`.","日本では、`列車やバスの*料金*`を支払うのにICカードを使うことができる。","2023/9/9 7:15","2024/7/28 4:34"
964,964,"Eventually, there will be `a *transition* to self-driving cars`.","ゆくゆくは、`自動運転の車への*移行*`が起こるだろう。","2023/9/9 7:15","2024/7/28 4:35"
965,965,"`The *maximum* I can afford for rent` is $500 per month.","`私が家賃に払える*最大限*`は月に500ドルだ。","2023/9/9 7:15","2024/7/28 4:36"
966,966,"`Stars from other *galaxies*` are hard to see with the naked eye.","`他の*星雲*の星`は肉眼では見えにくい。","2023/9/9 7:15","2024/7/28 4:37"
967,967,"Hot spring waters often contain `*minerals* such as iron`.","温泉水は`鉄のような*鉱物*`を含むことが多い。","2023/9/9 7:15","2024/7/28 4:38"
968,968,"`The human *skeleton*` is made up of more than 200 bones.","`人間の*骨格*`は200以上の骨からなっている。","2023/9/9 7:15","2024/7/28 4:39"
969,969,"`The Japanese emperor is the *counterpart* to the British queen`.","`日本の天皇はイギリスの女王に*相当する存在*である`。","2023/9/9 7:15","2024/7/28 4:40"
970,970,"He `cannot move his left arm due to a *stroke*`.","彼は`*脳卒中*のせいで左腕を動かすことが出来ない`。","2023/9/9 7:15","2024/7/28 4:40"
971,971,"`A *pedestrian* was hit by a car` when he was crossing the street.","`*歩行者*が`道路を渡っていたとき、`車にはねられた`。","2023/9/9 7:15","2024/7/28 5:12"
972,972,"Be sure to stay on `the hiking *trail*` for your own safety.","自身の安全のために決して`ハイキング用の*小道*`から外れないでください。","2023/9/9 7:15","2024/7/28 5:13"
973,973,"He is going to study natural science and become `an expert on *ecology*`.","彼は自然科学を研究し、`*生態学*の専門家`になるつもりである。","2023/9/9 7:15","2024/7/28 5:14"
974,974,"`The bond between *siblings*` will likely become stronger in later life.","`*きょうだい*間の絆`はおそらく晩年に強まるだろう。","2023/9/9 7:15","2024/7/28 5:15"
975,975,"`The *ratio* of patients to nurses` in this hospital is 7 to 1.","この病院の`患者と看護師の*比率*`は7対1である。","2023/9/9 7:15","2024/7/28 5:16"
976,976,"Japan has `a nice *mixture* of traditional and modern buildings`.","日本には`伝統的な建物と現代的な建物の見事な*混合*`がある。","2023/9/9 7:15","2024/7/28 5:18"
977,977,"Nara, famous for its Great Buddha, still `retains its ancient *charm*`.","大仏で有名な奈良は、今でも`その古代の*魅力*を保持している`。","2023/9/9 7:15","2024/7/28 5:19"
978,978,"He finally achieved `his *ambition* of competing in the Olympic games`.","彼はついに`オリンピックで競うという*願望*`を達成した。","2023/9/9 7:15","2024/7/28 5:24"
979,979,"She is `a *prominent* researcher` in the field of science.","彼女は化学分野において`*卓越した*研究者`である。","2023/9/9 7:15","2024/7/28 5:25"
980,980,"`*Radical* candidates` can sometimes be elected.","`*急進的*な候補者`が時々選出される可能性がある。","2023/9/9 7:15","2024/7/28 5:26"
981,981,"She surprised us with `her *prompt* response`.","彼女は`*迅速な*応答`で私たちを驚かせた。","2023/9/9 7:15","2024/7/28 5:26"
982,982,"At the party, he `spoke in a friendly, *informal* way`.","パーティーで、彼は`友好的で*形式張らない*話し方をした`。","2023/9/9 7:15","2024/7/28 5:28"
983,983,"`*Mutual* respect` is the key to a successful relationship.","`*相互の*尊重`が上手くいく関係の鍵である。","2023/9/9 7:15","2024/7/28 5:28"
984,984,"She always `adopts a *neutral* position` in a debate.","彼女は討論でいつも`*中立の*立場をとる`。","2023/9/9 7:15","2024/7/28 5:29"
985,985,"The police officers `are now *alert* to the rising crime` in the area.","警官たちはその地域で`増加している犯罪に対し現在*警戒して*いる`。","2023/9/9 7:15","2024/7/28 5:31"
986,986,"The Earth has `a *magnetic* field` which gives it protection.","地球には地球を保護している`*磁*場`がある。","2023/9/9 7:15","2024/7/28 5:32"
987,987,"Penguins are well adapted to the environment in `the *polar* regions`.","ペンギンは`*極*地`の環境にうまく順応している。","2023/9/9 7:15","2024/7/28 5:33"
988,988,"Ken `is *fluent* both in English and Japanese`.","ケンは`英語と日本語の両方が*流暢で*ある`。","2023/9/9 7:15","2024/7/28 5:34"
989,989,"A submarine is designed to resist `strong *external* pressure`.","潜水艦は`強度の*外*圧`に耐えるよう設計されている。","2023/9/9 7:15","2024/7/28 5:35"
990,990,"Young children are generally `*passive* receivers` of knowledge.","幼児はたいてい知識の`*受動的な*受け手`である。","2023/9/9 7:15","2024/7/28 5:36"
991,991,"Gradually, I came to realize `the *awful* truth` about my boss.","徐々に、私は自分の上司に関する`*ひどい*事実`が分かってきた。","2023/9/9 7:15","2024/7/28 5:37"
992,992,"`His disease is *unrelated* to his eating habits`.","`彼の病気は彼の食習慣とは*無関係で*ある`。","2023/9/9 7:15","2024/7/28 5:38"
993,993,"The guards `were *cruel* to the prisoners` during the war.","捕虜監視員は戦争中`捕虜に対して*残酷であ*った`。","2023/9/9 7:15","2024/7/31 15:47"
994,994,"We should create laws against using `*fake* online accounts`.","私たちは`*偽の*オンラインアカウント`の使用を禁じる法律を作るべきである。","2023/9/9 7:15","2024/7/31 15:49"
995,995,"Some power plants `are *vulnerable* to hacking`.","`コンピューターへの不法侵入に*弱い*`発電所もある。","2023/9/9 7:15","2024/7/31 15:50"
996,996,"The aging of the population is `an *urgent* issue` for us to tackle.","人口の高齢化は私たちが取り組むべき`*緊急の*課題`である。","2023/9/9 7:15","2024/7/31 15:51"
997,997,"Music brings us `a sense of *spiritual* well-being`.","音楽は私たちに`*精神的に*健康だという感覚`をもたらす。","2023/9/9 7:15","2024/7/31 15:52"
998,998,"He always shows `a *modest* attitude` towards everyone.","彼は誰に対しても常に`*謙虚な*態度`を示す。","2023/9/9 7:15","2024/7/31 15:53"
999,999,"He `is *keen* to gather information` about the new company.","彼はその新会社に関する`情報を集めるのに*熱心で*ある`。","2023/9/9 7:15","2024/7/31 15:54"
1000,1000,"`She is over sixty but sings beautifully *nonetheless*`.","`彼女は60才を超えているが、*それでもなお*見事に歌う`。","2023/9/9 7:15","2024/7/31 15:55"
1001,1001,"I will `*negotiate* with the client` about the delivery date.","私が納期に関して`顧客と*交渉します*`。","2023/9/9 7:15","2024/8/1 1:24"
1002,1002,"The children were able to `*grasp* the new ideas` from the lesson.","子どもたちはその課に出てきた`新しい考えを*理解する*`ことができた。","2023/9/9 7:15","2024/8/1 1:25"
1003,1003,"People from many countries `*donate* money` to UNICEF.","多くの国の人がユニセフに`お金を*寄付する*`。","2023/9/9 7:15","2024/8/1 1:26"
1004,1004,"The police `*arrested* the suspect` on charges of supplying drugs.","警察は麻薬を供給した罪で`その容疑者を*逮捕した*`。","2023/9/9 7:15","2024/8/1 1:28"
1005,1005,"`The glass door *cracked*` when the man bumped into it.","`そのガラスのドアは`男がそれにぶつかったときに`*ひびが入った*`。","2023/9/9 7:15","2024/8/1 1:29"
1006,1006,"The child `was` repeatedly `*tapping* the smartphone screen`.","その子どもは`スマートフォンの画面を`繰り返し`*軽くたたいて*いた`。","2023/9/9 7:15","2024/8/1 1:30"
1007,1007,"The Sudan `was *split* into two republics` in 2011.","スーダンは2011年に`2つの共和国に*分割さ*れた`。","2023/9/9 7:15","2024/8/1 1:31"
1008,1008,"`The weather` for tomorrow `is *forecasted* to be cloudy`.","明日の`天気は曇りと*予想さ*れている`。","2023/9/9 7:15","2024/8/1 1:32"
1009,1009,"`Tax was *excluded* from the price`.","`税金は価格から*除外さ*れていた`。","2023/9/9 7:15","2024/8/1 1:35"
1010,1010,"He `*overlooked* some important facts` during his research.","彼は研究の中で`いくつかの重要な事実を*見落とした*`。","2023/9/9 7:15","2024/8/1 1:36"
1011,1011,"`The bubble economy` in Japan `*burst*` in the 1990s.","日本の`バブル経済`は1990年代に`*崩壊した*`。","2023/9/9 7:15","2024/8/1 1:37"
1012,1012,"The therapist `has *healed* many people with disease`.","その治療士は`大勢の病気にかかっている人々を*治してきた*`。","2023/9/9 7:15","2024/8/1 1:39"
1013,1013,"The art museum `*forbids* visitors from taking pictures inside the building`.","その美術館は`来館者が館内で写真を撮ることを禁*じている*`。","2023/9/9 7:15","2024/8/1 1:40"
1014,1014,"Yesterday, I `*installed* some new apps` on my smartphone.","昨日私はスマートフォンに`新しいアプリをいくつか*インストールした*`。","2023/9/9 7:15","2024/8/1 1:41"
1015,1015,"The counselor taught me some ways to `*diminish* anxiety`.","カウンセラーは私に`不安を*減らす*`ためのいくつかの方法を教えてくれた。","2023/9/9 7:15","2024/8/1 1:42"
1016,1016,"The doctor `*cited* the case` of a man who survived five operations.","医師は5度の手術を乗り越えた男性の`事例を*引き合いに出した*`。","2023/9/9 7:15","2024/8/1 1:43"
1017,1017,"She `*quoted* an old Chinese proverb` in her speech.","彼女は演説の中で`古い中国のことわざを*引用した*`。","2023/9/9 7:15","2024/8/1 2:21"
1018,1018,"I `*disputed* the reviews` that said the movie was good.","私はその映画が優れているといっている`批評に*異議を唱えた*`。","2023/9/9 7:15","2024/8/1 2:22"
1019,1019,"The news story `*highlights* the problems` of children using smartphones.","そのニュース記事は子どものスマホ使用がはらむ`問題を*強調している*`。","2023/9/9 7:15","2024/8/1 2:23"
1020,1020,"Loud music always `*distracts* me from reading`.","大音量の音楽はいつも`私の気を読書から*そらす*`。","2023/9/9 7:15","2024/8/1 2:24"
1021,1021,"The salesperson `*cheated* his customers out of their money`.","その販売員は`顧客から金を*だまし取った*`。","2023/9/9 7:15","2024/8/1 2:25"
1022,1022,"Teachers have a good chance to `*foster* their students’ thinking ability`.","教師は`生徒の考える力を*育む*`よい機会を持っている。","2023/9/9 7:15","2024/8/1 2:35"
1023,1023,"We ought to `*obey* traffic rules` so we have fewer accidents.","私たちは交通事故を少なくするために`交通規則に*従う*`べきである。","2023/9/9 7:15","2024/8/1 2:42"
1024,1024,"She cannot `*bend* her right elbow` due to her injury.","彼女はけがのせいで`右肘を*曲げる*`ことが出来ない。","2023/9/9 7:15","2024/8/1 2:43"
1025,1025,"The military `*deprived* the citizens of their liberty`.","軍隊は`国民から自由を*奪った*`。","2023/9/9 7:15","2024/8/1 2:44"
1026,1026,"The mayor `*governed* our city` for over ten years.","その市長は10年以上にわたって`我が市を*統治した*`。","2023/9/9 7:15","2024/8/1 2:45"
1027,1027,"Emma `*logs* on to her e-mail account` many times a day.","エマは一日に何回も`Eメールのアカウントに*ログオンする*`。","2023/9/9 7:15","2024/8/1 2:47"
1028,1028,"During the war, the soldier `*transmitted* messages` through radio signals.","戦争中、その兵士は無線信号を通じて`メッセージを*伝えた*`。","2023/9/9 7:15","2024/8/1 2:48"
1029,1029,"The boy stopped some other boys from `*bullying* a girl`.","その少年は他の少年たちが`少女を*いじめる*こと`をやめさせた。","2023/9/9 7:15","2024/8/1 2:49"
1030,1030,"When the doorbell rang, he `*leaped* from the bed` and rushed to the entrance.","玄関のベルが鳴ったとき、彼は`ベッドから*飛び降りて*`戸口に急いだ。","2023/9/9 7:15","2024/8/1 2:50"
1031,1031,"We `were *astonished* at the surprise visit` of the famous actor.","私たちは有名な俳優の`突然の訪問に*驚いた*`。","2023/9/9 7:15","2024/8/1 2:51"
1032,1032,"Her violin performance `*thrilled* the audience`.","彼女のバイオリンの演奏は`聴衆を*ぞくぞくさせた*`。","2023/9/9 7:15","2024/8/1 2:52"
1033,1033,"The patient `*nodded* in agreement` with her doctor.","患者は担当の医師に`同意して*うなずいた*`。","2023/9/9 7:15","2024/8/1 2:53"
1034,1034,"The actors `*bowed* to the audience` after the musical was over.","ミュージカルが終わった後、俳優たちは`観衆に向かって*おじぎした*`。","2023/9/9 7:15","2024/8/2 3:40"
1035,1035,"The coffee brand `*blends* Ethiopian beans with Brazilian ones`.","そのコーヒーブランドは`エチオピア産の豆をブラジル産の豆と*混ぜ合わせる*`。","2023/9/9 7:15","2024/8/2 3:41"
1036,1036,"Only Lina disagreed with us, which `*complicated* the situation`.","リーナだけが私たちに反対し、そのことが`状況を*複雑にした*`。","2023/9/9 7:15","2024/8/2 3:43"
1037,1037,"She `*pitched* some wood into the fire`.","彼女は`いくらかの木を火の中に*投げ入れた*`。","2023/9/9 7:15","2024/8/2 3:44"
1038,1038,"`His sadness *persisted* for a long time` after his mother’s death.","母親の死後、`彼の悲しみは長い間*続いた*`。","2023/9/9 7:15","2024/8/2 3:45"
1039,1039,"He `*dedicates* his life to the study` of insects.","彼は`人生を昆虫の研究に*捧げている*`。","2023/9/9 7:15","2024/8/2 3:46"
1040,1040,"`Robert’s new car is *equipped* with a great music system`.","`ロバートの新しい車は素晴らしい音楽装置を*備えて*いる`。","2023/9/9 7:15","2024/8/2 3:47"
1041,1041,"All logical arguments have `two *premises* and a conclusion`.","論理的な主張はすべて`2つの*前提*と1つの結論`を備えている。","2023/9/9 7:15","2024/8/2 3:48"
1042,1042,"`The incorrect *input* of data` led to the wrong conclusion.","`不正確なデータの*入力*`が誤った結論につながった。","2023/9/9 7:15","2024/8/2 3:50"
1043,1043,"The novel `has the *merit* of being informative and entertaining`.","その小説には`情報に富みおもしろいという*利点*がある`。","2023/9/9 7:15","2024/8/2 3:52"
1044,1044,"I `had *sympathy* for my injured friend`.","私は`けがをした友人に*同情*した`。","2023/9/9 7:15","2024/8/2 3:53"
1045,1045,"After `receiving a *compliment* from his teacher`, he smiled back.","`先生から*賛辞*を受けた`後、彼は微笑みを返した。","2023/9/9 7:15","2024/8/2 5:25"
1046,1046,"The typhoon destroyed much of `the city’s *infrastructure*`.","その台風は`市の*インフラ*`の多くを破壊した。","2023/9/9 7:15","2024/8/2 5:26"
1047,1047,"`The sun’s *rays*` are strongest in the summer.","`太陽*光線*`は夏に最も強くなる。","2023/9/9 7:15","2024/8/2 5:27"
1048,1048,"Mary’s poor behavior `causes great *distress*` for her mother.","メアリーのよくない行動が彼女の母親にとっての`大きな*苦悩*の原因である`。","2023/9/9 7:15","2024/8/2 5:28"
1049,1049,"I `twisted one of my knee *joints*` while running.","私はランニング中に`片方の膝の*関節*をひねった`。","2023/9/9 7:15","2024/8/2 5:29"
1050,1050,"He went on `an *expedition* to the South Pole`.","彼は`南極への*探検*`に出発した。","2023/9/9 7:15","2024/8/5 15:08"
1051,1051,"Society must `protect *adolescents* from dangerous websites`.","社会は`*青年*を危険なウェブサイトから守ら`なければならない。","2023/9/9 7:15","2024/8/5 15:09"
1052,1052,"An elderly woman was sitting under `the *shade* of a big tree`.","1人の老婦人が`大きな木の*陰*`に座っていた。","2023/9/9 7:15","2024/8/5 15:10"
1053,1053,"`A trial by *jury*` is a standard practice in America.","アメリカでは`*陪審*による裁判`が標準的な慣習である。","2023/9/9 7:15","2024/8/5 15:11"
1054,1054,"The country’s people have `a strong work *ethic*`.","その国の人々は`強い労働*倫理*`を持っている。","2023/9/9 7:15","2024/8/5 15:12"
1055,1055,"He `faced a heavy *penalty* for kidnapping`.","彼は`誘拐に対して重い*刑罰*を科せられた`。","2023/9/9 7:15","2024/8/5 15:13"
1056,1056,"Using `your creative *faculties*` might help you solve the problem.","`創造*力*`を使うことはあなたがその問題を解決する助けになるかもしれない。","2023/9/9 7:15","2024/8/5 15:14"
1057,1057,"`The new housing *scheme*` is only made possible by government action.","`新しい住宅供給*計画*`は政府の働きかけがあって初めて可能となる。","2023/9/9 7:15","2024/8/5 15:16"
1058,1058,"The child `receives balanced *nutrition* from a variety of foods`.","その子どもは`種々の食べ物からバランスのいい*栄養*をとっている`。","2023/9/9 7:15","2024/8/5 15:17"
1059,1059,"Cars release `various gases and *particles*` into the air.","車は空気中に`様々なガスや*粒子*`を放出する。","2023/9/9 7:15","2024/8/5 15:18"
1060,1060,"Electron microscopes allow us to `investigate organic *molecules*`.","電子顕微鏡は私たちが`有機*分子*を調べる`のを可能にする。","2023/9/9 7:15","2024/8/5 15:19"
1061,1061,"People say that `her *nationality* is Japanese`.","`彼女の*国籍*は日本だ`と言われている。","2023/9/9 7:15","2024/8/5 15:20"
1062,1062,"`An opinion *poll*` asks people about their political preferences.","`*世論調査*`は人々に政治的志向について尋ねる。","2023/9/9 7:15","2024/8/5 15:21"
1063,1063,"He started `a medical *clinic*` after working at a university hospital.","彼は大学病院で働いた後、`内科*診療所*`を始めた。","2023/9/9 7:15","2024/8/5 15:22"
1064,1064,"Some `aging patients with *dementia*` go missing when they are out alone.","`*認知症*の高齢患者`の中には1人で外出すると行方不明になる人がいる。","2023/9/9 7:15","2024/8/5 15:23"
1065,1065,"The best way to `relieve your *fatigue*` is to have sufficient sleep.","`*疲労*を和らげる`最善の方法は十分な睡眠をとることである。","2023/9/9 7:15","2024/8/5 15:24"
1066,1066,"He is faced with `the *dilemma* of whether to quit his job.`","彼は`仕事を辞めるがどうかという*ジレンマ*`に直面している。","2023/9/9 7:15","2024/8/5 15:25"
1067,1067,"He `joined the *queue* of people` waiting for the bus.","彼はバスを待つ`人々の*列*に加わった`。","2023/9/9 7:15","2024/8/5 15:26"
1068,1068,"He drove through `many *curves* on the mountain roads`.","彼は`山道のたくさんの*カーブ*`を車で通り抜けた。","2023/9/9 7:15","2024/8/5 15:28"
1069,1069,"He `wrote a *narrative* based on his years living abroad`.","彼は`自分の外国生活を基にした*物語*を書いた`。","2023/9/9 7:15","2024/8/5 15:29"
1070,1070,"Even `a *fingerprint* left on a glass` may cause a complaint from a customer.","`グラスに残っている*指紋*`でさえも客からの苦情を招くことがある。","2023/9/9 7:15","2024/8/5 15:30"
1071,1071,"Please refer to `the attached *file*` for the details.","詳細については`添付の*ファイル*`を参照してください。","2023/9/9 7:15","2024/8/5 15:31"
1072,1072,"He is planning to `explore the Alaskan *wilderness*`.","彼は`アラスカの*荒野*を探検する`ことを計画している。","2023/9/9 7:15","2024/8/5 15:32"
1073,1073,"Organic foods are produced without `chemical *pesticides*`.","有機食品は`化学*殺虫剤*`を使わずに作られる。","2023/9/9 7:15","2024/8/5 15:32"
1074,1074,"She `got into a *panic*` when she couldn’t find her credit card.","彼女はクレジットカードが見つからなかったとき`*パニック*に陥った`。","2023/9/9 7:15","2024/8/5 15:34"
1075,1075,"`Using organic cotton as *fabric*` for clothes has become widespread.","洋服の`*生地*としてオーガニックコットンを使うこと`が広まってきている。","2023/9/9 7:15","2024/8/5 15:35"
1076,1076,"The unique feature of this movie is its fusion of `reality and *fantasy*`.","この映画の独自の特徴は`現実と*空想*`の融合である。","2023/9/9 7:15","2024/8/5 15:36"
1077,1077,"I `took a great *fancy* to my piano teacher`.","私は`ピアノの先生をとても*好き*になった`。","2023/9/9 7:15","2024/8/5 15:37"
1078,1078,"Most children are taught `the *virtue* of honesty` from old stories.","たいていの子どもは昔ばなしから`正直という*美徳*`を教わる。","2023/9/9 7:15","2024/8/5 15:38"
1079,1079,"I `am really *grateful*` to you and your family `for your hospitality`.","私はあなたとあなたのご家族の`親切なおもてなしに本当に*感謝しています*`。","2023/9/9 7:15","2024/8/5 15:39"
1080,1080,"`The conclusion` he drew from the evidence `was *valid*`.","彼がその証拠から導いた`結論は*妥当で*あった`。","2023/9/9 7:15","2024/8/5 15:40"
1081,1081,"He `made an *elaborate* plan` to climb Mont Blanc.","彼はモンブランに登る`*入念な*計画を立てた`。","2023/9/9 7:15","2024/8/5 15:41"
1082,1082,"The doctor recommended that my father `take *moderate* exercise` every day.","医師は私の父に毎日`*適度な*運動をする`ように勧めた。","2023/9/9 7:15","2024/8/5 15:42"
1083,1083,"All the audience was touched by `the *dynamic* performance` of the actor.","観衆は皆その役者の`*精力的な*演技`に感動した。","2023/9/9 7:15","2024/8/5 15:43"
1084,1084,"He was `a *brave* fighter` who challenged hundreds of enemies by himself.","彼は1人で何百人もの敵兵に挑んだ`*勇敢な*兵士`であった。","2023/9/9 7:15","2024/8/7 3:50"
1085,1085,"She is such `a *brilliant* violinist` that she can play any type of music.","彼女はとても`*素晴らしい*バイオリン奏者`で、どんな種類の音楽も演奏することができる。","2023/9/9 7:15","2024/8/7 3:51"
1086,1086,"Tokyo spent `a *tremendous* amount of money` on moving its fish market.","東京都は魚市場を移転することに`*莫大な*金額`を費やした。","2023/9/9 7:15","2024/8/7 5:14"
1087,1087,"The student gave `an *oral* report` on the subject.","その生徒はその課題について`*口頭での*報告`をした。","2023/9/9 7:15","2024/8/7 5:17"
1088,1088,"`The court found her *innocent*` and she was released.","`裁判所が彼女を*無罪だ*と判定し`、彼女は釈放された。","2023/9/9 7:15","2024/8/7 5:18"
1089,1089,"The village was severely damaged by `heavy rains and *subsequent* floods`.","村は`豪雨と*その後の*洪水`によって大きな損害を受けた。","2023/9/9 7:15","2024/8/7 5:19"
1090,1090,"Children can walk around in `the *shallow* end of the pool`.","子供たちは`プールの*浅い*方の端`で歩き回ることができる。","2023/9/9 7:15","2024/8/7 5:20"
1091,1091,"Many young people `are *indifferent* to politics and the economy`.","多くの若者は`政治や経済に*無関心で*ある`。","2023/9/9 7:15","2024/8/7 5:22"
1092,1092,"I think this wine `is *inferior* to that wine in flavor`.","このワインは`あのワインより風味が*劣って*いる`と私は思う。","2023/9/9 7:15","2024/8/7 5:23"
1093,1093,"After her remark, there was `an *awkward* silence`.","彼女の発言の後、`*気まずい*沈黙`があった。","2023/9/9 7:15","2024/8/7 5:24"
1094,1094,"A survey shows that `30 percent of men are *obese*`.","ある調査は`男性の30パーセントが*肥満で*ある`事を示している。","2023/9/9 7:15","2024/8/7 5:25"
1095,1095,"`*Pregnant* women` are advised not to take any medicine.","`*妊娠している*女性`はいかなる薬も服用しないように勧められる。","2023/9/9 7:15","2024/8/7 5:26"
1096,1096,"The actress described `her *intimate* relationship` with her husband.","その女優は夫との`*親密な*関係`について述べた。","2023/9/9 7:15","2024/8/7 5:27"
1097,1097,"He has a deep interest in `*medieval* European history`.","彼は`*中世*ヨーロッパ史`に深い関心を抱いている。","2023/9/9 7:15","2024/8/7 5:28"
1098,1098,"Buddhists in Osaka paid a large sum to maintain `their *sacred* temple`.","大阪の仏教徒たちは`自分たちの*神聖な*寺`を維持するために大金を払った。","2023/9/9 7:15","2024/8/7 5:31"
1099,1099,"Suddenly, `heavy rain hit the town *simultaneously* with lightning`.","突然、`雷と*同時に*大雨が街を襲った`。","2023/9/9 7:15","2024/8/7 5:32"
1100,1100,"A lot of soccer fans watched `the Brazil *versus* Italy game` on TV.","多くのサッカーファンが`ブラジル*対*イタリアの試合`をテレビで見た。","2023/9/9 7:15","2024/8/7 5:34"
1101,1101,"In case of emergency, please `*proceed* calmly to the nearest exit`.","緊急の場合、`落ち着いて最寄りの出口にお*進み*`ください。","2023/9/9 7:15","2024/8/7 5:35"
1102,1102,"This event is helpful for `*orienting* new students to our university`.","このイベントは`新入生を我が大学に*慣れさせる*`のに役立つ。","2023/9/9 7:15","2024/8/7 5:36"
1103,1103,"He `*surfs* the Internet` constantly, collecting information about political scandals.","彼は絶えず`ネットのサイトを*見て回り*`、政治的スキャンダルに関する情報を集めている。","2023/9/9 7:15","2024/8/7 5:38"
1104,1104,"This device is designed to `*filter* out dirt from the water`.","この装置は`水からゴミを*取り除く*`ように作られている。","2023/9/9 7:15","2024/8/7 5:39"
1105,1105,"She `*bound* the sheets of paper together` with string.","彼女はひもで`それらの紙をひとまとめに*縛った*`。","2023/9/9 7:15","2024/8/7 5:45"
1106,1106,"If the criminals’ demands are not accepted, they may `*resort* to force`.","犯人たちの要求が受け入れられなければ、彼らは`武力に*訴える*`かもしれない。","2023/9/9 7:15","2024/8/7 5:47"
1107,1107,"The student `*reinforced* his knowledge by taking extra lessons` online.","その生徒はオンラインでの`追加レッスンを受けることで知識を*強化した*`。","2023/9/9 7:15","2024/8/7 5:49"
1108,1108,"The couple `*accumulated* $20,000` to buy a new car.","その夫婦は新車を購入するために`20,000ドルを*貯めた*`。","2023/9/9 7:15","2024/8/7 5:51"
1109,1109,"If you work hard, `I *bet* you can complete this task` in a month.","懸命に働けば、`*きっと*君は`1か月で`この仕事を完了できるよ`。","2023/9/9 7:15","2024/8/7 5:52"
1110,1110,"Vegans `*advocate* avoiding all food of animal origin`.","完全菜食主義者は`動物由来のすべての食べ物を避けることを*主張する*`。","2023/9/9 7:15","2024/8/7 5:53"
1111,1111,"At our university, women `*constitute* the majority` of the psychology majors.","私たちの大学では、女性が心理学専攻学生の`大多数を*構成する*`。","2023/9/9 7:15","2024/8/7 5:55"
1112,1112,"She `*undertook* the task` of preparing all the necessary materials.","彼女は必要な資料をすべて揃えるという`仕事を*引き受けた*`。","2023/9/9 7:15","2024/8/7 5:56"
1113,1113,"Scared by the noise, she `*gripped* her father’s arm tightly`.","物音におびえて、彼女は`父親の腕をしっかりと*握った*`。","2023/9/9 7:15","2024/8/7 5:58"
1114,1114,"My boss `*dismissed* my opinion as nonsense`.","上司は`私の意見を馬鹿げたものとして*退けた*`。","2023/9/9 7:15","2024/8/7 5:59"
1115,1115,"*Many of my memories* of my trip to Italy ten years ago `have *faded*`.","10年前に行ったイタリア旅行の思い出の多くは薄れてしまった。","2023/9/9 7:15","2024/8/7 6:02"
1116,1116,"You cannot `*conceal* your true feelings` when you speak.","人は話すとき`自分の真情を*隠す*`ことができない。","2023/9/9 7:15","2024/8/7 6:49"
1117,1117,"You should `*chew* your food well` when you eat.","食事をするときは`食べ物をよく*噛む*`べきだ。","2023/9/9 7:15","2024/8/7 6:50"
1118,1118,"She `*swallowed* a pill with a glass of water`.","彼女は`コップ1杯の水で錠剤を*飲み込んだ*`。","2023/9/9 7:15","2024/8/7 6:51"
1119,1119,"`Houses in Hokkaido are *sealed*` to prevent cold winds and snow from getting in.","`北海道の家は`冷たい風や雪が入り込むのを防ぐように`*密閉さ*れている`。","2023/9/9 7:15","2024/8/7 6:52"
1120,1120,"Between 1880 and 1914, nearly three million Italians `*migrated* to the U.S`.","1880年から1914年にかけて300万人近くのイタリア人`がアメリカに*移住した*`。","2023/9/9 7:15","2024/8/7 6:53"
1121,1121,"The food company `*exaggerated* the quality of its products`.","その食品会社葉`自社製品の品質を*誇張した*`。","2023/9/9 7:15","2024/8/7 6:54"
1122,1122,"She `*accused* me of having spread rumors` about her father.","彼女は自分の父親に関する`うわさを広めたことで私を*非難した*`。","2023/9/9 7:15","2024/8/7 6:55"
1123,1123,"During the show, the magician `*vanished* from sight` on the stage.","ショーの途中、手品師は舞台上で`視界から*消えた*`。","2023/9/9 7:15","2024/8/7 6:56"
1124,1124,"He `*polishes* the floors` of his apartment once a week.","彼は週に一度自宅マンションの`床を*磨く*`。","2023/9/9 7:15","2024/8/7 6:57"
1125,1125,"She `*wiped* her hands` with a hand towel.","彼女は手拭きタオルで`手を*拭いた*`。","2023/9/9 7:15","2024/8/8 13:34"
1126,1126,"It is my job to `*sweep* the path` in front of the house every day.","毎日家の前の`通路を*掃く*`のが私の仕事だ。","2023/9/9 7:15","2024/8/8 13:36"
1127,1127,"The salesperson `*misled* the customer into buying an expensive product`.","その販売員は`客を*欺いて*高価な製品を買わせた`。","2023/9/9 7:15","2024/8/8 13:37"
1128,1128,"He feels the London Eye `*spoils* the view` of London.","彼はロンドンアイがロンドンの`景色を*台無しにしている*`と感じている。","2023/9/9 7:15","2024/8/8 13:38"
1129,1129,"His sudden illness `*compounded* the financial problems` of his company.","彼の突然の病気は彼の会社の`財務問題を*悪化させた*`。","2023/9/9 7:15","2024/8/8 13:39"
1130,1130,"If `the bomb had *exploded*`, many people would have suffered injuries.","もし`爆弾が*爆発していた*`ら、多くの人がけがをしていただろう。","2023/9/9 7:15","2024/8/8 13:40"
1131,1131,"The man `was *disgusted* by the inappropriate remark` from the politician.","その男性は政治家の`不適切な発言に*むかつい*た`。","2023/9/9 7:15","2024/8/8 13:42"
1132,1132,"If mass transit isn’t available, people will `*commute* with cars`.","大量輸送機関が利用できないと、人々は`車で*通勤する*`だろう。","2023/9/9 7:15","2024/8/8 13:43"
1133,1133,"The Smiths like to `*decorate* their house with paintings`.","スミス夫妻は`自分たちの家を絵画で*飾る*`のを好む。","2023/9/9 7:15","2024/8/8 13:44"
1134,1134,"We have decided to `*postpone* the meeting` until Wednesday.","私たちは水曜日まで`会議を*延期する*`ことに決めた。","2023/9/9 7:15","2024/8/8 13:45"
1135,1135,"`The small village *ceased* to exist` after the last resident moved away.","`その小さな村は`最後の住民が退去した後`*なくなった*`。","2023/9/9 7:15","2024/8/8 13:47"
1136,1136,"The salesperson `*compromised* with the buyer on the price`.","その販売員は`価格面で買い手と*妥協した*`。","2023/9/9 7:15","2024/8/8 13:48"
1137,1137,"The voters were sensible enough to `*elect* him a member of the Diet`.","有権者は件名にも`彼を国会議員に*選んだ*`。","2023/9/9 7:15","2024/8/8 13:49"
1138,1138,"A juicer is used to `*extract* juice from fruit and vegetables`.","ジューサーは`果物や野菜から汁を*搾り出す*`のに使われる。","2023/9/9 7:15","2024/8/8 13:51"
1139,1139,"She `*inherited* her musical talent` from her father.","彼女は父親から`音楽的才能を*受け継いだ*`。","2023/9/9 7:15","2024/8/8 13:52"
1140,1140,"This is a good place to `*rear* young children`.","ここは`幼い子供を*育てる*`のによい所である。","2023/9/9 7:15","2024/8/8 13:53"
1141,1141,"She `has great *empathy* with people in need`.","彼女は`困窮している人々に大いに*感情移入*する`。","2023/9/9 7:15","2024/8/8 13:58"
1142,1142,"In face-to-face negotiations, we give off and `receive nonverbal *cues*`.","面と向かっての交渉では、私たちは`非言語的*合図*を`出したり`受けたりする`。","2023/9/9 7:15","2024/8/8 13:59"
1143,1143,"I work for `a global *enterprise*` selling cosmetics around the world.","私は世界中で化粧品を販売している`世界的*企業*`に勤めている。","2023/9/9 7:15","2024/8/8 14:01"
1144,1144,"`The *output* of this product` has decreased due to the factory closure.","`この製品の*生産高*`は向上の閉鎖が原因で減少した。","2023/9/9 7:15","2024/8/8 14:02"
1145,1145,"In 1894, `*Congress* passed a law` making Labor Day a federal holiday.","1894年、`*米国議会*は`「労働者の日」を連邦の祝日にする`法律を通過させた`。","2023/9/9 7:15","2024/8/8 14:03"
1146,1146,"Animal species have been breeding with one another `for many *millennia*`.","動物種は`何*千年*もの間`、互いに交わり繁殖してきた。","2023/9/9 7:15","2024/8/8 14:05"
1147,1147,"Environmental destruction threatens `the future of *mankind*`.","環境破壊は`*人類*の未来`を脅かす。","2023/9/9 7:15","2024/8/8 14:06"
1148,1148,"`*Muslims* pray in mosques` on Friday, their holy day of the week.","`*イスラム教徒*は`、彼らの聖なる曜日である金曜日に`モスクで祈る`。","2023/9/9 7:15","2024/8/8 14:07"
1149,1149,"The property is part of `my late mother’s *estate*`.","その不動産は`私の亡き母の*財産*`の一部である。","2023/9/9 7:15","2024/8/8 14:08"
1150,1150,"`The *landmine* was one of the weapons` used in the Vietnam War.","`*地雷*は`ベトナム戦争で使われた`武器の一種だった`。","2023/9/9 7:15","2024/8/8 14:10"
1151,1151,"They are expected to `do their job with extra *caution*`.","彼らは`特別に*用心*して自分たちの仕事をする`ことが求められる。","2023/9/9 7:15","2024/8/8 14:11"
1152,1152,"There has been `*controversy* over revisions to the constitution`.","`憲法の改正に関する*論争*`が続いてきている。","2023/9/9 7:15","2024/8/8 14:12"
1153,1153,"`The *consensus* of the class` is that we will run a café at the school festival.","`クラスの*総意*`は私たちが文化祭でカフェを運営することである。","2023/9/9 7:15","2024/8/8 14:14"
1154,1154,"The shop sells local farm products at `*retail* prices`.","その店は地元の農産物を`*小売*価格`で販売する。","2023/9/9 7:15","2024/8/8 14:15"
1155,1155,"Brown rice is rich in `dietary *fiber*` and vitamin B.","玄米は`食物*繊維*`とビタミンBが豊富である。","2023/9/9 7:15","2024/8/8 14:16"
1156,1156,"Tea is sometimes combined with `the *scent* of various flowers`.","茶は`様々な花の*香り*`と組み合わされることがある。","2023/9/9 7:15","2024/8/8 14:17"
1157,1157,"Some religions prohibited people from `drinking alcoholic *beverages*`.","人々に`アルコール*飲料*を飲むこと`を禁じていた宗教もある。","2023/9/9 7:15","2024/8/8 14:19"
1158,1158,"He `takes many *supplements*` every day.","彼は毎日`多くの*サプリメント*を服用する`。","2023/9/9 7:15","2024/8/8 14:19"
1159,1159,"There is a close link between `obesity and *diabetes*`.","`肥満と*糖尿病*`との間には密接な関連がある。","2023/9/9 7:15","2024/8/10 7:31"
1160,1160,"About one-third of the population in Canada lives is `the *province* of Ontario`.","カナダの人口の約3分の1は`オンタリオ*州*`に住んでいる。","2023/9/9 7:15","2024/8/10 7:33"
1161,1161,"`Coral *reefs*` provide us with rich fishing resources.","`サンゴ*礁*`は私たちに豊かな漁業資源を提供する。","2023/9/9 7:15","2024/8/10 7:34"
1162,1162,"`Soil full of *microbes*` can help plants grow strong.","`*微生物*をたくさん含む土壌`は植物が丈夫に育つのを助ける。","2023/9/9 7:15","2024/8/10 7:35"
1163,1163,"`Drinking in *excess*` will weaken your immune system.","`*過度*の飲酒`は体の免疫系を弱めることになる。","2023/9/9 7:15","2024/8/10 7:36"
1164,1164,"I visited `a wonderful *gallery* of modern art` in New York.","私はニューヨークで`素晴らしい現代*美術館*`を訪れた。","2023/9/9 7:15","2024/8/10 7:37"
1165,1165,"He `worked for *fame*`, not for the sake of his family.","彼は家族のためではなく、`*名声*のために働いた`。","2023/9/9 7:15","2024/8/10 7:38"
1166,1166,"Be sure to `submit your report before the *deadline*`.","必ず`*締め切り*前に報告書を提出する`ように。","2023/9/9 7:15","2024/8/10 7:39"
1167,1167,"`As an *undergraduate*, he studied English grammar`.","`*学部学生*の時彼は英文法を研究した`。","2023/9/9 7:15","2024/8/10 7:40"
1168,1168,"Even before Lincoln, some politicians had tried to `abolished *slavery*`.","リンカーン以前にも、中には`*奴隷制度*を廃止する`ことを試みた政治家もいた。","2023/9/9 7:15","2024/8/10 7:41"
1169,1169,"Many types of animals `hunt *prey* for food`.","たくさんの種類の動物が`食べるために*獲物*を狩る`。","2023/9/9 7:15","2024/8/10 7:42"
1170,1170,"My parents had me `clean up the *mess*` in the living room.","私の両親は私に居間の`*散らかったもの*を片付け`させた。","2023/9/9 7:15","2024/8/10 7:44"
1171,1171,"Our country has not recovered from `the economic *recession*` yet.","我が国は`経済*不況*`からまだ回復していない。","2023/9/9 7:15","2024/8/10 7:45"
1172,1172,"The military were forced to `make a *retreat* from the enemy`.","軍隊は`敵陣から*退却*する`ことを余儀なくされた。","2023/9/9 7:15","2024/8/10 7:46"
1173,1173,"Every time she returns home, she `visits her grandmother’s *grave*`.","故郷に戻る度に彼女は`祖母の*墓*にお参りする`。","2023/9/9 7:15","2024/8/10 7:47"
1174,1174,"She writes `a newspaper *column*` once a week.","彼女は週に一回`新聞の*コラム*`を書いている。","2023/9/9 7:15","2024/8/10 7:48"
1175,1175,"They had lunch on the balcony, with `a view of the mountain *scenery*`.","彼らは`山の*景色*の展望`がきくバルコニーで昼食をとった。","2023/9/9 7:15","2024/8/10 7:49"
1176,1176,"`The *plot* of this detective novel` is too complicated to understand.","`この探偵小説の*筋*`は複雑すぎて理解できない。","2023/9/9 7:15","2024/8/10 7:50"
1177,1177,"You can see `Michelangelo’s famous *sculpture*` in St. Peter’s in Vatican City.","バチカン市国のサンピエトロ大聖堂では`ミケランジェロの有名な*彫刻*`を見ることができる。","2023/9/9 7:15","2024/8/10 7:52"
1178,1178,"Some think that it is more convenient to `read novels on a *tablet*`.","`*タブレット*で小説を読む`ほうが便利だと考える人がいる。","2023/9/9 7:15","2024/8/10 7:53"
1179,1179,"We had trouble walking through `a *dense* crowd of people`.","私たちは`*密集した*人混み`の中を通り抜けるのに苦労した。","2023/9/9 7:15","2024/8/10 7:54"
1180,1180,"The zoo has an exhibition of `rare and *exotic* animals`.","その動物園は`珍しい*外来の*動物`を公開している。","2023/9/9 7:15","2024/8/10 7:55"
1181,1181,"It is no certain that `*acid* rain` is caused by air pollution.","`*酸性*雨`が大気汚染によって引き起こされるのかはっきりしない。","2023/9/9 7:15","2024/8/10 7:56"
1182,1182,"He `had the *bitter* experience` of fighting in the war.","彼は戦争で戦うという`*つらい*経験をした`。","2023/9/9 7:15","2024/8/10 7:57"
1183,1183,"She `made the *sensible* decision` of consulting her lawyer.","彼女は弁護士に相談するという`*賢明な*決断をした`。","2023/9/9 7:15","2024/8/10 7:58"
1184,1184,"He married a woman of `a *noble* family`.","彼は`*高貴な*家系`の女性と結婚した。","2023/9/9 7:15","2024/8/10 7:59"
1185,1185,"I `have a *vague* memory` of my conversation with her on the phone.","私は彼女と電話で話をしたという`*漠然とした*記憶がある`。","2023/9/9 7:15","2024/8/10 8:00"
1186,1186,"She drove on `a road that is *parallel* to the main road`.","彼女は`本街道と*並行している*道路`を車で走った。","2023/9/9 7:15","2024/8/10 8:02"
1187,1187,"The goal of this exercise is to `relax *tense* muscles` and reduce stress.","この運動の目的は`*緊張した*筋肉をほぐし`、ストレスを減らすことである。","2023/9/9 7:15","2024/8/10 8:04"
1188,1188,"She placed the ladder `in a *vertical* position`.","彼女ははしごを`*垂直の*位置に`置いた。","2023/9/9 7:15","2024/8/10 8:05"
1189,1189,"Pumpkins are `vegetables *indigenous* to Central America`.","カボチャは`中央アメリカ*原産*の野菜`である。","2023/9/9 7:15","2024/8/10 8:06"
1190,1190,"`*Aboriginal* art` varies across the regions of Australia.","`*アボリジニの*芸術`はオーストラリア国内の地域により様々である。","2023/9/9 7:15","2024/8/10 8:07"
1191,1191,"`*Seasonal* discounts` have become common in the fashion industry.","`*季節*割引`はファッション業界では一般的になっている。","2023/9/9 7:15","2024/8/10 8:08"
1192,1192,"Thanks to `his *abundant* talents`, he succeeded as an entertainer.","`*豊かな*才能`のおかげで、彼は芸能人として成功した。","2023/9/9 7:15","2024/8/10 8:09"
1193,1193,"Those who drive `*hybrid* cars` get the privilege of free parking here.","`*ハイブリッド*車`を運転する人はここで無料駐車の特権を得る。","2023/9/9 7:15","2024/8/12 4:40"
1194,1194,"He asked the teacher `a question *irrelevant* to the topic`.","彼は先生に`その話題に*無関係の*質問`をした。","2023/9/9 7:15","2024/8/12 4:41"
1195,1195,"The reporter asked him `a *ridiculous* question` at the press conference.","その記者は記者会見で彼に`*馬鹿げた*質問`をした。","2023/9/9 7:15","2024/8/12 4:42"
1196,1196,"The queen in that `*fairy* tale` was so cruel to Snow White.","その`*おとぎ*話`に出てくる女王は白雪姫にひどく冷酷だった。","2023/9/9 7:15","2024/8/12 4:43"
1197,1197,"`*Sensory* information` travels throughout the nervous system.","`*感覚の*情報`は神経系の隅々まで伝わる。","2023/9/9 7:15","2024/8/12 4:44"
1198,1198,"Healthy life habits can reduce the risk of `*chronic* diseases`.","健康的な生活習慣は、`*慢性*疾患`の危険性を減らす可能性がある。","2023/9/9 7:15","2024/8/12 4:45"
1199,1199,"People often act on the basis of `their *voluntary* will`.","人々はよく自らの`*自発的*意志`に基づいて行動する。","2023/9/9 7:15","2024/8/12 4:46"
1200,1200,"She `in *inclined* to be very optimistic` about her future.","彼女は自分の将来について`とても楽観的な*傾向がある*`。","2023/9/9 7:15","2024/8/12 4:47"
1201,1201,"I `*inferred* that her hometown is London` from her words.","私は彼女の言葉から`彼女の故郷がロンドンであると*推測した*`。","2023/9/9 7:15","2024/8/12 4:55"
1202,1202,"He `is highly *esteemed* as a genius` in mathematics.","彼は数学の`天才として大いに*尊敬さ*れている`。","2023/9/9 7:15","2024/8/12 4:56"
1203,1203,"We must find an effective way to `*tackle* this task`.","私たちは`この任務に*取り組む*`ための効果的な方法を見つけなければならない。","2023/9/9 7:15","2024/8/12 4:57"
1204,1204,"The company `*ventured* into an unknown territory`.","その会社は`*危険を冒して*未知の分野に*乗り出した*`。","2023/9/9 7:15","2024/8/12 4:58"
1205,1205,"The new goal of the government is to `*accelerate* economic growth`.","政府の新しい目標は`経済成長を*加速させる*`ことである。","2023/9/9 7:15","2024/8/12 4:59"
1206,1206,"I `am *accustomed* to hearing criticism` from the media.","私はマスコミからの`批判を聞くのに*慣れて*いる`。","2023/9/9 7:15","2024/8/12 5:00"
1207,1207,"His jokes and `funny stories *amused* us`.","彼の冗談や`滑稽な話は私たちを*面白がらせた*`。","2023/9/9 7:15","2024/8/12 5:01"
1208,1208,"`Renaissance art *flourished* in Italy` between the 14th and 16th century.","`ルネサンス芸術は`14世紀から16世紀にかけて`イタリアで*繁栄した*`。","2023/9/9 7:15","2024/8/12 5:03"
1209,1209,"`The local economy is *thriving*` after the new factory was built.","新しい工場が建設された後、`地元の経済は*繁栄して*いる`。","2023/9/9 7:15","2024/8/12 5:04"
1210,1210,"To download the file, you need to `*click* on the filename` on the screen.","ファイルをダウンロードするには、画面上の`ファイル名を*クリックする*`必要がある。","2023/9/9 7:15","2024/8/12 5:06"
1211,1211,"She `*nurtured* her talents` by painting and writing poems.","彼女は絵を描いたり詩を書いたりして`自分の才能を*育んだ*`。","2023/9/9 7:15","2024/8/12 5:08"
1212,1212,"`The earth is *spinning* around` on its axis.","`地球は`地軸を中心に`*回転して*いる`。","2023/9/9 7:15","2024/8/12 5:09"
1213,1213,"She `*clips* suitable articles from the newspaper` for future use.","彼女は将来使うために`新聞から適当な記事を*切り抜く*`。","2023/9/9 7:15","2024/8/12 5:10"
1214,1214,"I saw people `*dragging* big bags` at the airport.","私は空港で人々が`大きなバッグを*引きずっている*`のを見た。","2023/9/9 7:15","2024/8/12 5:11"
1215,1215,"His repeated mistakes forced us to `*cast* doubt on his ability`.","彼の度重なる失敗のせいで、私たちは`彼の能力に疑問を*投げかけ*`ざるを得なかった。","2023/9/9 7:15","2024/8/12 5:13"
1216,1216,"There is `litter *scattered* on the beach`.","`海岸にゴミが*まき散らさ*れて`いる。","2023/9/9 7:15","2024/8/12 5:42"
1217,1217,"Manufacturers may `be *tempted* to ignore the consumers’ complaints`.","製造業者は`消費者の苦情を無視し*たくなる*`こともある。","2023/9/9 7:15","2024/8/12 5:44"
1218,1218,"She `*withdraw* 20,000 yen from the ATM` at a convenience store.","彼女はコンビニの`ATMから2万円を*引き出した*`。","2023/9/9 7:15","2024/8/12 5:46"
1219,1219,"I noticed that he was trying hard not to `*yawn* during class`.","私は彼が`授業中`必死に`*あくびをし*`ないようにしているのに気づいた。","2023/9/9 7:15","2024/8/12 5:47"
1220,1220,"He has `a habit of *blinking*` whenever he gives a speech.","彼は演説をするときはいつも`*まばたきをする*癖`がある。","2023/9/9 7:15","2024/8/12 5:48"
1221,1221,"The woman decided to `*dye* her hair brown`.","その女性は`髪を茶色に*染める*`ことにした。","2023/9/9 7:15","2024/8/12 5:49"
1222,1222,"She accidentally `*spilled* red wine` on her white dress.","彼女は誤って自分の白いドレスに`赤いワインを*こぼした*`。","2023/9/9 7:15","2024/8/12 5:50"
1223,1223,"Jason’s `loud voice *irritates* her`.","ジェイソンの`大声は彼女を*いらいらさせる*`。","2023/9/9 7:15","2024/8/12 5:51"
1224,1224,"He `*insulted* me by suggesting that I cheated` in the exam.","彼は`私が`試験で`カンニングをしたとほのめかして私を*侮辱した*`。","2023/9/9 7:15","2024/8/15 21:25"
1225,1225,"The police `*enforce* laws` which the government has made.","警察は政府が作った`法律を*実施する*`。","2023/9/9 7:15","2024/8/15 21:26"
1226,1226,"Three men `*robbed* a woman of her wallet` on a crowded train.","3人の男が混雑した電車の中で`女性から財布を*奪った*`。","2023/9/9 7:15","2024/8/15 21:27"
1227,1227,"She forgot to `*drain* water from the bathtub`.","彼女は`浴槽から水を*流す*`のを忘れた。","2023/9/9 7:15","2024/8/15 21:28"
1228,1228,"The athlete `has been *suspended* for not following the rules`.","その運動選手は`規則を守らなかったたために*出場停止になっている*`。","2023/9/9 7:15","2024/8/15 21:29"
1229,1229,"The sailboat slowly `*drifted* in the sea`.","帆船はゆっくりと`海の上を*漂った*`。","2023/9/9 7:15","2024/8/15 21:30"
1230,1230,"Please `*forgive* me for having kept you waiting` for such a long time.","こんなにも長い間`あなたをお待たせしたことを*許して*`ください。","2023/9/9 7:15","2024/8/15 21:32"
1231,1231,"I need to `*revise* my essay draft` by next Monday.","私は次の月曜日までに`小論文の草稿を*修正する*`必要がある。","2023/9/9 7:15","2024/8/15 21:33"
1232,1232,"Some colleges spend a lot of money to `*recruit* talented students`.","`才能のある学生を*募る*`ために多額の金を使う大学もある。","2023/9/9 7:15","2024/8/15 21:34"
1233,1233,"While playing tennis, I `*twisted* my ankle`.","テニスをしていて、私は`足首を*ひねった*`。","2023/9/9 7:15","2024/8/15 21:35"
1234,1234,"Every morning, commuters inTokyo `are *crushed* on trains`.","毎朝、東京の通勤者は`列車の中で*押しつぶさ*れる`。","2023/9/9 7:15","2024/8/15 21:36"
1235,1235,"She `*pinned* a not onto the bulletin board`.","彼女は掲示板に`メモを*ピンで留めた*`。","2023/9/9 7:15","2024/8/15 21:37"
1236,1236,"The magazine `*uncovered* the actor’s secret`.","雑誌は`その俳優の秘密を*暴いた*`。","2023/9/9 7:15","2024/8/15 21:38"
1237,1237,"I do not think my company `is fully *exploiting* its human resources`.","私は会社が`人的資源を十分に*活用している*`とは思わない。","2023/9/9 7:15","2024/8/15 21:40"
1238,1238,"Japan `*implemented* its recycling policy` in 1991.","日本は1991年に`そのリサイクル政策を*実施した*`。","2023/9/9 7:15","2024/8/15 22:25"
1239,1239,"The students `*integrated* the ideas from their teacher with their own`.","生徒たちは`教師からのアイディアと自分たちのアイディアを*統合した*`。","2023/9/9 7:15","2024/8/15 22:26"
1240,1240,"Many words `have been *incorporated* into English from Latin` and French.","多くの語が`ラテン語`やフランス語`から英語に*取り入れ*られてきた`。","2023/9/9 7:15","2024/8/15 22:29"
1241,1241,"The reporter was told to write `a *profile* of the new mayor`.","記者は`新市長の*人物紹介*`を書くように言われた。","2023/9/9 7:15","2024/8/15 22:30"
1242,1242,"People tend to `have a bigger *appetite*` when they feel a lot of stress.","大きなストレスを感じると、人は`*食欲*が増す`傾向にある。","2023/9/9 7:15","2024/8/15 22:31"
1243,1243,"She could not resist `the *impulse* to eat ice cream`.","彼女は`アイスクリームを食べたいという*衝動*`に抵抗できなかった。","2023/9/9 7:15","2024/8/15 22:33"
1244,1244,"The director insisted that the actors `memorize the *script*`.","監督は俳優たちが`*台本*を暗記する`ことを要求した。","2023/9/9 7:15","2024/8/15 22:34"
1245,1245,"They celebrated `their fifth wedding *anniversary*` last Sunday.","彼らはこの前の日曜日に`結婚5*周年*`を祝った。","2023/9/9 7:15","2024/8/15 22:35"
1246,1246,"She started to `receive her retirement *pension*` at the age of 65.","彼女は65歳で`退職者*年金*を受け取り`始めた。","2023/9/9 7:15","2024/8/15 22:36"
1247,1247,"`Her *temper* is sweet and calm`, so everyone likes her.","`彼女の*気性*は優しくて穏やかな`ので、誰もが彼女のことを好きである。","2023/9/9 7:15","2024/8/15 22:37"
1248,1248,"`The frontal *cortex*` is the most recently evolved part of the brain.","`前頭*皮質*`は脳の中で最も遅くに進化した部分である。","2023/9/9 7:15","2024/8/15 22:40"
1249,1249,"Inborn heart defects are associated with `many genetic *syndromes*`.","生まれつきの心臓欠陥は`多くの遺伝的*症候群*`と関連付けられる。","2023/9/9 7:15","2024/8/15 22:41"
1250,1250,"The guide took me through `the *chambers* of the castle`.","ガイドは私を連れて`城の*部屋*`を案内した。","2023/9/9 7:15","2024/8/15 22:42"
1251,1251,"Free markets may be replaced with `publicly owned *utilities*` someday.","自由市場はいつか`公営*公共事業*`に取って代わられるかもしれない。","2023/9/9 7:15","2024/8/15 22:43"
1252,1252,"He `raises *cattle* and pigs` at the foot of the mountain.","彼はその山の麓で`*牛*と豚を飼育している`。","2023/9/9 7:15","2024/8/15 22:44"
1253,1253,"`A large *herd* of elephants` have moved into the fields.","`象の大きな*群れ*`が野原に移動した。","2023/9/9 7:15","2024/8/15 22:45"
1254,1254,"The patient is only allowed to `drink *fluids*` today.","その患者は今日は`*水分*をとる`ことだけが許可されている。","2023/9/9 7:15","2024/8/15 22:46"
1255,1255,"`It is a great *pity* that you have to leave` so quickly.","`あなたが`こんなにも早く`出発しなければならないとはとても*残念*です`。","2023/9/9 7:15","2024/8/15 22:47"
1256,1256,"He became `a Christian *priest*` and a professor at Cambridge University.","彼は`キリスト教の*聖職者*`になり、ケンブリッジ大学の教授になった。","2023/9/9 7:15","2024/8/15 22:48"
1257,1257,"She is just `a casual *acquaintance*`.","彼女はただの`ちょっとした*知り合い*だ`。","2023/9/9 7:15","2024/8/18 10:10"
1258,1258,"Much of what we `pass on to our *offspring*` is cultural.","私たちが`*子孫*に渡す`物の多くは文化的なものである。","2023/9/9 7:15","2024/8/18 10:11"
1259,1259,"People in the past `suffered from *famine* due to crop failure`.","昔の人々は`穀物の不作のせいで*飢饉*に苦しんだ`。","2023/9/9 7:15","2024/8/18 10:12"
1260,1260,"`*Deforestation* in the Amazon` has accelerated recently.","`アマゾンでの*森林伐採*`は最近加速してきている。","2023/9/9 7:15","2024/8/18 10:13"
1261,1261,"`The criminal was` charged with burglary and `taken to *jail*`.","`犯人は`銃器侵入罪で告発され、`*刑務所*に送られた`。","2023/9/9 7:15","2024/8/18 10:14"
1262,1262,"Coffee is one of `the most valuable *commodities*` in the world.","コーヒーは世界で`最も貴重な*商品*`の一つである。","2023/9/9 7:15","2024/8/18 10:15"
1263,1263,"Many school textbooks are appearing in `digital *format*` these days.","今日では多くの学校の教科書が`デジタル*形式*`で出てきている。","2023/9/9 7:15","2024/8/18 10:16"
1264,1264,"The author is `a *recipient* of the Nobel Prize in Literature`.","その作家は`ノーベル文学賞の*受賞者*`である。","2023/9/9 7:15","2024/8/18 10:17"
1265,1265,"Factory workers should hold `regular fire *drills*`.","工場労働者は`定期的な消防*訓練*`を行うべきである。","2023/9/9 7:15","2024/8/18 10:18"
1266,1266,"We were shocked at Maria’s `*inability* to use a knife and fork property`.","私たちはマリアが`ナイフとフォークを正しく使うことが*できないこと*`にショックを受けた。","2023/9/9 7:15","2024/8/18 10:20"
1267,1267,"`The Czech *Republic* and the Slovak *Republic*` are now two independent nations.","`チェコ*共和国*とスロバキア*共和国*`は今では2つの独立した国家である。","2023/9/9 7:15","2024/8/18 10:22"
1268,1268,"In the Vietnam War, some photographers joined `the soldiers who went into *combat*`.","ベトナム戦争では、`*戦闘*に入った兵士たち`に従軍したカメラマンがいた。","2023/9/9 7:15","2024/8/18 10:24"
1269,1269,"They are cleaning up `the *debris* of the collapsed building`.","彼らは`倒壊したビルの*残骸*`を片付けている。","2023/9/9 7:15","2024/8/18 10:24"
1270,1270,"The school has to `get rid of the *bugs*` in the swimming pool.","学校はプールの`*病原菌*を駆除`しなければならない。","2023/9/9 7:15","2024/8/18 10:30"
1271,1271,"Only `a small *fraction* of the universe` is visible to observers on earth.","`宇宙のほんの*一部分*`だけが地球上の観察者に見える。","2023/9/9 7:15","2024/8/18 10:31"
1272,1272,"It is said that `one’s home is an *index* of one’s personality`.","`人の家はその人の個性の*指標*である`と言われている。","2023/9/9 7:15","2024/8/18 10:32"
1273,1273,"Scientists often `rely on *intuition*` for research ideas.","科学者はしばしば研究の着想を得るのに`*直感*に頼る`。","2023/9/9 7:15","2024/8/18 10:36"
1274,1274,"`Her *motive* for studying English` is to watch American movies.","`彼女が英語を勉強する*動機*`はアメリカ映画を見ることである。","2023/9/9 7:15","2024/8/18 10:37"
1275,1275,"He is now old enough to `get married without his parents’ *consent*`.","今や彼は`両親の*同意*なしで結婚する`ことができる年齢である。","2023/9/9 7:15","2024/8/18 10:39"
1276,1276,"The company has `a complex *hierarchy* of managers`.","その会社には`管理職の複雑な*階層*`がある。","2023/9/9 7:15","2024/8/18 10:40"
1277,1277,"`The stone *monument*` honors the people who died in the war.","`その石*碑*`は戦争で亡くなった人々に敬意を表している。","2023/9/9 7:15","2024/8/18 10:41"
1278,1278,"The trading company `has $500 million in *assets*`.","その商社は`*資産*が5億ドルある`。","2023/9/9 7:15","2024/8/18 10:42"
1279,1279,"The company employs people living nearby and `pays them *decent* wages`.","その会社は近くに住む人々を雇い、`彼らに*まずまずの*賃金を払っている`。","2023/9/9 7:15","2024/8/18 10:43"
1280,1280,"The president felt lucky to have such `a *competent* secretary`.","社長はこれほど`*有能な*秘書`がいることを幸運だと思っていた。","2023/9/9 7:15","2024/8/18 10:44"
1281,1281,"There is no `*straightforward* answer` to the philosophical question.","その哲学的な問いに対する`*単純な*答え`はない。","2023/9/9 7:15","2024/8/18 10:45"
1282,1282,"The company is famous for `its high quality *cosmetic* products`.","その会社は`高品質な*化粧*品`で有名である。","2023/9/9 7:15","2024/8/18 10:46"
1283,1283,"The mother treats her baby `with *delicate* care`.","母親は赤ん坊を`*繊細な*注意を払って`扱う。","2023/9/9 7:15","2024/8/18 10:47"
1284,1284,"`The *interior* walls` are made of natural materials.","`*室内の*壁`は自然素材でできている。","2023/9/9 7:15","2024/8/18 10:48"
1285,1285,"He fixed the split document with `*transparent* tape`.","彼は`*透明な*テープ`で裂けた書類を修復した。","2023/9/9 7:15","2024/8/18 10:49"
1286,1286,"There is `an *aesthetic* quality` to letters written with a brush.","筆で書かれた文字には`*美的な*資質`がある。","2023/9/9 7:15","2024/8/18 10:50"
1287,1287,"His behavior was `a *deliberate* attempt to offend her`.","彼の行動は`彼女の気分を害そうとする*意図的な*試み`であった。","2023/9/9 7:15","2024/8/18 10:51"
1288,1288,"Japan has been going through `big *demographic* changes` over the past century.","日本は過去1世紀の間に`大きな*人口統計学的*変化`を経験してきている。","2023/9/9 7:15","2024/8/18 10:53"
1289,1289,"People may have cooked food in hot water `in *prehistoric* times`.","`*有史以前*`、人々は熱湯で食べ物を調理していたかもしれない。","2023/9/9 7:15","2024/8/18 10:54"
1290,1290,"The brain loses some of `its *innate* language capabilities` when it ages.","脳は老化すると、`その*生まれながらの*言語能力`の一部を失う。","2023/9/9 7:15","2024/8/18 10:55"
1291,1291,"Some foreign visitors are drawn to Florida by `its *mild* winter climate`.","外国人観光客の中には`その*穏やかな*冬の気候`に惹かれてフロリダに来るものもいる。","2023/9/9 7:15","2024/8/18 10:57"
1292,1292,"`Toxic *chemicals*` must not be poured down the drain.","`有毒な*化学薬品*`は排水溝に流してはならない。","2023/9/9 7:15","2024/8/21 12:00"
1293,1293,"I `was *ashamed* of not having been able to answer` such an easy question.","私はそんな易しい質問に`答えることができなかったことを*恥ずかしく思っ*た`。","2023/9/9 7:15","2024/8/21 12:02"
1294,1294,"People say that good fortune comes to `those *humble* people who expect it the least`.","幸運は`それを一番期待していない*謙虚な*人`に訪れると言われる。","2023/9/9 7:15","2024/8/21 12:03"
1295,1295,"`Some diseases are *peculiar* to women`.","`女性に*特有の*病気がある`。","2023/9/9 7:15","2024/8/21 12:04"
1296,1296,"Every cyclist faces `*steep* hills`, strong headwinds and fatigue.","どのサイクリストも`*急な*坂`、強い向かい風、そして疲労に立ち向かう。","2023/9/9 7:15","2024/8/21 12:05"
1297,1297,"The couple often `has a quarrel over *trivial* matters`.","その夫婦は`*取るに足りない*ことで`よく`喧嘩をする`。","2023/9/9 7:15","2024/8/21 12:06"
1298,1298,"`The view of the city` from Tokyo Skytree `is *magnificent*`.","東京スカイツリーからの`町の眺めは*壮大で*ある`。","2023/9/9 7:15","2024/8/21 12:07"
1299,1299,"`A *wireless* router` receives and sends signals.","`*無線*ルータ`は信号を送受信する。","2023/9/9 7:15","2024/8/21 12:08"
1300,1300,"The success of `our *ongoing* project` depends on the people concerned.","`私たちの*進行中の*プロジェクト`の成功は関係者にかかっている。","2023/9/9 7:15","2024/8/21 12:09"
1301,1301,"I can `*assure* you that you will never forget` your trip abroad.","`あなたは`その海外旅行のことを`決して忘れないと私はあなたに*自信を持って言う*`ことができる。","2023/9/9 7:15","2024/8/21 12:11"
1302,1302,"In Turkey, `small talk *precedes* any business discussions`.","トルコでは、`世間話がどんなビジネスの議論にも*先行する*`。","2023/9/9 7:15","2024/8/21 12:13"
1303,1303,"Now sixty-five, he `*revived* his childhood dream` of making a violin.","65歳になった今、彼はバイオリンを作るという`子供時代の夢を*復活させた*`。","2023/9/9 7:15","2024/8/21 12:14"
1304,1304,"The athlete’s injury `*compelled* him to quit professional sports`.","その運動選手のけがは`彼にプロスポーツをやめることを*強いた*`。","2023/9/9 7:15","2024/8/21 12:15"
1305,1305,"Most cherry trees `*blossom* in the spring`.","たいていの桜は`春に*花が咲く*`。","2023/9/9 7:15","2024/8/21 12:16"
1306,1306,"`The horror movie *terrified* her`, so she could not sleep that night.","`ホラー映画が彼女を*怖がらせた*`ので、彼女はその晩眠れなかった。","2023/9/9 7:15","2024/8/21 12:17"
1307,1307,"Using your smartphone on a flight may `*violate* safety regulations`.","フライト中にスマートフォンを使うことは`安全規則に*違反する*`可能性がある。","2023/9/9 7:15","2024/8/21 12:18"
1308,1308,"The company tried to `*suppress* the news story` about their illegal deals.","その会社は自社の不法取引に関する`ニュース記事を*抑え*`ようとした。","2023/9/9 7:15","2024/8/21 12:20"
1309,1309,"He is the last man to `*deceive* other people`.","彼は一番`他人を*騙し*`そうにない人だ。","2023/9/9 7:15","2024/8/21 12:21"
1310,1310,"The politician knows how to `*manipulate* public opinion`.","その政治家は`世論を*操る*`術を知っている。","2023/9/9 7:15","2024/8/21 12:22"
1311,1311,"The man did not `*starve* to death` while walking through desert to the city.","その男性は砂漠を通って町へ行く間、`*餓*死し`なかった。","2023/9/9 7:15","2024/8/21 12:23"
1312,1312,"The woman tried to `*flee* from the scene of the crime`.","その女性は`犯行現場から*逃げ*`ようとした。","2023/9/9 7:15","2024/8/21 12:23"
1313,1313,"I `*whispered* in her ear` to keep silent.","私は`彼女の耳に`黙っているように`*ささやいた*`。","2023/9/9 7:15","2024/8/21 12:25"
1314,1314,"The driver `*yelled* at me to stay on the sidewalk`.","運転手が`私に歩道にとどまるように*怒鳴った*`。","2023/9/9 7:15","2024/8/21 12:25"
1315,1315,"She `*deposited* a pile of documents on her desk` and called me.","彼女は`書類の山を自分の机に*置いて*`私を呼んだ。","2023/9/9 7:15","2024/8/21 12:26"
1316,1316,"They `*confined* the guests to close friends`.","彼らは`招待客を親友に*限定した*`。","2023/9/9 7:15","2024/8/21 12:28"
1317,1317,"She was walking `*swinging* her bag back and forth`.","彼女は`バッグを前後に*振りながら*`歩いていた。","2023/9/9 7:15","2024/8/21 12:29"
1318,1318,"They chose to `*prolong* their stay in Spain`.","彼らは`スペイン滞在を*延長する*`ことを選んだ。","2023/9/9 7:15","2024/8/21 12:29"
1319,1319,"`The picture *depicts* the sorrow` of the Virgin Mary over Christ’s death.","`この絵画は`キリストの死に際しての聖母マリアの`悲嘆を*描いている*`。","2023/9/9 7:15","2024/8/21 12:31"
1320,1320,"This report `*outlines* a strategy` for the growth of the city.","このレポートは市の発展の`戦略の*要点を述べている*`。","2023/9/9 7:15","2024/8/21 12:32"
1321,1321,"The company was forced to `*shed* a hundred jobs due to low sales`.","その会社は`売り上げ不振のために100のポストを*削減する*`ことを余儀なくされた。","2023/9/9 7:15","2024/8/21 12:33"
1322,1322,"Food production `*emits* carbon dioxide`.","食料生産は`二酸化炭素を*排出する*`。","2023/9/9 7:15","2024/8/21 12:34"
1323,1323,"I `*renewed* my smartphone contract` last month.","先月、私は`自分のスマートフォンの契約を*更新した*`。","2023/9/9 7:15","2024/8/21 12:35"
1324,1324,"Local residents can `*utilize* the school gym on the weekends`.","地元の住民たちは`週末に学校の体育館を*利用する*`ことができる。","2023/9/9 7:15","2024/8/22 21:22"
1325,1325,"The researcher `*asserted* that her findings were true`.","その研究者は、`自分の研究結果が事実であると*主張した*`。","2023/9/9 7:15","2024/8/22 21:23"
1326,1326,"Increased interest rates will `*strain* our company’s finances`.","金利の上昇は`我が社の財政に*負担をかける*`だろう。","2023/9/9 7:15","2024/8/22 21:24"
1327,1327,"The police `are *striving* to solve the problem` of street crime.","警察は路上犯罪の`問題を解決しようと*努力して*いる`。","2023/9/9 7:15","2024/8/22 21:25"
1328,1328,"He did not `*dare* to tell the truth` to anyone.","彼は`*あえて*`誰にも`真実を言わ`なかった。","2023/9/9 7:15","2024/8/22 21:26"
1329,1329,"Her Twitter account `*boasts* more than 100,000 followers`.","彼女のTwitterのアカウントは`10万人以上のフォロワーを*誇る*`。","2023/9/9 7:15","2024/8/22 21:28"
1330,1330,"`A sudden loud noise` of thunder `*startled* us`.","`突然の大きな`雷の`音は私たちを*びっくりさせた*`。","2023/9/9 7:15","2024/8/22 21:29"
1331,1331,"His aunt `was deeply *offended* by his bad language`.","彼の叔母は`彼の悪い言葉遣いにひどく*腹を立て*た`。","2023/9/9 7:15","2024/8/22 21:31"
1332,1332,"We `*computed* the cost of the big event` to be $2 billion.","私たちは`その大きなイベントの費用を`20億ドルになると`*計算した*`。","2023/9/9 7:15","2024/8/22 21:33"
1333,1333,"He `*assembled* a team of experts` to review the plan.","彼はその計画を見直すために`専門家チームを*集めた*`。","2023/9/9 7:15","2024/8/22 21:34"
1334,1334,"Careless treatment may `*worsen* the patient’s condition`.","不注意な治療は`患者の病状を*悪化させる*`こともある。","2023/9/9 7:15","2024/8/22 21:35"
1335,1335,"He `*flipped* some pancakes over` many times while cooking.","彼は料理中何度も`パンケーキを*裏返した*`。","2023/9/9 7:15","2024/8/22 21:36"
1336,1336,"She studied until late at night `*rubbing* her tired eyes`.","彼女は`疲れた目を*擦りながら*`夜遅くまで勉強した。","2023/9/9 7:15","2024/8/22 21:37"
1337,1337,"I can hear him `*descending* the stairs`.","彼が`階段を*降りている*`のが聞こえる。","2023/9/9 7:15","2024/8/22 21:38"
1338,1338,"Her passion `*compensates* for her lack of knowledge`.","彼女の情熱は`知識不足を*補う*`。","2023/9/9 7:15","2024/8/22 21:40"
1339,1339,"My apartment `*comprises* three bedrooms, a kitchen, and a living room`.","私のマンションは`3つの寝室と台所と居間から*成る*`。","2023/9/9 7:15","2024/8/22 21:41"
1340,1340,"`The use of AI now widely *prevails*` in many areas.","`今や`多くの分野で`AIの利用は広く*普及している*`。","2023/9/9 7:15","2024/8/22 21:42"
1341,1341,"`In a *quest* for knowledge`, the student read entire books every day.","`知識を*探求*して`、その生徒は毎日何冊もの本を読破した。","2023/9/9 7:15","2024/8/23 0:29"
1342,1342,"Societies have been discussing the issue of `dying with *dignity*`.","社会は`*尊厳*死`の問題について議論してきている。","2023/9/9 7:15","2024/8/23 0:30"
1343,1343,"Doctors use `a specific set of *criteria*` for making a diagnosis.","医師は診断を下すのに`特定の*基準*一式`を用いる。","2023/9/9 7:15","2024/8/23 0:32"
1344,1344,"`Fighting a war in order to bring peace is a *paradox*`.","`平和をもたらすために戦争を行うことは*逆説*である`。","2023/9/9 7:15","2024/8/23 0:33"
1345,1345,"`The member of *Parliament*` met several times this month.","`*議会*のメンバー`は今月、数回の会合を持った。","2023/9/9 7:15","2024/8/23 0:35"
1346,1346,"The city `adopted new *legislation*` to lower the crime rate.","市は犯罪率を下げるために`新しい*法律*を採用した`。","2023/9/9 7:15","2024/8/23 0:36"
1347,1347,"The chairperson briefly mentioned `the *agenda* for tomorrow’s meeting`.","議長は`明日の会議のための*協議事項*`について手短に言及した。","2023/9/9 7:15","2024/8/23 0:38"
1348,1348,"His radical views place him outside `the *mainstream* of Japanese politics`.","彼の急進的な見解は、彼を`日本の政治の*主流*`から外れた立場に置く。","2023/9/9 7:15","2024/8/23 0:39"
1349,1349,"The country sent `the peacekeeping *troops*` into the conflict area.","その国は紛争地帯に`平和維持*軍*`を派遣した。","2023/9/9 7:15","2024/8/23 0:40"
1350,1350,"The government warned of `a possible flu *epidemic*`.","政府は`起こりうるインフルエンザの*流行*`を警告した。","2023/9/9 7:15","2024/8/23 0:43"
1351,1351,"In 2014, `an *outbreak* of Ebola fever` killed more than 11,000 people.","2014年、`エボラ熱の*発生*`が11,000人以上の命を奪った。","2023/9/9 7:15","2024/8/23 0:44"
1352,1352,"The high number of people at the festival `caused total *chaos*`.","祭りの参加者の数が多かったことが`*大混乱*を招いた`。","2023/9/9 7:15","2024/8/23 0:45"
1353,1353,"I `had a horrible *nightmare*` last night.","私は昨夜`恐ろしい*悪夢*を見た`。","2023/9/9 7:15","2024/8/23 0:46"
1354,1354,"He `moved back with *horror*` when he saw the big cockroach.","彼は大きなゴキブリを見て`*恐怖*で後ずさった`。","2023/9/9 7:15","2024/8/23 0:48"
1355,1355,"`A *cluster* of young people` stood around the famous actor.","`若者の*集団*`がその有名な俳優の周りに立っていた。","2023/9/9 7:15","2024/8/23 0:49"
1356,1356,"Hay fever is mainly caused by `the *pollen* from trees and flowers`.","花粉症は主に`木や花の*花粉*`によって引き起こされる。","2023/9/9 7:15","2024/8/23 0:50"
1357,1357,"You should not `harvest all the honey from the *hive*`.","`*巣箱*から蜂蜜を全部採取し`てはならない。","2023/9/9 7:15","2024/8/23 0:51"
1358,1358,"Today, Japan mainly `uses river water for *irrigation*`.","今日、日本は主に`*灌漑*のために川の水を使っている`。","2023/9/9 7:15","2024/8/23 0:52"
1359,1359,"Mary `takes a *dose* of vitamin C` every morning.","メアリーは毎朝`ビタミンCを*一服*服用している`。","2023/9/9 7:15","2024/8/24 10:35"
1360,1360,"The old man `attempted *suicide*` because of his debts.","その老人は自分の借金のせいで`*自殺*を図った`。","2023/9/9 7:15","2024/8/24 10:36"
1361,1361,"The guests gathered to `celebrate the wedding *feast*`.","招待客は`結婚の*宴*を祝う`ために集まった。","2023/9/9 7:15","2024/8/24 10:37"
1362,1362,"`The *cuisine* of Taiwan’s native people` is increasingly being valued.","`台湾の先住民の*料理*`はますます評価されつつある。","2023/9/9 7:15","2024/8/24 10:38"
1363,1363,"I `heard a *rumor*` that he is living in Boston now.","私は彼が今ボストンに住んでいるという`*うわさ*を聞いた`。","2023/9/9 7:15","2024/8/24 10:38"
1364,1364,"`A famous English *proverb*` says, “Actions speak louder than words.”","`有名な英語の*ことわざ*`に「行動は言葉より雄弁である」とある。","2023/9/9 7:15","2024/8/24 10:39"
1365,1365,"Please `put your *signature* on this form`.","`この記入用紙にあなたの*署名*をして`ください。","2023/9/9 7:15","2024/8/24 10:40"
1366,1366,"There is no `sure *formula* for a good life`.","`いい人生を送るための確実な*方法*`はない。","2023/9/9 7:15","2024/8/24 10:41"
1367,1367,"I take on a part-time job to `earn my college *tuition*`.","私は`大学の*授業料*を稼ぐ`ためにアルバイトをしている。","2023/9/9 7:15","2024/8/24 10:44"
1368,1368,"To protect your heart, `cut back on your fan *intake*`.","あなたの心臓を守るために、`脂肪の*摂取量*を減らしなさい`。","2023/9/9 7:15","2024/8/24 10:45"
1369,1369,"You can see `the full color *spectrum*` in this photo.","この写真では`すべての色*スペクトル*`を見ることができる。","2023/9/9 7:15","2024/8/24 10:46"
1370,1370,"Some people have decided to `donate their *kidneys* after their death`.","`死後に*腎臓*を提供する`ことを決めている人もいる。","2023/9/9 7:15","2024/8/24 10:47"
1371,1371,"He has `the right *gear* to do the repairs`.","彼は`その修理を行うのにぴったりの*器具*`を持っている。","2023/9/9 7:15","2024/8/24 10:48"
1372,1372,"Flight attendants `walk up and down the *aisle*`, serving passengers.","客室乗務員は`*通路*を行き来し`、乗客に対応する。","2023/9/9 7:15","2024/8/24 10:49"
1373,1373,"On hearing the news, she `felt terrible *grief*`.","その知らせを聞くとすぐに、彼女は`非常に*深い悲しみ*を感じた`。","2023/9/9 7:15","2024/8/24 11:21"
1374,1374,"She believed that `it was her *destiny* to become a doctor`.","彼女は`医者になることが自分の*運命*だ`と思っていた。","2023/9/9 7:15","2024/8/24 11:22"
1375,1375,"`Dinosaur bones and *skulls*` were found in the area.","`恐竜の骨と*頭蓋骨*`がその地域で見つかった。","2023/9/9 7:15","2024/8/24 11:23"
1376,1376,"They `buried him in the family *tomb*`.","彼らは`彼を一家の*墓*に埋葬した`。","2023/9/9 7:15","2024/8/24 11:24"
1377,1377,"`The Buddhist *monks*` have learned to live with nature.","`その仏教の*僧侶たち*`は自然と共に生きることを習得した。","2023/9/9 7:15","2024/8/24 11:26"
1378,1378,"`*Worship* of the sun` is found in mythologies around the world.","`太陽*崇拝*`は世界中の神話で見られる。","2023/9/9 7:15","2024/8/24 11:27"
1379,1379,"Jason received an award for `his *outstanding* academic achievement`.","ジェイソンは`その*際立った*学業成績`により賞を受賞した。","2023/9/9 7:15","2024/8/24 11:28"
1380,1380,"Today, we are confronted with `an *unprecedented* economic crisis`.","今日、私たちは`*前例のない*経済危機`に直面している。","2023/9/9 7:15","2024/8/24 11:29"
1381,1381,"The spaceship traveled through `*infinite* space`.","宇宙船は`*無限の*空間`を進んだ。","2023/9/9 7:15","2024/8/24 11:30"
1382,1382,"I don’t mind spending money if `the purchase is *worthwhile*`.","もし`その買い物が*価値のある*ものである`ならば、私はお金を使うことを気にしない。","2023/9/9 7:15","2024/8/24 11:32"
1383,1383,"`Computer literacy is *indispensable* for academic learning`.","`コンピュータ・リテラシーは大学での学習に*不可欠で*ある`。","2023/9/9 7:15","2024/8/24 11:33"
1384,1384,"In a country, children finish `*compulsory* education` at 16.","ある国では、子供たちは16歳で`*義務*教育`を終える。","2023/9/9 7:15","2024/8/24 11:34"
1385,1385,"`It is *probable* that she will be reselected` as mayor.","`彼女が`市長に`再選されることは*十分にありそう*だ`。","2023/9/9 7:15","2024/8/24 11:35"
1386,1386,"`His answer` to the question `was highly *ambiguous*`.","その質問に対する`彼の答えは非常に*あいまいで*あった`。","2023/9/9 7:15","2024/8/24 11:36"
1387,1387,"`The origin` of the ancient custom `remains *obscure*`.","その古来の習慣の`起源は*知られていない*ままだ`。","2023/9/9 7:15","2024/8/24 11:37"
1388,1388,"She `is *skeptical* about the possibility` of political change.","彼女は政治の変化の`可能性に*懐疑的で*ある`。","2023/9/9 7:15","2024/8/24 11:38"
1389,1389,"You have to handle `*fragile* glassware` with care.","`*壊れやすい*ガラス製品`を注意して扱わなくてはならない。","2023/9/9 7:15","2024/8/24 11:40"
1390,1390,"The shock you feel when touching the doorknob is discharged `*static* electricity`.","ドアの取っ手を触ったときに感じるショックは放電した`*静*電気`である。","2023/9/9 7:15","2024/8/24 11:41"
1391,1391,"There has been `a *gradual* increase` in the number of whales in the water.","その水域のクジラの数は`*緩やかな*増加`をしてきている。","2023/9/9 7:15","2024/8/24 11:42"
1392,1392,"The singer has `a *vocal* range of three octaves`.","その歌手は`3オクターブの*声*域`を持っている。","2023/9/9 7:15","2024/8/24 11:43"
1393,1393,"You may have `a *vivid* memory` from early childhood.","あなたは幼い子供時代の`*鮮明な*記憶`を持っているかもしれない。","2023/9/9 7:15","2024/8/24 11:52"
1394,1394,"St. Petersburg was once the capital of `*Imperial* Russia`.","サンクトペテルブルクはかつて`*帝政*ロシア`の首都であった。","2023/9/9 7:15","2024/8/24 11:53"
1395,1395,"They `were *hostile* to the new executive` who joined the company.","彼らは会社に加わった`新しい役員に*敵対的で*あった`。","2023/9/9 7:15","2024/8/24 11:54"
1396,1396,"We are often deceived by `superficial resemblance`.","私たちはしばしば`*表面的な*類似`に騙される。","2023/9/9 7:15","2024/8/24 11:55"
1397,1397,"Japan is a country with `*scarce* energy resources`.","日本は`エネルギー資源が*乏しい*`国である。","2023/9/9 7:15","2024/8/24 11:56"
1398,1398,"Investments showed `a *gross* profit` of $2 million.","投資は200万ドルの`*総*利益`を生んだ。","2023/9/9 7:15","2024/8/24 11:57"
1399,1399,"The Russian language is difficult to learn due to `its *inherent* properties`.","ロシア語は`その*本来的に備わった*特性`のせいで習得するのが難しい。","2023/9/9 7:15","2024/8/24 11:58"
1400,1400,"`The *notable* characteristic` of the English weather is its changeability.","イングランドの天気で`*注目に値する*特徴`はその変わりやすさである。","2023/9/9 7:15","2024/8/24 11:59"
1401,1401,"The store manager `*updates* the sales data` once a week.","店長は1週間に1回、`売上データを*最新のものにする*`。","2023/9/9 7:15","2024/8/26 18:20"
1402,1402,"Music helps `*refresh* your mind` after a long day at work.","職場での長い1日の後、音楽が`気分を*さわやかにする*`のに役立つ。","2023/9/9 7:15","2024/8/26 18:22"
1403,1403,"I think that `these lilies will *bloom*` in a few days.","私は`これらの百合は`数日経てば`*花が咲く*`と思う。","2023/9/9 7:15","2024/8/26 18:24"
1404,1404,"Some people fear that aliens may appear and `*conquer* the Earth`.","宇宙人が現れて`地球を*征服する*`かもしれないと恐れている人もいる。","2023/9/9 7:15","2024/8/26 18:25"
1405,1405,"`The medicine may *induce* sleep`, so don’t take it before driving.","`その薬は眠気を*引き起こす*こともある`ので、運転する前には飲まないように。","2023/9/9 7:15","2024/8/26 18:26"
1406,1406,"He `*attained* most of his knowledge` at university.","彼は大学で`自身の知識の大半を*得た*`。","2023/9/9 7:15","2024/8/26 18:27"
1407,1407,"The man `*sprayed* all the plants with an insecticide`.","その男性は`すべての植物に殺虫剤を*吹きかけた*`。","2023/9/9 7:15","2024/8/26 18:28"
1408,1408,"She successfully `*retrieved* necessary information` from the database.","彼女はデータベースから首尾よく`必要な情報を*検索した*`。","2023/9/9 7:15","2024/8/26 18:29"
1409,1409,"The detective `is *portrayed* as an intelligent character`.","その刑事は`聡明な人物として*描か*れている`。","2023/9/9 7:15","2024/8/26 18:30"
1410,1410,"`The cat *scratched* me` on the arm.","`その猫は私`の腕`を*引っかいた*`。","2023/9/9 7:15","2024/8/26 18:31"
1411,1411,"The wetland `was *designated* as a conservation area`.","その湿地は`保護地域に*指定さ*れた`。","2023/9/9 7:15","2024/8/26 18:32"
1412,1412,"The company’s actual work style `*contradicted* what he learned in taining`.","その会社の実際の働き方は、`彼が研修で学んだことと*矛盾していた*`。","2023/9/9 7:15","2024/8/26 18:33"
1413,1413,"She `*sighed* with relief` to hear that her son was safe.","彼女は息子が無事だと聞いて`安堵の*ため息をついた*`。","2023/9/9 7:15","2024/8/26 18:34"
1414,1414,"Climate change could `*disrupt* the agricultural economy`.","気候変動は`農業経済を*混乱させ*`かねない。","2023/9/9 7:15","2024/8/26 18:35"
1415,1415,"In Japan, trains almost always `*depart* on time`.","日本では、列車はほとんどいつも`時間通りに*出発する*`。","2023/9/9 7:15","2024/8/26 18:36"
1416,1416,"She always `*navigates* for her husband when they go for a drive`.","`ドライブに行くときは`彼女がいつも`夫を*誘導する*`。","2023/9/9 7:15","2024/8/26 18:38"
1417,1417,"She `*begged* the concert attendant to let her enter the hall`.","彼女は`コンサートの案内係にホールに入れてくれるよう*切に頼んだ*`。","2023/9/9 7:15","2024/8/26 18:39"
1418,1418,"`America is *inhabited* by many people` from all over the world.","`アメリカには`世界中から来た`多くの人々が*住んでいる*`。","2023/9/9 7:15","2024/8/26 18:40"
1419,1419,"The doctor `*diagnosed* the patient with mild illness`.","医師は`患者が軽い病気にかかっていると*診断した*`。","2023/9/9 7:15","2024/8/26 18:41"
1420,1420,"She could not `*comprehend* what he was saying`.","彼女は`彼の言っていることを*理解する*`ことができなかった。","2023/9/9 7:15","2024/8/26 18:42"
1421,1421,"We `are *obliged* to educate children, work and pay taxes`.","私たちは`子供を教育し、勤労し、納税する*義務が*ある`。","2023/9/9 7:15","2024/8/26 18:43"
1422,1422,"The boy `*crammed* his mouth with a piece of bread`.","その少年は`口に1切れのパンを*詰め込んだ*`。","2023/9/9 7:15","2024/8/26 18:44"
1423,1423,"Many people `*flocked* to the new restaurant featured on TV`.","多くの人が`テレビで特集されたその新しいレストランに*群がった*`。","2023/9/9 7:15","2024/8/26 18:45"
1424,1424,"We should not `*underestimate* our own talents`.","私たちは`自分自身の才能を*過小評価する*`べきではない。","2023/9/9 7:15","2024/8/26 18:54"
1425,1425,"The man `*clarified* the main point` of his presentation.","その男性は自分のプレゼンの`最重要ポイントを*明確にした*`。","2023/9/9 7:15","2024/8/26 18:55"
1426,1426,"His comments on  a review site `*sparked* a flood of protests`.","レビューサイト上での彼の意見は`大量の抗議を*引き起こした*`。","2023/9/9 7:15","2024/8/26 18:56"
1427,1427,"I failed to `*seize* the opportunity` to meet the mayor of our city.","私は市長に会う`チャンスを*つかみ*`損ねた。","2023/9/9 7:15","2024/8/26 19:02"
1428,1428,"`The stock price` of the company `has *soared*`.","その会社の`株価が*急上昇した*`。","2023/9/9 7:15","2024/8/26 19:04"
1429,1429,"The metal `*glowed* in the dark`, giving off a soft green light.","その金属は`暗闇の中で*光り輝き*`、柔らかい緑色の光を放っていた。","2023/9/9 7:15","2024/8/26 19:06"
1430,1430,"She `*disguised* herself as a man`, so nobody could recognize her.","彼女は`男性に*変装した*`ので、誰も彼女だと気づかなかった。","2023/9/9 7:15","2024/8/26 19:07"
1431,1431,"He `negatively *distorted* his friend’s message` by mistake.","彼は誤って`友人の伝言を否定的に*歪めた*`。","2023/9/9 7:15","2024/8/26 19:08"
1432,1432,"The new theory accounts for what `*undermines* health`.","その新しい理論は何が`健康を*むしばむ*`かの説明となる。","2023/9/9 7:15","2024/8/26 19:09"
1433,1433,"We should `*abolish* the outdated practice` as it is no longer useful.","もはや役に立たないので、`その時代遅れの慣例を*廃止する*`べきである。","2023/9/9 7:15","2024/8/26 19:12"
1434,1434,"First, we need to `*strip* the tape from the package`.","まず`包みからテープを*剥がす*`必要がある。","2023/9/9 7:15","2024/8/26 19:13"
1435,1435,"His will indicated how to `*dispose* of his property`.","彼の遺言は`自分の財産を*処分する*`方法を示していた。","2023/9/9 7:15","2024/8/26 19:15"
1436,1436,"It is illegal to `*dump* waste into the river`.","`川にごみを*投棄する*`のは違法である。","2023/9/9 7:15","2024/8/26 19:15"
1437,1437,"This beautiful scarf `is *woven* from silk thread`.","この美しいスカーフは`絹糸で*織ら*れている`。","2023/9/9 7:15","2024/8/26 19:16"
1438,1438,"He greatly `*refined* his manners` as he became an adult.","彼は大人になって大いに`行儀作法を*洗練した*`。","2023/9/9 7:15","2024/8/26 19:17"
1439,1439,"The goal of this treatment is to `*enrich* the quality of your life`.","この治療の目的は`あなたの生活の質を*豊かにする*`ことである。","2023/9/9 7:15","2024/8/26 19:18"
1440,1440,"The guide `*coordinated* a travel schedule` for the people on the tour.","案内人がツアーの人々のために`旅行日程を*調整した*`。","2023/9/9 7:15","2024/8/26 19:19"
1441,1441,"Their sudden marriage `grabbed the newspaper *headlines*` this week.","彼らの突然の結婚は今週の`新聞の*大見出し*で取り上げられた`。","2023/9/9 7:15","2024/8/26 19:21"
1442,1442,"He has completed `a one-year *internship* with a law firm` in Tokyo.","彼は東京の`法律事務所での1年間の*実務研修*`を終了した。","2023/9/9 7:15","2024/8/26 19:22"
1443,1443,"A lot of tourists rushed to `the *outlets* that sell famous brands`.","多くの観光客が`有名ブランド品を売る*直売店*`に殺到した。","2023/9/9 7:15","2024/8/26 19:23"
1444,1444,"He tried some `fork *remedies*` for his illness.","彼は自分の病気に`民間*療法*`をいくつか試した。","2023/9/9 7:15","2024/8/26 19:24"
1445,1445,"The doctor gave her five days’ worth of `*pills* for her cold`.","医師は彼女に5日分の`風邪薬の*錠剤*`を出した。","2023/9/9 7:15","2024/8/26 19:25"
1446,1446,"Her new novel `is getting a good *reception* from the readers`.","彼女の新しい小説は`読者から良好な*反応*を得ている`。","2023/9/9 7:15","2024/8/26 19:26"
1447,1447,"I am wondering how secure `our online *transactions*` are.","私は`私たちのオンライン*取引*`がどれくらい安全かと思っている。","2023/9/9 7:15","2024/8/26 19:27"
1448,1448,"Some chemicals can cause `genetic *mutations*` in humans.","化学薬品の中には人間の`遺伝子の*突然変異*`を引き起こしかねないものがある。","2023/9/9 7:15","2024/8/26 19:28"
1449,1449,"I am trying to `eat less red meat and *dairy*`.","私は`赤肉と*乳製品*を取る量を減らそ`うとしている。","2023/9/9 7:15","2024/8/27 10:46"
1450,1450,"She `felt deep *compassion* for the victims` of the accident.","彼女はその事故の`犠牲者に深い*同情*を感じた`。","2023/9/9 7:15","2024/8/27 10:47"
1451,1451,"This chair helps people `maintain a good *posture*`.","この椅子は人が`よい*姿勢*を保つ`助けになる。","2023/9/9 7:15","2024/8/27 10:48"
1452,1452,"Being angry, he `released a scream and a *curse*`.","かっとなって、彼は`叫び声と*ののしりの言葉*を発した`。","2023/9/9 7:15","2024/8/27 10:49"
1453,1453,"She went back to her hometown to `attend her grandfather’s *funeral*`.","彼女は`祖父の*葬儀*に参列する`ために故郷に帰った。","2023/9/9 7:15","2024/8/27 10:50"
1454,1454,"According to `the recent national *census*`, the population is decreasing.","`最近の*国勢調査*`によると、人口は減少している。","2023/9/9 7:15","2024/8/27 10:51"
1455,1455,"This electronic dictionary contains `15 volumes of an *encyclopedia*`.","この電子辞書は`15巻の*百科事典*`を収録している。","2023/9/9 7:15","2024/8/27 10:52"
1456,1456,"Some people `avoid *cereals* to lose weight`.","`減量するために*穀物*を避ける`人もいる。","2023/9/9 7:15","2024/8/27 10:53"
1457,1457,"Our solar system is only `a *fragment* of the whole universe`.","私たちの太陽系は`宇宙全体の*断片*`にすぎない。","2023/9/9 7:15","2024/8/27 10:53"
1458,1458,"Giant pandas `have black *patches* around their eyes`.","ジャイアントパンダには`目の周りに黒い*部分*がある`。","2023/9/9 7:15","2024/8/27 10:55"
1459,1459,"In this city, most of `household *rubbish*` is burned up at a high temperature.","この市では、`家庭*ごみ*`の大半は高温で焼却される。","2023/9/9 7:15","2024/8/27 10:56"
1460,1460,"The new store is `like a complicated *maze*` for the shoppers.","その新しい店は買い物客にとって`複雑な*迷路*のよう`である。","2023/9/9 7:15","2024/8/27 10:57"
1461,1461,"Her trip to India totally `changed her *outlook* on life`.","彼女のインドへの旅は`彼女の人生*観*を`完全に`変えた`。","2023/9/9 7:15","2024/8/27 10:58"
1462,1462,"The professor finally `made a *breakthrough* in biology`.","その教授はついに`生物学における*大発見*をした`。","2023/9/9 7:15","2024/8/27 11:22"
1463,1463,"She `achieved a great *triumph*` during the tournament.","彼女はトーナメント中に`素晴らしい*勝利*を収めた`。","2023/9/9 7:15","2024/8/27 11:23"
1464,1464,"Japan is `an *ally* and trade partner` of the United States.","日本はアメリカ合衆国の`*同盟国*であり貿易相手国`である。","2023/9/9 7:15","2024/8/27 11:24"
1465,1465,"`The *spectators* of the game` were very excited about the victory.","`その試合の*観客たち*`は勝利にとても興奮していた。","2023/9/9 7:15","2024/8/27 11:25"
1466,1466,"After graduation, he and I moved in `different social *spheres*`.","卒業後、彼と私は`異なる社会的*領域*`に進んだ。","2023/9/9 7:15","2024/8/27 11:26"
1467,1467,"`A *county* has its own government` to deal with local matters.","`*郡*は`地元の問題に対処するための`独自の政府を持つ`。","2023/9/9 7:15","2024/8/27 11:29"
1468,1468,"`On *behalf* of my whole family`, I’d like to thank you for all your help.","`家族全員を*代表*して`、私はあなたのご助力に感謝したく思います。","2023/9/9 7:15","2024/8/27 11:31"
1469,1469,"The city shuttle bus runs `at *intervals* of five minutes`.","その市のシャトルバスは`5分*間隔*で`走っている。","2023/9/9 7:15","2024/8/27 11:32"
1470,1470,"Good `blood *circulation*` helps the brain stay healthy.","良好な`血液の*循環*`は脳が健康でいる助けとなる。","2023/9/9 7:15","2024/8/27 11:32"
1471,1471,"The company has decided to sell `ceramic *blades*` instead of metal ones.","その会社は金属刃の代わりに`セラミックスの*刃*`を販売することに決めた。","2023/9/9 7:15","2024/8/27 11:33"
1472,1472,"The greatest `art *theft*` in history occurred during World War II.","史上最大の`美術品*窃盗*`は第二次世界大戦中に起こった。","2023/9/9 7:15","2024/8/27 11:35"
1473,1473,"A rocket engine can operate in `the *vacuum* of space`.","ロケットエンジンは`宇宙空間の*真空*`の中で作動することができる。","2023/9/9 7:15","2024/8/27 11:35"
1474,1474,"There was `a *collision* between two boats` last night.","昨夜`2隻の船による*衝突*`があった。","2023/9/9 7:15","2024/8/27 11:36"
1475,1475,"She `found a good *bargain* at the market`.","彼女は`市場で*お買い得品*を見つけた`。","2023/9/9 7:15","2024/8/27 11:37"
1476,1476,"`Tokyo Skytree is` one of `the newest *landmarks*` in Tokyo.","`東京スカイツリーは`東京の`最も新しい*目印*`の1つである。","2023/9/9 7:15","2024/8/27 12:05"
1477,1477,"There was an increase of 5.2 percent in `tax *revenues*` last year.","昨年は5.2パーセントの`税*収*`の増加があった。","2023/9/9 7:15","2024/8/27 12:06"
1478,1478,"`A lot of international *treaties*` have been signed in Canada.","`多くの国際*条約*`がカナダで調印されてきた。","2023/9/9 7:15","2024/8/27 12:07"
1479,1479,"In many countries in the past, the king was `the *supreme* authority`.","昔は多くの国で、王は`*最高*権力者`だった。","2023/9/9 7:15","2024/8/27 12:08"
1480,1480,"`The police’s *thorough* investigation` revealed the cause of the accident.","`警察の*徹底的な*調査`が事故の原因を明らかにした。","2023/9/9 7:15","2024/8/27 12:09"
1481,1481,"The artist won an award for his sculpture of `the *naked* body`.","その美術家は`*裸*体`の彫刻で賞を取った。","2023/9/9 7:15","2024/8/27 12:10"
1482,1482,"They all accepted `her *sincere* apology`.","彼らは皆、`彼女の*心からの*謝罪`を受け入れた。","2023/9/9 7:15","2024/8/27 12:11"
1483,1483,"`Our cat is *tame*`, but she is sometimes frightened of strangers.","`私たちの猫は*人に慣れて*いる`が、時々見知らぬ人を怖がる。","2023/9/9 7:15","2024/8/27 12:12"
1484,1484,"His salary is `an *insufficient* amount for supporting his family`.","彼の給料は`彼の家族を養うには*不十分な*金額`である。","2023/9/9 7:15","2024/8/27 12:13"
1485,1485,"`The streetlights` near my house `are very *dim*`.","私の家の近くの`街灯はとても*薄暗い*`。","2023/9/9 7:15","2024/8/27 12:15"
1486,1486,"Soon after eating oysters, she `had an *acute* pain` in her stomach.","カキを食べて間もなく、彼女は胃に`*激しい*痛みを覚えた`。","2023/9/9 7:15","2024/8/27 12:16"
1487,1487,"There are parking spaces prepared for `physically *disabled* people`.","`身体*障害*者`のために駐車スペースが用意されている。","2023/9/9 7:15","2024/8/27 12:17"
1488,1488,"`A *metropolitan* area` typically has a convenient transportation system.","`*大都市*圏`には概して便利な交通機関がある。","2023/9/9 7:15","2024/8/27 12:18"
1489,1489,"He is not interested in `objects of little *monetary* value`.","彼は`*金銭的*価値のほとんどない物`には興味がない。","2023/9/9 7:15","2024/8/27 12:19"
1490,1490,"The hikers `took an *alternate* route` to the top of the mountain.","ハイカーたちは山頂まで`*代わりの*ルートを取った`。","2023/9/9 7:15","2024/8/27 12:20"
1491,1491,"Reducing waste is only `a *partial* solution to global warming`.","ごみを減らすことは`地球温暖化に対する*部分的な*解決策`にすぎない。","2023/9/9 7:15","2024/8/27 12:21"
1492,1492,"Sunlight is often used to represent `*divine* grace or revelation`.","太陽の光は`*神の*恩寵や啓示`を表すのによく使われる。","2023/9/9 7:15","2024/8/27 12:22"
1493,1493,"The man made `a *drastic* change` in his daily eating habits.","その男性は毎日の食習慣に`*抜本的な*変更`を加えた。","2023/9/9 7:15","2024/8/27 12:23"
1494,1494,"Their product survived `*fierce* competition` with another company’s.","彼らの製品は他社の製品との`*猛烈な*競争`を乗り切った。","2023/9/9 7:15","2024/8/28 10:34"
1495,1495,"Newspapers were `the *sole* source of information` for people at that time.","新聞は当時の人々にとって`*唯一の*情報源`であった。","2023/9/9 7:15","2024/8/28 10:35"
1496,1496,"He received `*spontaneous* applause from the audience` after his speech.","彼は演説の後、`聴衆からの*自然発生的な*拍手`を受けた。","2023/9/9 7:15","2024/8/28 10:36"
1497,1497,"The man described `the *spatial* layout of the room` over the phone.","男性は電話で、`その部屋の*空間*レイアウト`を説明した。","2023/9/9 7:15","2024/8/28 10:37"
1498,1498,"Some people are unable to `keep their rooms *neat* and clean`.","`自分の部屋を*きちんとした*清潔な状態に保つ`ことができない人がいる。","2023/9/9 7:15","2024/8/28 10:38"
1499,1499,"She cannot put up with `the house not being *tidy*`.","彼女は`家が*きちんと片付いて*いないの`を我慢できない。","2023/9/9 7:15","2024/8/28 10:39"
1500,1500,"Most of the employees in the company `are *loyal* to their president`.","その会社の従業員のほとんどは`社長に*忠実で*ある`。","2023/9/9 7:15","2024/8/28 10:40"
1501,1501,"This area `is *blessed* with natural beauty`.","この地域は`自然美に*恵まれて*いる`。","2023/9/9 7:15","2024/8/28 10:41"
1502,1502,"She fainted, but soon `*regained* consciousness`.","彼女は失神したが、すぐに`意識を*取り戻した*`。","2023/9/9 7:15","2024/8/28 10:42"
1503,1503,"While in Japan, Lucas tried to `*conform* to Japanese customs`.","日本にいる間、ルーカスは`日本の慣習に*順応し*`ようとした。","2023/9/9 7:15","2024/8/28 10:43"
1504,1504,"He `*enrolled* in a local gym` to learn Latin dance.","彼はラテンダンスを習うために`地元のジムに*入会した*`。","2023/9/9 7:15","2024/8/28 10:44"
1505,1505,"Members of the store `are *entitled* to a five percent discount`.","その店の会員は`5%の割引を受ける*権利が*ある`。","2023/9/9 7:15","2024/8/28 10:46"
1506,1506,"The specialists were not able to `*halt* the spread of this year’s flu`.","専門家たちは`今年のインフルエンザの蔓延を*食い止める*`ことができなかった。","2023/9/9 7:15","2024/8/28 10:47"
1507,1507,"The topic of immigration usually `*provokes* emotional reactions`.","移民の話題はたいてい`感情的な反応を*引き起こす*`。","2023/9/9 7:15","2024/8/28 10:48"
1508,1508,"Animals usually do not `*invade* the territories of other animals`.","動物はたいてい`他の動物の縄張りを*侵略し*`ない。","2023/9/9 7:15","2024/8/28 10:49"
1509,1509,"The cat somehow `*squeezed* through a gap` in the fence.","その猫はなんとかフェンスの`隙間に*押し入って*通った`。","2023/9/9 7:15","2024/8/28 10:50"
1510,1510,"The baby `*crawled* across the floor` to his mother.","その赤ん坊は`床を*這って*`母親の所に行った。","2023/9/9 7:15","2024/8/28 10:52"
1511,1511,"It takes three to four hours to `*digest* meat and fish`.","`肉や魚を*消化する*`には3、4時間かかる。","2023/9/9 7:15","2024/8/28 10:58"
1512,1512,"She was too shocked to `*utter* a word` at all.","彼女はひどくショックを受けて、`言葉を*発する*`ことが全くできなかった。","2023/9/9 7:15","2024/8/28 11:00"
1513,1513,"Politicians should `*refrain* from using bad language`.","政治家は`汚い言葉を使うのを*控える*`べきである。","2023/9/9 7:15","2024/8/28 11:01"
1514,1514,"Some scholars think `the Ainu *populated* Hokkaido` by the 13th century.","`アイヌ民族は`13世紀までには`北海道に*住み着いた*`と考える学者もいる。","2023/9/9 7:15","2024/8/28 11:02"
1515,1515,"The elevator `*accommodates* up to 12 people`.","そのエレベーターは`最大12人まで*収容する*`。","2023/9/9 7:15","2024/8/28 11:03"
1516,1516,"As an experienced navigator, he `*steered* the boat into the harbor`.","経験豊かな航海士として、彼は`船を*操縦して*入港させた`。","2023/9/9 7:15","2024/8/28 11:05"
1517,1517,"The rowboat turned over and she `nearly *drowned* in the lake`.","手漕ぎボートがひっくり返り、彼女は`湖で*溺れて死ぬ*ところだ*った*`。","2023/9/9 7:15","2024/8/28 11:06"
1518,1518,"She `*dips* biscuits in tea` before eating them.","彼女は食べる前に`紅茶にビスケットを*浸す*`。","2023/9/9 7:15","2024/8/28 11:08"
1519,1519,"She made pickles by `*soaking* cucumbers in vinegar`.","彼女は`キュウリを酢に*浸すこと*`によってピクルスを作った。","2023/9/9 7:15","2024/8/28 11:09"
1520,1520,"She `*stirred* her tea with a spoon`.","彼女は`スプーンで紅茶を*かき混ぜた*`。","2023/9/9 7:15","2024/8/28 11:10"
1521,1521,"The surgeon successfully `*transplanted* a heart into the child`.","外科医は首尾よく`その子供に心臓を*移植した*`。","2023/9/9 7:15","2024/8/28 11:12"
1522,1522,"My mother `*reassured* me that everything should go well`.","私の母は`万事うまくいくと私を*安心させた*`。","2023/9/9 7:15","2024/8/28 11:13"
1523,1523,"She `*resumed* her career` after two years of maternity leave.","彼女は2年間の産休の後、`仕事を*再開した*`。","2023/9/9 7:15","2024/8/28 11:14"
1524,1524,"He `*speculated* that life might exist on Mars`.","彼は`火星に生物が存在するかもしれないと*推測した*`。","2023/9/9 7:15","2024/8/28 11:15"
1525,1525,"`Computers have *surpassed* the human mind` in some aspects.","`コンピュータは`いくつかの点で`人間の知力を*上回った*`。","2023/9/9 7:15","2024/8/28 11:16"
1526,1526,"We all agreed to `*appoint* Mr. White music director` of our orchestra.","私たち全員が当オーケストラの`音楽監督にホワイト氏を任命する`ことに同意した。","2023/9/9 7:15","2024/8/28 11:17"
1527,1527,"She `was *intrigued* by the article` about a recently discovered plant.","彼女は最近発見された植物に関する`記事に*興味を抱い*た`。","2023/9/9 7:15","2024/8/28 11:18"
1528,1528,"`Fresh food easily *decays*` in the summer.","夏の間は`生鮮食品はすぐに*腐敗する*`。","2023/9/9 7:15","2024/8/28 11:19"
1529,1529,"The oil spill from the ship `*contaminated* the sea`.","船からの石油流出が`海を*汚染した*`。","2023/9/9 7:15","2024/8/28 11:20"
1530,1530,"He noticed that `his twisted wrist *swelled*` greatly.","彼は`捻った手首が`ひどく`*腫れている*`ことに気づいた。","2023/9/9 7:15","2024/8/28 11:21"
1531,1531,"You should `*delete* spam messages` right away.","すぐに`迷惑メールを*削除する*`べきだ。","2023/9/9 7:15","2024/8/28 11:22"
1532,1532,"I just cannot `*tolerate* his selfishness`.","私はどうしても`彼のわがままを*我慢する*`ことができない。","2023/9/9 7:15","2024/8/28 11:23"
1533,1533,"Many writers `*envy* her talent` for literature.","多くの作家が`彼女の`文学の`才能を*羨む*`。","2023/9/9 7:15","2024/8/28 11:25"
1534,1534,"She `*prayed* that her son might recover` from his illness.","彼女は`自分の息子が`病気から`回復するよう*祈った*`。","2023/9/9 7:15","2024/8/28 11:26"
1535,1535,"He `*confessed* to the judge that he did the crime`.","彼は`裁判官に自分がその罪を犯したと*白状した*`。","2023/9/9 7:15","2024/8/28 11:27"
1536,1536,"The minister `*resigned* from his post` due to his misuse of political funds.","大臣は政治資金の不正使用のせいで`その職を*辞任した*`。","2023/9/9 7:15","2024/8/28 19:20"
1537,1537,"She `*dissolved* a vitamin C tablet in water`.","彼女は`ビタミンCの錠剤を水に*溶かした*`。","2023/9/9 7:15","2024/8/28 19:20"
1538,1538,"She `*unfolded* the letter` inside the envelope.","彼女は封筒の中の`手紙を*開いた*`。","2023/9/9 7:15","2024/8/28 19:21"
1539,1539,"He `is often *awakened* by nightmares`.","彼は`悪夢で*目覚める*ことが多い`。","2023/9/9 7:15","2024/8/28 19:22"
1540,1540,"He `*conceived* a new business plan` while taking a bath.","彼は入浴中に`新しい事業計画を*思いついた*`。","2023/9/9 7:15","2024/8/28 19:23"
1541,1541,"Japan `has produced many young *entrepreneurs* in the IT field`.","日本は`IT分野において多くの若い*起業家*を輩出してきた`。","2023/9/9 7:15","2024/8/28 19:24"
1542,1542,"The company `has a major *stake* in the project`.","その会社は`その事業に大きな*利害関係*を持っている`。","2023/9/9 7:15","2024/8/28 19:25"
1543,1543,"`A *surplus* of apartment buildings` has lowered the cost of rent.","`アパート・マンションの*過剰*`は家賃を低下させた。","2023/9/9 7:15","2024/8/28 19:26"
1544,1544,"Pension payments should `be increased in line with *inflation*`.","年金の支払いは`*インフレ*に連動して増える`べきである。","2023/9/9 7:15","2024/8/28 19:27"
1545,1545,"`Workers in *sweatshops*` earn less than the minimum wage set by law.","`*搾取工場*の労働者`は法律に定められた最低賃金より稼ぎが少ない。","2023/9/9 7:15","2024/8/28 19:28"
1546,1546,"There were `violent *clashes* between police and demonstrators`.","`警察とデモ隊との激しい*衝突*`があった。","2023/9/9 7:15","2024/8/28 19:29"
1547,1547,"She wants to `major in *sociology* at college`.","彼女は`大学で*社会学*を専攻し`たいと思っている。","2023/9/9 7:15","2024/8/28 19:30"
1548,1548,"`*Ideologies* such as religious beliefs` or political concepts can lead to war.","`宗教的信条`や政治的概念`のような*イデオロギー*`は戦争につながりかねない。","2023/9/9 7:15","2024/8/28 19:32"
1549,1549,"She wrote some notes in `the *margin* of the page`.","彼女は`そのページの*余白*`にメモを書いた。","2023/9/9 7:15","2024/8/28 19:32"
1550,1550,"The writer decided to write about `the *realms* of fantasy`.","著者は`空想の*世界*`について書くことに決めた。","2023/9/9 7:15","2024/8/28 19:33"
1551,1551,"Many Japanese have received major awards in `the *domain* of physics`.","多くの日本人が`物理学の*分野*`で主要な賞を受賞している。","2023/9/9 7:15","2024/8/28 19:34"
1552,1552,"Computers are getting faster at `processing *algorithms*` these days.","最近、コンピュータは`*アルゴリズム*の処理`がより速くなりつつある。","2023/9/9 7:15","2024/8/28 19:35"
1553,1553,"A herd of buffalo `inhabits the nearby *prairie*`.","バッファローの群れが`近くの*大草原*に生息している`。","2023/9/9 7:15","2024/8/28 19:36"
1554,1554,"Students can study at `the *frontiers* of space engineering` at this university.","この大学では学生たちは`宇宙工学の*最先端*`で研究できる。","2023/9/9 7:15","2024/8/28 19:37"
1555,1555,"The police officer wears `a special vest to protect himself from *bullets*`.","その警官は`*銃弾*から身を守るための特殊なチョッキ`を着ている。","2023/9/9 7:15","2024/8/29 14:44"
1556,1556,"The military has been creating `a *shield* against missiles`.","軍は`ミサイルに対する*盾*`を作り出してきている。","2023/9/9 7:15","2024/8/29 14:45"
1557,1557,"She quit her job and `left in *despair*`.","彼女は`*絶望*して`、仕事を辞め`去っていった`。","2023/9/9 7:15","2024/8/29 14:46"
1558,1558,"The biggest problem of a nuclear disaster is `exposure to *radiation*`.","原子力災害の最大の問題は`*放射能*の被曝`である。","2023/9/9 7:15","2024/8/29 14:46"
1559,1559,"The doctor `gave a *placebo* to the patient` in the clinical trial.","医者は臨床試験において`その患者に*偽薬*を与えた`。","2023/9/9 7:15","2024/8/29 14:48"
1560,1560,"`Day care *nurseries*` are available to per-school children in the city.","`保育用*託児所*`は市内の就学前の子どもが利用できる。","2023/9/9 7:15","2024/8/29 14:49"
1561,1561,"The man is very glad that `he has a supportive *spouse*`.","その男性は`自分に支えとなる*配偶者*がいる`ことをとても嬉しく思っている。","2023/9/9 7:15","2024/8/29 14:50"
1562,1562,"Before the play, the actors `put on costumes and *makeup*`.","芝居の前に、役者たちは`衣装を身につけ*化粧*をした`。","2023/9/9 7:15","2024/8/29 14:51"
1563,1563,"`The *mummy* found in the tomb` was buried with a lot of gold.","`その墓で見つかった*ミイラ*`は多くの金製品ととともに埋葬されていた。","2023/9/9 7:15","2024/8/29 14:51"
1564,1564,"The trap had cut deeply into `the rabbit’s *flesh*`.","その罠は`ウサギの*肉*`に深く食い込んでいた。","2023/9/9 7:15","2024/8/29 14:53"
1565,1565,"He `stretched his long *limbs*` just after he got out of bed.","彼はベッドから出た直後に`その長い*手足*を伸ばした`。","2023/9/9 7:15","2024/8/29 14:54"
1566,1566,"`Dogs can detect *odors*` that humans cannot notice.","`犬は`人間が気づくことのできない`*におい*を感知することができる`。","2023/9/9 7:15","2024/8/29 15:03"
1567,1567,"On Sundays he `does the *laundry*` and cleans his room.","日曜日には彼は`*洗濯*をし`、部屋を掃除する。","2023/9/9 7:15","2024/8/29 15:04"
1568,1568,"I cannot tell whether `the *tide* is going out` or coming in.","`*潮*が引いている`のか満ちているのか、私にはわからない。","2023/9/9 7:15","2024/8/29 15:05"
1569,1569,"If you have time, please `answer the *questionnaire*`.","お時間があるようでしたら、`*アンケート*に答えて`ください。","2023/9/9 7:15","2024/8/29 15:06"
1570,1570,"John should have known better than to `say such *nonsense*`.","ジョンは`そのような*馬鹿なこと*を言わ`ないだけの分別があるべきだった。","2023/9/9 7:15","2024/8/29 15:07"
1571,1571,"He was determined to `take *revenge* on his political enemies`.","彼は`彼の故郷の政敵に*復讐*する`決意を固めた。","2023/9/9 7:15","2024/8/29 15:08"
1572,1572,"He thinks that he is `a man of superior *intellect*`.","彼は自分が`優れた*知性*を持つ人間`だと思っている。","2023/9/9 7:15","2024/8/29 15:09"
1573,1573,"The Japanese hotel `shows great *hospitality* towards its guests`.","その日本のホテルは`客に対して素晴らしい*もてなし*をする`。","2023/9/9 7:15","2024/8/29 15:10"
1574,1574,"`The librarian *recommended* this book` as a reference on English grammar.","`その*司書*は`英文法に関する参考図書として`この本を薦めてくれた`。","2023/9/9 7:15","2024/8/29 15:13"
1575,1575,"`The writer’s *manuscript*` has been kept in the university library.","`その作家の*原稿*`は大学の図書館に保管されている。","2023/9/9 7:15","2024/8/29 15:14"
1576,1576,"She seemed to `have an *obsession* with losing weight`.","彼女は`痩せることに*取り憑かれている*`ように見えた。","2023/9/9 7:15","2024/8/29 15:16"
1577,1577,"`The hospital’s standard of *hygiene*` is high.","`その病院の*衛生*基準`は高い。","2023/9/9 7:15","2024/8/29 15:17"
1578,1578,"The professor `introduced a new *paradigm*` into linguistic studies.","その教授は言語学研究に`新たな*理論的枠組み*を取り入れた`。","2023/9/9 7:15","2024/8/29 15:18"
1579,1579,"He has three offshore companies for `*legitimate* tax avoidance` purposes.","彼は`*合法的な*租税回避`の目的で海外の会社を3つ持っている。","2023/9/9 7:15","2024/8/29 15:19"
1580,1580,"She was moved by `the *authentic* works by Picasso` at the museum.","彼女はその美術館で`ピカソの*本物の*作品`に感動した。","2023/9/9 7:15","2024/8/29 15:20"
1581,1581,"The teacher explained how to collect `*empirical* evidence`.","その教師は`*経験的*証拠`の集め方を説明した。","2023/9/9 7:15","2024/8/29 15:21"
1582,1582,"There are `*immense* varieties of chilies` in Mexico.","メキシコには`*膨大な*種類の唐辛子`がある。","2023/9/9 7:15","2024/8/29 15:22"
1583,1583,"Many people think that legalizing drug is `an *absurd* idea`.","多くの人は麻薬を合法化するのは`*馬鹿げた*考え`だと思っている。","2023/9/9 7:15","2024/8/29 15:46"
1584,1584,"I have been having `very *weird* dreams` these days.","私は最近よく`とても*奇妙な*夢`を見る。","2023/9/9 7:15","2024/8/29 15:47"
1585,1585,"`Their *accidental* meeting` led to a successful partnership.","`彼らの*偶然の*出会い`が素晴らしい協力関係につながった。","2023/9/9 7:15","2024/8/29 15:48"
1586,1586,"Young people tend to `feel *uneasy* about the future`.","若者は`将来に関して*不安な*気持ちになる`傾向がある。","2023/9/9 7:15","2024/8/29 15:49"
1587,1587,"His friend `was *jealous* of his cooking skills`.","彼の友人は`彼の料理の腕前に*嫉妬して*いた`。","2023/9/9 7:15","2024/8/29 15:50"
1588,1588,"She prefers to `dress in a *feminine* way`.","彼女は`*女性らしい*服装をする`ことを好む。","2023/9/9 7:15","2024/8/29 15:51"
1589,1589,"The rescue of victims requires `*swift* action`.","被害者の救出は`*素早い*行動`を必要とする。","2023/9/9 7:15","2024/8/29 15:52"
1590,1590,"As she had not eaten anything, `her stomach felt *hollow*`.","彼女は何も食べていなかったので、`胃が*空っぽの*感じがした`。","2023/9/9 7:15","2024/8/29 15:53"
1591,1591,"He read `a *crude* summary of the novel`.","彼は`その小説の*大まかな*要約`を読んだ。","2023/9/9 7:15","2024/8/29 15:54"
1592,1592,"I `have a *sore* throat` due to a cold.","私は風邪のせいで`喉が*痛い*`。","2023/9/9 7:15","2024/8/29 15:55"
1593,1593,"You should not `be *pessimistic* about your future`.","君は`将来について*悲観的に*なって`はいけない。","2023/9/9 7:15","2024/8/29 15:56"
1594,1594,"I `tried in *vain* to persuade him to get along` with his father.","私は、`彼を説得して父親と良い関係を築かせようとしたが*無駄だ*った`。","2023/9/9 7:15","2024/8/29 15:58"
1595,1595,"Most `food is *susceptible* to heat`, so it is wise to store it in a cool place.","大抵の食品は`熱の*影響を受けやすい*`ので、涼しい場所に保管するのが賢明である。","2023/9/9 7:15","2024/8/29 15:59"
1596,1596,"My grandfather is good at picking out `*edible* mushrooms` in the forest.","私の祖父は森で`*食用*キノコ`を選び出すことが得意である。","2023/9/9 7:15","2024/8/29 17:11"
1597,1597,"The girl appears to be `a *sheer* genius` in science.","その少女は科学分野における`*真の*天才`のようだ。","2023/9/9 7:15","2024/8/29 17:12"
1598,1598,"He always gives us `*explicit* instruction`.","彼はいつも私たちに`*明白な*指示`をくれる。","2023/9/9 7:15","2024/8/29 17:13"
1599,1599,"If you work without a break, you `become more *prone* to error`.","休憩を取らずに働いていると、`間違いをもっと犯し*やすく*`なる。","2023/9/9 7:15","2024/8/29 17:14"
1600,1600,"Advertises are targeting `society’s *affluent* groups`.","広告主たちは`社会の*富裕*層`をターゲットにしている。","2023/9/9 7:15","2024/8/29 17:15"
1601,1601,"`Researchers from many countries *collaborated*` to analyze the data.","`多くの国の研究者が*共同して*`そのデータを分析した。","2023/9/9 7:15","2024/8/30 16:10"
1602,1602,"The state government `*exerts* great influence on the possession of guns`.","州政府は`銃の所持に関して大きな影響を*及ぼす*`。","2023/9/9 7:15","2024/8/30 16:12"
1603,1603,"The country `*excels* at inventing electronic devices` and parts.","その国は`電子機器`や部品`を発明するのに*秀でている*`。","2023/9/9 7:15","2024/8/30 16:14"
1604,1604,"Jack `*prospered* in business` in his hometown.","ジャックは故郷で`事業に*成功した*`。","2023/9/9 7:15","2024/8/30 16:14"
1605,1605,"Visitors `*surged* through the gates to the entrance` of the museum.","来場者は`ゲートを通り抜け`博物館の`入り口に*殺到した*`。","2023/9/9 7:15","2024/8/30 16:16"
1606,1606,"The police do not usually `*intervene* in family disputes`.","警察は通常、`家庭争議に*介入し*`ない。","2023/9/9 7:15","2024/8/30 16:17"
1607,1607,"He `*inserted* an IC card into the ticket machine`.","彼は`券売機にICカードを*挿入した*`。","2023/9/9 7:15","2024/8/30 16:18"
1608,1608,"It is dangerous to `*overtake* a car on an inside lane`.","`内側車線で車を*追い抜く*`のは危険である。","2023/9/9 7:15","2024/8/30 16:19"
1609,1609,"She `*snapped* her fingers` while listening to music.","彼女は音楽を聴いている間、`指を*パチンと鳴らした*`。","2023/9/9 7:15","2024/8/30 16:20"
1610,1610,"He `*carved* the marble into the shape of a bird`.","彼は`大理石を*彫って*鳥の形にした`。","2023/9/9 7:15","2024/8/30 16:21"
1611,1611,"Many people `have become *addicted* to online games`.","多くの人が`オンラインゲームの*中毒になっている*`。","2023/9/9 7:15","2024/8/30 16:22"
1612,1612,"The press `*condemned* the movie producer for his immoralities`.","報道機関は`その映画制作者を不道徳な行為ゆえに*非難した*`。","2023/9/9 7:15","2024/8/30 16:24"
1613,1613,"There is not `enough evidence to *convict* him`.","`彼に*有罪を宣告する*に足る十分な証拠`がない。","2023/9/9 7:15","2024/8/30 16:25"
1614,1614,"He `*dictated* to his secretary` how to do her job.","彼は`自分の秘書に`仕事の仕方を`*指図した*`。","2023/9/9 7:15","2024/8/30 16:26"
1615,1615,"The doctor `*prescribed* some medicine` for my high blood pressure.","医師は私の高血圧の`薬を*処方した*`。","2023/9/9 7:15","2024/8/30 16:28"
1616,1616,"Seeing certain colors seems to `*inhibit* anger`.","ある色を見ると`怒りを*抑制する*`ように思える。","2023/9/9 7:15","2024/8/30 16:31"
1617,1617,"The cow `*strayed* from the rest of the herd`.","その牛は`群れの他の牛たちから*はぐれた*`。","2023/9/9 7:15","2024/8/30 16:32"
1618,1618,"He likes to `*roam* the streets for shopping` on his day off.","彼は休日に`買い物のために通りを*歩き回る*`のが好きである。","2023/9/9 7:15","2024/8/30 16:34"
1619,1619,"We `have *enclosed* a catalog` detailing our products.","当社の製品を詳述する`カタログを*同封しました*`。","2023/9/9 7:15","2024/8/30 16:35"
1620,1620,"My team plans and `*executes* the company’s strategy`.","私のチームは`会社の戦略を`立て`、*実行する*`。","2023/9/9 7:15","2024/8/30 16:36"
1621,1621,"`My mother’s birthday` sometimes `*coincides* with Mother’s Day`.","`私の母の誕生日は`時々`母の日と*同じ日になる*`。","2023/9/9 7:15","2024/8/30 16:37"
1622,1622,"We `*lag* far behind our competitors` in productivity.","我が社は生産性において`ライバル会社よりはるかに*遅れている*`。","2023/9/9 7:15","2024/8/30 16:38"
1623,1623,"`The boy was *clinging* to his mother` at the clinic.","`その男の子は`診療所で`母親に*しがみついて*いた`。","2023/9/9 7:15","2024/8/30 16:39"
1624,1624,"We sometimes wish we could `*erase* some of our memories`.","私たちは時々`自分の記憶にいくつかを*消す*`ことができればいいのにと思う。","2023/9/9 7:15","2024/8/30 16:40"
1625,1625,"Mr. Brown’s shop roasts and `*grinds* coffee` every day for his customers.","ブラウン氏の店は毎日客のために`コーヒー豆を`焙煎して*挽く*。","2023/9/9 7:15","2024/8/30 16:41"
1626,1626,"Mary `is *knitting* a sweater` for her baby.","メアリーは自分の赤ん坊のために`セーターを*編んで*いる`。","2023/9/9 7:15","2024/8/30 16:42"
1627,1627,"She `*inquired* the way to the police station`.","彼女は`交番への道を*尋ねた*`。","2023/9/9 7:15","2024/8/30 21:07"
1628,1628,"Our tone often `*betrays* our thoughts and feelings`.","私たちの口調は`私たちの考えや気持ちを*うっかり表す*`ことがよくある。","2023/9/9 7:15","2024/8/30 21:08"
1629,1629,"They did not know why `the secret information *leaked*` to outsiders.","彼らはなぜ部外者に`機密情報が*漏れた*`のかわからなかった。","2023/9/9 7:15","2024/8/30 21:09"
1630,1630,"Someone `*smashed* the window` of his car and stole the audio equipment.","誰かが彼の車の`窓を*粉砕し*`、オーディオ装置を盗んだ。","2023/9/9 7:15","2024/8/30 21:10"
1631,1631,"The three children `*bounced* up and down on the bed`.","3人の子供たちは`ベッドの上でぴょんぴょん*跳ねた*`。","2023/9/9 7:15","2024/8/30 21:11"
1632,1632,"As `towns and cities *sprawl*`, fields and forests shrink.","`町や市が*不規則に広がる*`につれ、野原や森は縮小する。","2023/9/9 7:15","2024/8/30 21:12"
1633,1633,"Anna can `*converse* with perfect strangers` about any topic.","アナはどんな話題についても`全く見知らぬ人と*会話する*`ことができる。","2023/9/9 7:15","2024/8/30 21:13"
1634,1634,"He can `*recite* famous lines from Shakespeare` from memory.","彼は記憶を頼りに`シェークスピアの有名なせりふを*暗誦する*`ことができる。","2023/9/9 7:15","2024/8/30 21:15"
1635,1635,"She `*disregarded* her doctor’s advice` and continued to eat sweets.","彼女は`医師の忠告を*無視し*`、甘いものを食べ続けた。","2023/9/9 7:15","2024/8/30 21:17"
1636,1636,"She `*frowned* at the noisy students` on the train.","彼女は電車の中で`騒がしい学生たちに*眉をひそめた*`。","2023/9/9 7:15","2024/8/30 21:20"
1637,1637,"The piece of music `*evoked* memories of his youth`.","その楽曲は`彼の若い頃の記憶を*呼び起こした*`。","2023/9/9 7:15","2024/8/30 21:21"
1638,1638,"The country must `*pledge* to work with other countries` for world peace.","その国は世界平和のために`他の国々と協力することを*約束し*`なければならない。","2023/9/9 7:15","2024/8/30 21:22"
1639,1639,"My brother `*aspires* to be a top basketball player`.","私の兄は`一流のバスケットボール選手になることを*熱望している*`。","2023/9/9 7:15","2024/8/30 21:23"
1640,1640,"She `has been *contemplating* changing her career`.","彼女は`転職をずっと*熟考している*`。","2023/9/9 7:15","2024/8/30 21:24"
1641,1641,"She is blessed with `the natural *grace* of movement`.","彼女は`生まれつきの身のこなしの*優雅さ*に`恵まれている。","2023/9/9 7:15","2024/8/30 21:25"
1642,1642,"The newspaper’s mission is to `bring *enlightenment* to the masses`.","新聞の使命は`大衆を*啓蒙する*`ことである。","2023/9/9 7:15","2024/8/30 21:26"
1643,1643,"`*Commerce* and free trade` bring benefits to the country.","`*商業*と自由貿易`はその国に利益をもたらす。","2023/9/9 7:15","2024/8/30 21:27"
1644,1644,"She made `a rough *draft* of her speech`.","彼女は`自分のスピーチのおおざっぱな*下書き*`を書いた。","2023/9/9 7:15","2024/8/30 21:29"
1645,1645,"The price for `a *barrel* of oil` has been slowly increasing.","`石油1*バレル*`あたりの価格は緩やかに上昇している。","2023/9/9 7:15","2024/8/31 14:19"
1646,1646,"There are clear advantages to `using *timber* for building house`.","`家を建てるのに*木材*を使用する`ことには明白な利点がある。","2023/9/9 7:15","2024/8/31 14:20"
1647,1647,"The girl loves to `wear the knitted *garment*` made by her mother.","その少女は母親に編んでもらった`ニットの*服*を着る`のが大好きである。","2023/9/9 7:15","2024/8/31 14:21"
1648,1648,"This kimono `is sewn with gold and silver *thread*`.","この着物は`金*糸*と銀*糸*で縫われている`。","2023/9/9 7:15","2024/8/31 14:22"
1649,1649,"The prime minister is going to `reorganize the *Cabinet*` this year.","首相は今年`*内閣*を改造する`つもりである。","2023/9/9 7:15","2024/8/31 14:24"
1650,1650,"`The Immigration *Bureau*` is not in charge of granting work visas.","`移民*局*`は労働ビザの発給を担当していない。","2023/9/9 7:15","2024/8/31 14:25"
1651,1651,"Western culture emphasizes `personal *autonomy*` and freedom of speech.","西洋文化は`個人の*自律*`と言論の自由を重視する。","2023/9/9 7:15","2024/8/31 14:26"
1652,1652,"Anxiety can `take a *toll* on our mental` and physical `health`.","不安は`私たちの精神`と肉体`の健康に*損害*を及ぼし`かねない。","2023/9/9 7:15","2024/8/31 14:28"
1653,1653,"I hope for `lively *discourse* at the meeting`.","私は`会合での活発な*話し合い*`を願っている。","2023/9/9 7:15","2024/8/31 14:29"
1654,1654,"It’s not worth `believing such a childish *superstition*`.","`そのような子供じみた*迷信*を信じる`価値はない。","2023/9/9 7:15","2024/8/31 14:30"
1655,1655,"He `caught a *glimpse* of the aurora` while in Alaska.","彼はアラスカに滞在中に`オーロラを*ちらりと見*た`。","2023/9/9 7:15","2024/8/31 14:31"
1656,1656,"He `reviewed his *arithmetic*` and realized he made a mistake.","彼は`*計算*を見直し`、間違いをしたことに気づいた。","2023/9/9 7:15","2024/8/31 14:32"
1657,1657,"He `referred to the *glossary*` to understand Shakespeare.","彼はシェークスピアを理解するために`*用語小辞典*を参照した`。","2023/9/9 7:15","2024/8/31 14:33"
1658,1658,"We can get information from `the *archives* of the local history museum`.","私たちは`郷土歴史資料館の*記録文書*`から情報を得ることができる。","2023/9/9 7:15","2024/8/31 14:34"
1659,1659,"Future generations will be left with `a *legacy* of plastic pollution`.","未来の世代は`プラスチック汚染という*遺産*`を残されることになる。","2023/9/9 7:15","2024/8/31 14:43"
1660,1660,"He `studied *anthropology*` because he was interested in culture.","彼は文化に興味があったので、`*人類学*を研究した`。","2023/9/9 7:15","2024/8/31 14:45"
1661,1661,"People should stop themselves from `expressing their *rage*` online.","人々はオンライン上で`自分の*怒り*を表すこと`をやめるべきである。","2023/9/9 7:15","2024/8/31 14:46"
1662,1662,"Nothing could relieve `her deep *sorrow* at the death` of her pet.","ペットの`死に対する彼女の深い*悲しみ*`を和らげるものは何もなかった。","2023/9/9 7:15","2024/8/31 14:47"
1663,1663,"He `sees a *psychiatrist*` to help him understand his feelings.","彼は自分の気持ちを理解する助けとなるように`*精神科医*にかかっている`。","2023/9/9 7:15","2024/8/31 14:48"
1664,1664,"In 2002, `Chiyoda Ward in Tokyo` banned smoking on some sidewalks.","2002年、`東京都千代田*区*`は一部の歩道での喫煙を禁止した。","2023/9/9 7:15","2024/9/1 10:32"
1665,1665,"He `bought some noodles at a *stall*` in Taipei.","彼は台北の`*露店*で麺料理を買った`。","2023/9/9 7:15","2024/9/1 10:33"
1666,1666,"Notre Dame de Paris `went up in *flames*` on April 15, 2019.","パリのノートルダム大聖堂は2019年4月15日に`*炎*上した`。","2023/9/9 7:15","2024/9/1 10:34"
1667,1667,"Leaves `absorb *moisture*` from the damp air.","葉は湿った空気から`*水分*を吸収する`。","2023/9/9 7:15","2024/9/1 10:37"
1668,1668,"The remarried couple got divorced again `by the *irony* of fate`.","再婚した夫婦が`運命の*皮肉*で`再び離婚した。","2023/9/9 7:15","2024/9/1 10:38"
1669,1669,"In the story, the woman was `the most brave *warrior*` in the land.","物語では、その女性がその国で`最も勇敢な*戦士*`だった。","2023/9/9 7:15","2024/9/1 10:39"
1670,1670,"The professor became famous for `his discoveries in *astronomy*`.","その教授は`*天文学*上の発見`で有名になった。","2023/9/9 7:15","2024/9/1 10:40"
1671,1671,"`The space *probe*` returned to the earth after a long trip.","`その*宇宙探査機*`は長い旅を終え地球に帰還した。","2023/9/9 7:15","2024/9/1 10:42"
1672,1672,"The explorer discovered a village at `an *altitude* of around 2,500 meters`.","探検家は`*標高*約2,500メートル`にある村を発見した。","2023/9/9 7:15","2024/9/1 10:44"
1673,1673,"He had `the *tumors* in his right lung` surgically removed.","彼は`右肺の*腫瘍*`を手術で取り除いてもらった。","2023/9/9 7:15","2024/9/1 10:45"
1674,1674,"`A *defect* in the electrical system` caused the fire.","`電気系統の*欠陥*`がその火災を引き起こした。","2023/9/9 7:15","2024/9/1 10:52"
1675,1675,"`Public *sanitation*` needs to be at the top of the world’s agenda.","`*公衆衛生*`は世界の課題の最優先事項である必要がある。","2023/9/9 7:15","2024/9/1 10:53"
1676,1676,"The twin sisters enjoyed `their health and *longevity*`.","その双子の姉妹は`自らの健康と*長寿*`を享受した。","2023/9/9 7:15","2024/9/1 10:54"
1677,1677,"The police `are expanding the *scope* of the investigation`.","警察は`捜査の*範囲*を広げている`。","2023/9/9 7:15","2024/9/1 10:55"
1678,1678,"`Public *sentiment* against terrorism` has increased in the country.","`反テロリズムの国民*感情*`がその国で高まった。","2023/9/9 7:15","2024/9/1 10:56"
1679,1679,"He gave `a *plausible* explanation` for making the floor wet.","彼は床を濡らしたことについて`*もっともらしい*説明`をした。","2023/9/9 7:15","2024/9/1 10:57"
1680,1680,"They are making `*vigorous* efforts` to complete the new project.","彼らは新しいプロジェクトを完了するために`*精力的な*努力`をしている。","2023/9/9 7:15","2024/9/1 10:58"
1681,1681,"The little boy already shows `a lot of *masculine* qualities`.","その幼い少年はすでに`たくさんの*男らしい*性質`を示している。","2023/9/9 7:15","2024/9/1 10:59"
1682,1682,"`His *rigid* attitude at work` upsets his coworkers.","`仕事中の彼の*厳しい*態度`は同僚たちをうろたえさせる。","2023/9/9 7:15","2024/9/1 11:00"
1683,1683,"The new medicine may have `*adverse* effects` on patients’ skin.","その新薬は患者の肌に`*悪*影響`があるかもしれない。","2023/9/9 7:15","2024/9/1 11:02"
1684,1684,"She gave `a *coherent* explanation` of the incident.","彼女はその事件に関して`*一貫した*説明`をした。","2023/9/9 7:15","2024/9/1 11:03"
1685,1685,"He took his classmate’s joke in `the *literal* sense`.","彼は級友の冗談を`*文字どおりの*意味`にとった。","2023/9/9 7:15","2024/9/1 11:05"
1686,1686,"He did not know what food to order, so he just `made an *arbitrary* selection`.","彼はどの食べ物を注文していいかわからなかったので、単に`*恣意的な*選択をした`。","2023/9/9 7:15","2024/9/1 11:06"
1687,1687,"The company posted `*anonymous* reviews` of their own products.","その会社は自社製品についての`*匿名の*レビュー`を投稿した。","2023/9/9 7:15","2024/9/1 11:07"
1688,1688,"It is hard to tell good things from junk at `*antique* shops`.","`*骨董*店`では良いものをガラクタから見分けるのが難しい。","2023/9/9 7:15","2024/9/1 11:08"
1689,1689,"The cosmetic company is doing a search on `*eternal* youth`.","その化粧品会社は`*永遠の*若さ`を探求している。","2023/9/9 7:15","2024/9/1 11:09"
1690,1690,"This book is aimed at students at `the *intermediate* level`.","この本は`*中級*レベル`の学生に向けたものである。","2023/9/9 7:15","2024/9/1 11:09"
1691,1691,"He did not like being in `a *subordinate* position to his younger colleagues`.","彼は`年下の同僚たちより*下位の*立場`であることを好まなかった。","2023/9/9 7:15","2024/9/1 11:11"
1692,1692,"She `is in a *gloomy* mood` as it has been raining for three days.","3日間雨が降り続いているので、彼女は`*陰気な*気分だ`。","2023/9/9 7:15","2024/9/1 11:18"
1693,1693,"Most electricity in Japan is generated at `*thermal* power stations`.","日本のほとんどの電力は`*火力*発電所`で生み出される。","2023/9/9 7:15","2024/9/1 11:19"
1694,1694,"He noticed that `a *faint* light` was shining behind the clouds.","彼は`*かすかな*光`が雲の後ろで光っているのに気づいた。","2023/9/9 7:15","2024/9/1 11:20"
1695,1695,"My grandmother `is so *native* as to believe obvious lies`.","私の祖母は`明らかな嘘を信じるほど*お人好しで*ある`。","2023/9/9 7:15","2024/9/1 11:21"
1696,1696,"A careless person `is *apt* to make the same mistakes`.","不注意な人は`同じ間違いをする*傾向がある*`。","2023/9/9 7:15","2024/9/1 11:22"
1697,1697,"`His *arrogant* behavior` isolates him from everyone else.","`彼の*横柄な*態度`は彼を他のすべての人から孤立させる。","2023/9/9 7:15","2024/9/1 11:23"
1698,1698,"`His *extrovert* speaking style` helped him make many friends.","`彼の*外交的な*話し方`は彼が多くの友人を作る助けとなった。","2023/9/9 7:15","2024/9/1 11:24"
1699,1699,"She `was *conspicuous* in wearing a red dress` at the party last night.","彼女は昨夜パーティーで`赤いドレスを着ていて*目立って*いた`。","2023/9/9 7:15","2024/9/1 11:25"
1700,1700,"We should try to `keep the world’s remaining jungles *intact*`.","私たちは`世界中の残存しているジャングルを*手付かずの*ままにしておく`よう努めるべきである。","2023/9/9 7:15","2024/9/1 11:26"
1701,1701,"The law must `*embody* the concept` of justice.","法律は正義の`概念を*具現し*`なければならない。","2023/9/9 7:15","2024/9/1 16:56"
1702,1702,"The garden `is *illuminated* by rows of LED lights`.","庭は`何列にも並んだLED照明によって*照らさ*れている`。","2023/9/9 7:15","2024/9/1 16:57"
1703,1703,"I `*consoled* her on the loss of her cat`.","私は`彼女が飼い猫を亡くしたことについて彼女を*慰めた*`。","2023/9/9 7:15","2024/9/1 16:57"
1704,1704,"Passports `*verify* travelers’ identity` when crossing borders.","パスポートは国境を越える際に`旅行者の身元を*証明する*`。","2023/9/9 7:15","2024/9/1 16:58"
1705,1705,"Ken `*disclosed* the company secret` to his friends and got fired.","ケンは友人たちに`会社の秘密を*暴露して*`クビになった。","2023/9/9 7:15","2024/9/1 16:59"
1706,1706,"The chairs in the room `are *stacked* in three neat piles`.","その部屋の椅子は`3つの山にきちんと*積み重ねら*れている`。","2023/9/9 7:15","2024/9/1 17:01"
1707,1707,"`The earth *rotates*` about 1,700 kilometers per hour.","`地球は`時速約1,700キロメートルの速さで`*自転している*`。","2023/9/9 7:15","2024/9/1 17:02"
1708,1708,"He `was *constrained* to work in harsh conditions`.","彼は`厳しい条件で働くことを*強いら*れた`。","2023/9/9 7:15","2024/9/1 17:03"
1709,1709,"Her lack of experience `*hindered* her from finding a good job`.","彼女の経験不足は`彼女がいい仕事を見つけるのを*妨げた*`。","2023/9/9 7:15","2024/9/1 17:38"
1710,1710,"Most modern architecture `*withstands* natural disasters well`.","大抵の現代建築は`自然災害によく*耐える*`。","2023/9/9 7:15","2024/9/1 17:39"
1711,1711,"Many people `*tweet* about their daily lives` on their smartphones.","多くの人がスマートフォンで`日常生活について*ツイートする*`。","2023/9/9 7:15","2024/9/1 17:40"
1712,1712,"He `*sneezed* after breathing the cold wind` when he opened the front door.","彼は玄関を開けた時、`冷たい風を吸って*くしゃみをした*`。","2023/9/9 7:15","2024/9/1 17:42"
1713,1713,"If `the volcano *erupts*`, it will cause enormous damage.","`その火山が*噴火する*`と、それは甚大な被害を引き起こすことになる。","2023/9/9 7:15","2024/9/1 17:43"
1714,1714,"You may `*blur* your vision` if you gaze at a bright light too much.","明るい光を見つめすぎると、`視界が*ぼやける*`かもしれない。","2023/9/9 7:15","2024/9/1 17:44"
1715,1715,"`The concepts` of intelligence and wisdom `*overlap*`.","知能と知恵の`概念は*一部重なる*`。","2023/9/9 7:15","2024/9/1 17:45"
1716,1716,"Smartphones `are deeply *embedded* in our daily lives`.","スマートフォンは`私たちの日常生活に深く*組み込ま*れている`。","2023/9/9 7:15","2024/9/1 17:46"
1717,1717,"`Robots are *displacing* human workers` in many workplaces.","多くの職場で`ロボットが人間の労働者に*取って代わって*いる`。","2023/9/9 7:15","2024/9/1 17:47"
1718,1718,"The power failure `*rendered* the laboratory useless`.","停電は`実験室を使えなく*した*`。","2023/9/9 7:15","2024/9/1 17:48"
1719,1719,"The children `*plunged* into the swimming pool` one by one.","子供達は1人ずつ`プールに*飛び込んだ*`。","2023/9/9 7:15","2024/9/1 17:50"
1720,1720,"They finally `*surrendered* their weapons to the police`.","彼らはようやく`警察に武器を*引き渡した*`。","2023/9/9 7:15","2024/9/1 17:51"
1721,1721,"He `*plugged* in the game console` and started playing immediately.","彼は`ゲーム機の*プラグを電源に差し込み*`、すぐにゲームを始めた。","2023/9/9 7:15","2024/9/1 17:52"
1722,1722,"She `*sucked* a deep breath`, sending the fresh air to her lungs.","彼女は`深く息を*吸い*`、新鮮な空気を肺に送った。","2023/9/9 7:15","2024/9/1 17:53"
1723,1723,"He felt bad when someone `*mocked* his repeated mistakes`.","彼は誰かが`自分の度重なる失敗を*馬鹿にした*`時、嫌な気分になった。","2023/9/9 7:15","2024/9/1 17:55"
1724,1724,"He often `*teased* his younger brother` for being shorter than him.","彼は自分より背が低いことでよく`弟を*からかった*`。","2023/9/9 7:15","2024/9/1 17:56"
1725,1725,"Her words helped a lot to `*soothe* the crying child`.","彼女の言葉は`泣いている子供を*なだめる*`のに大いに役立った。","2023/9/9 7:15","2024/9/1 17:57"
1726,1726,"I `*stained* my sweater with spilled tomato juice`.","私は`トマトジュースをこぼしてセーターを*汚した*`。","2023/9/9 7:15","2024/9/1 17:57"
1727,1727,"Some teenagers `*shun* their parents` in front of their friends.","ティーンエージャーの中には友人の前では`自分の親を*避ける*`者もいる。","2023/9/9 7:15","2024/9/1 17:58"
1728,1728,"She `*stumbled* on a rough road`.","彼女は`でこぼこ道を*よろけながら歩いた*`。","2023/9/9 7:15","2024/9/1 18:00"
1729,1729,"Her face `was *flushed* with embarrassment`.","彼女の顔は`恥ずかしさで*紅潮して*いた`。","2023/9/9 7:15","2024/9/1 18:01"
1730,1730,"Frequent use of smartphones may `*impair* normal brain function`.","スマートフォンの頻繁な使用は`正常な脳の働きを*損なう*`かもしれない。","2023/9/9 7:15","2024/9/1 18:02"
1731,1731,"I `*presume* that he earns a lot of money` as a business owner.","`彼は`事業主として`大金を稼いでいると*思う*`。","2023/9/9 7:15","2024/9/1 18:03"
1732,1732,"He `*contends* that he never said such a thing`.","彼は`自分は決してそのようなことを言っていないと*主張している*`。","2023/9/9 7:15","2024/9/1 18:04"
1733,1733,"You rarely `hear a tiger or a lion *roar*` in a zoo.","動物園で`トラやライオンが*吠える*のを聞く`ことは滅多にない。","2023/9/9 7:15","2024/9/1 18:05"
1734,1734,"`The suspicion` that Steven has been lying for a year `*haunts* her`.","スティーブンは1年間嘘をついていたのではないかという`疑念が彼女に*つきまとっている*`。","2023/9/9 7:15","2024/9/1 18:07"
1735,1735,"His speech was intended to `*divert* attention from the current problems`.","彼の演説は、`今起きている問題から注意を*逸らす*`ように意図されていた。","2023/9/9 7:15","2024/9/1 18:08"
1736,1736,"The students `are anxiously *awaiting* their new teacher`.","学生たちは`新任の教師を*心待ちにして*いる`。","2023/9/9 7:15","2024/9/1 18:09"
1737,1737,"He `*fetched* the dishes from the kitchen` and set them out on the table.","彼は`台所から皿を*持ってきて*`、それらをテーブルの上に並べた。","2023/9/9 7:15","2024/9/1 18:10"
1738,1738,"The politician succeeded in `*unifying* the country`.","その政治家は`国を*統一すること*`に成功した。","2023/9/9 7:15","2024/9/1 18:11"
1739,1739,"Customs officers `*inspect* baggage` of international travelers.","税関職員は海外旅行者の`手荷物を*点検する*`。","2023/9/9 7:15","2024/9/1 18:12"
1740,1740,"The strategy `*entails* great risk`, but it is worth trying.","その戦略は`大きなリスクを*伴う*`が、やってみる価値がある。","2023/9/9 7:15","2024/9/1 18:13"
1741,1741,"If you use `these sales *tactics*`, you will succeed.","`こうした販売*作戦*`を使えば、あなたは成功するでしょう。","2023/9/9 7:15","2024/9/1 18:14"
1742,1742,"She `accomplished a *feat*` of winning three championships in a row.","彼女は3回連続して優勝するという`*偉業*を成し遂げた`。","2023/9/9 7:15","2024/9/1 18:15"
1743,1743,"`Japanese anime’s *prestige* throughout the world` has risen sharply.","`日本のアニメの世界中での*名声*`は急激に高まった。","2023/9/9 7:15","2024/9/1 18:16"
1744,1744,"He `supported his view by *analogy* with another view`.","彼は`別の見解との*類推*によって自分の見解を立証した`。","2023/9/9 7:15","2024/9/1 18:17"
1745,1745,"It `goes against my *conscience*` to accept dishonest money.","不正な金を受け取ることは`私の*良心*に反する`。","2023/9/9 7:15","2024/9/1 18:18"
1746,1746,"The company exports `cotton *textiles*` to five countries around the world.","その会社は世界の5つの国に`綿*織物*`を輸出している。","2023/9/9 7:15","2024/9/2 17:03"
1747,1747,"We have to `make up the *deficit*` immediately.","私たちはすぐに`*赤字*の埋め合わせをし`なければならない。","2023/9/9 7:15","2024/9/2 17:04"
1748,1748,"Thousands of people `died due to *plagues*` and famines.","`*疫病*`と飢饉`が原因で`数千人が`亡くなった`。","2023/9/9 7:15","2024/9/2 17:05"
1749,1749,"Many people still smoke despite `the health *hazards* of cigarettes`.","多くの人が`タバコの健康に対する*危険性*`にも関わらずいまだに喫煙している。","2023/9/9 7:15","2024/9/2 17:07"
1750,1750,"Lack of sleep is not good for `the body’s *metabolism*`.","睡眠不足は`体の*新陳代謝*`にとってよくない。","2023/9/9 7:15","2024/9/2 17:08"
1751,1751,"A stroke caused `*paralysis* of the left side of his body`.","脳卒中の発作は`彼の左半身の*麻痺*`を引き起こした。","2023/9/9 7:15","2024/9/2 17:08"
1752,1752,"The energy-storage revolution will improve `the electricity *grid*`.","エネルギー貯蔵における革命は`電気*供給網*`を改善するだろう。","2023/9/9 7:15","2024/9/2 17:10"
1753,1753,"The soldiers saluted `the queen in her *carriage*`.","兵士たちは`*馬車*の中の女王`に敬礼した。","2023/9/9 7:15","2024/9/2 17:10"
1754,1754,"Trade imbalances `caused *friction* between America and Mexico`.","貿易不均衡は`アメリカとメキシコの間に*不和*を引き起こした`。","2023/9/9 7:15","2024/9/2 17:12"
1755,1755,"The government forces are preparing to fight `anti-government *rebels*`.","政府軍は`反政府の*反逆者たち*`と戦う準備をしている。","2023/9/9 7:15","2024/9/2 17:14"
1756,1756,"The dictator punished anyone who `criticized the *regime*`.","その独裁者は`*政権*を批判する`者は誰でも処罰した。","2023/9/9 7:15","2024/9/2 17:15"
1757,1757,"The company `maintains a virtual *monopoly* in the market`.","その会社は`その市場で事実上の*独占*を維持している`。","2023/9/9 7:15","2024/9/2 17:16"
1758,1758,"To the Dutch, `milk and cheese are *staples*`.","オランダ人にとって、`牛乳とチーズは*必需食品*である`。","2023/9/9 7:15","2024/9/2 17:17"
1759,1759,"The store `has a wide selection of *merchandise*`.","この店は`*商品*を幅広く取り揃えている`。","2023/9/9 7:15","2024/9/2 17:18"
1760,1760,"We found `a street *vendor*` selling ice cream.","私たちはアイスクリームを売る`露店*商*`を見つけた。","2023/9/9 7:15","2024/9/2 17:19"
1761,1761,"If you have a problem, please `consult with your *supervisor*`.","問題があれば、`*監督者*に相談して`ください。","2023/9/9 7:15","2024/9/2 17:20"
1762,1762,"At first, the new manager followed `the instructions from her *predecessor*`.","最初、新しい部長は`その*前任者*からの指示`に従った。","2023/9/9 7:15","2024/9/2 17:22"
1763,1763,"`The sales *personnel*` attended a special training at headquarters.","`営業部*職員*`は本社での特別研修に参加した。","2023/9/9 7:15","2024/9/2 17:23"
1764,1764,"`A Portuguese trading *vessel*` is headed for the coast of India.","`ポルトガル船籍の商*船*`がインド沿岸に向かっている。","2023/9/9 7:15","2024/9/2 17:25"
1765,1765,"`Drinking alcohol can damage the *liver*`.","`飲酒は*肝臓*に損傷を与える可能性がある`。","2023/9/9 7:15","2024/9/2 17:26"
1766,1766,"We made `a contract with a five-year *duration*` with the company.","私たちはその会社と`5年*継続*の契約`を結んだ。","2023/9/9 7:15","2024/9/2 17:27"
1767,1767,"You should submit `a birth *certificate*` within 14 days after your child’s birth.","子の誕生後、14日以内に`出生*証明書*`を提出するべきである。","2023/9/9 7:15","2024/9/2 17:28"
1768,1768,"He published `a book on Euclidean *geometry*` a few years ago.","彼は数年前に`ユークリッド*幾何学*に関する本`を出版した。","2023/9/9 7:15","2024/9/2 17:30"
1769,1769,"In snow crystals, there is always `a sixfold *symmetry*`.","雪の結晶には、常に`6角形の*対称*`が存在する。","2023/9/9 7:15","2024/9/2 17:33"
1770,1770,"Hundreds of `good *biographies* of presidents` throughout history exist.","歴代の`大統領に関する`何百もの`優れた*伝記*`が存在する。","2023/9/9 7:15","2024/9/2 17:34"
1771,1771,"The museum houses `several *masterpieces* of modern art`.","その美術館は`数点の現代美術の*傑作*`を収蔵している。","2023/9/9 7:15","2024/9/2 17:35"
1772,1772,"She `chants a *rhyme* with her child` every night.","毎晩彼女は`子供と一緒に*押韻詩*を詠唱する`。","2023/9/9 7:15","2024/9/2 17:36"
1773,1773,"I paid `the annual *premium*` for my car insurance.","私は自動車保険の`年間*保険料*`を支払った。","2023/9/9 7:15","2024/9/2 17:37"
1774,1774,"`A *breakdown* of morals` will increase crime rates.","`道徳の*崩壊*`は犯罪率を高める。","2023/9/9 7:15","2024/9/2 17:39"
1775,1775,"She has `the *courtesy* of greeting everyone with a smile`.","彼女には`笑顔でみんなに挨拶する*礼儀正しさ*`がある。","2023/9/9 7:15","2024/9/2 17:39"
1776,1776,"`The Kyoto *Protocol*` was aimed at reducing the greenhouse gases.","`京都*議定書*`は温室効果ガスの削減を目的としていた。","2023/9/9 7:15","2024/9/2 17:41"
1777,1777,"`These insect *specimens*` can be used for display.","`これらの虫の*標本*`は展示用に使うことができる。","2023/9/9 7:15","2024/9/2 17:41"
1778,1778,"She is still working on `her doctoral *thesis*`.","彼女はまだ`博士*論文*`に取り組んでいる。","2023/9/9 7:15","2024/9/2 17:42"
1779,1779,"You `are *eligible* for salary increase` based on your performance.","あなたはあなたの業績に基づき`昇給に*適格で*ある`。","2023/9/9 7:15","2024/9/2 17:44"
1780,1780,"The teacher emphasizes `the *intrinsic* value of education`.","その先生は`教育の*本質的な*価値`を強調する。","2023/9/9 7:15","2024/9/2 17:45"
1781,1781,"She is `a *diligent* student` with many goals in life.","彼女は人生におけるたくさんの目標を持った`*勤勉な*学生`である。","2023/9/9 7:15","2024/9/2 17:46"
1782,1782,"Unlike the U.S., Germany never abandoned `*vocational* education`.","アメリカとは異なり、ドイツは`*職業*教育`を決して放棄しなかった。","2023/9/9 7:15","2024/9/2 17:47"
1783,1783,"`Many companies went *bankrupt*` during the recession.","その不況の間に`多くの会社が*倒産に*至った`。","2023/9/9 7:15","2024/9/2 17:49"
1784,1784,"The police are planning to `take *sterner* measures` to combat crime.","警察は犯罪と戦うために`*より厳しい*措置を取る`予定である。","2023/9/9 7:15","2024/9/2 17:50"
1785,1785,"Frank `was too *stubborn* to accept that he made some mistakes`.","フランクは`あまりにも*頑固な*ので自分が間違いを犯したことを認めることができなかった`。","2023/9/9 7:15","2024/9/2 17:51"
1786,1786,"Jane has `a strong *maternal* instinct`, so she wants a baby.","ジェーンには`強い*母性*本能`があり、それで赤ん坊を欲しがっている。","2023/9/9 7:15","2024/9/2 17:53"
1787,1787,"`The land is *fertile*` enough to grow various crops on.","`この土地は`種々の作物を育てるのに十分に`*肥沃で*ある`。","2023/9/9 7:15","2024/9/2 17:54"
1788,1788,"You had better eat `*ripe* fruit` before it goes bad.","`*熟した*果物`は腐る前に食べた方がいい。","2023/9/9 7:15","2024/9/2 17:55"
1789,1789,"`My shoulder is *stiff*` because I used a computer for a long time.","私は長時間コンピュータを使ったので`肩が*凝って*いる`。","2023/9/9 7:15","2024/9/2 17:56"
1790,1790,"`Typewriters have become *obsolete*` due to computers.","`タイプライターは`コンピュータのせいで`*廃れて*しまった`。","2023/9/9 7:15","2024/9/2 17:57"
1791,1791,"I stood on the train because there were no `*vacant* seats`.","`*空いた*席`がなかったので私は列車内で立っていた。","2023/9/9 7:15","2024/9/2 17:58"
1792,1792,"He is studying `*acoustic* phonetics` at a London university.","彼はロンドンの大学で`*音響*音声学`を学んでいる。","2023/9/9 7:15","2024/9/3 13:50"
1793,1793,"He has enough information for starting `*preliminary* investigations`.","彼は`*予備の*調査`を始めるのに十分な情報を持っている。","2023/9/9 7:15","2024/9/3 13:50"
1794,1794,"The kids guessed `the *approximate* weight` of the item on the table.","子供たちは机の上にある物の`*おおよその*重さ`を推測した。","2023/9/9 7:15","2024/9/3 13:52"
1795,1795,"Her words contained `an *implicit* understanding` of our decision.","彼女の言葉は私たちの決定に対する`*暗黙の*理解`を含んでいた。","2023/9/9 7:15","2024/9/3 13:53"
1796,1796,"John `is always *punctual* for appointments`.","ジョンは`いつも約束の*時間を守る*`。","2023/9/9 7:15","2024/9/3 13:54"
1797,1797,"The candidate’s idea `is *compatible* with our company’s policy`.","その入社希望者の考えは`我が社の方針に*矛盾しない*`。","2023/9/9 7:15","2024/9/3 13:58"
1798,1798,"There is `*ample* room for the expansion` of this student center.","この学生センターを`拡張するのに*十分すぎるほどの*スペース`がある。","2023/9/9 7:15","2024/9/3 13:59"
1799,1799,"Gender discrimination `has been *pervasive* in many societies`.","性差別は`多くの社会において*隅々まで広がって*いる`。","2023/9/9 7:15","2024/9/3 14:00"
1800,1800,"`Convenience stores are *ubiquitous*` in Japan.","日本では`コンビニエンスストアは*至る所にある*`。","2023/9/9 7:15","2024/9/3 14:01"
1801,1801,"He `*deduced* their relationship from their conversation`.","彼は`彼らの会話からその関係性を*推測した*`。","2023/9/9 7:15","2024/9/3 15:11"
1802,1802,"They `*simulated* an economic crisis` that would arise in Japan.","彼らは日本で起こるであろう`経済危機を*シミュレーションした*`。","2023/9/9 7:15","2024/9/3 15:12"
1803,1803,"`The three banks *merged*` into a single organization.","`その3つの銀行は*合併し*`単一の組織になった。","2023/9/9 7:15","2024/9/3 15:14"
1804,1804,"Much of the rain `*penetrated* deep into the ground`.","雨の多くは`地中深くに*浸透した*`。","2023/9/9 7:15","2024/9/3 15:15"
1805,1805,"A famous restaurant will `be *catering* their wedding`.","有名レストランが`彼らの結婚式の*料理を賄う*ことになっている`。","2023/9/9 7:15","2024/9/3 15:16"
1806,1806,"The gang `*assaulted* him with clubs`.","ギャングは`棍棒で彼に*暴行した*`。","2023/9/9 7:15","2024/9/3 15:17"
1807,1807,"These devices were used to `*torture* enemy spies`.","これらの装置は`敵のスパイを*拷問する*`のに使われた。","2023/9/9 7:15","2024/9/3 15:18"
1808,1808,"He `was *bleeding* from a large cut` on his shoulder.","彼は肩の`大きな切り傷から*出血して*いた`。","2023/9/9 7:15","2024/9/3 15:19"
1809,1809,"They `have *erected* high concrete walls` along the border.","彼らは境界線に沿って`高いコンクリートの壁を*建てた*`。","2023/9/9 7:15","2024/9/3 15:20"
1810,1810,"He still `*cherishes* his memories in London`.","彼は今でも`ロンドンでの思い出を*大切にしている*`。","2023/9/9 7:15","2024/9/3 15:21"
1811,1811,"Her speech about global warming `*aroused* strong emotions` among people.","地球温暖化に関する彼女の演説は人々の間に`強い感情を*引き起こした*`。","2023/9/9 7:15","2024/9/3 15:22"
1812,1812,"All living creatures `are *doomed* to die in the end`.","全ての生き物は`最後には死ぬ*運命に*ある`。","2023/9/9 7:15","2024/9/3 15:23"
1813,1813,"She still `*mourns* her son’s untimely death`.","彼女はいまだに`自分の息子の早すぎる詩を*悼んでいる*`。","2023/9/9 7:15","2024/9/3 15:24"
1814,1814,"I used to `*dread* going to the dentist` as a child.","私は子供のころ`歯医者に行くのを*ひどく恐れて*`いた。","2023/9/9 7:15","2024/9/3 15:25"
1815,1815,"`Children should be *nourished* well`.","`子供たちは十分に*栄養を与えら*れるべきである`。","2023/9/9 7:15","2024/9/3 15:26"
1816,1816,"The children `were *injected* with the influenza vaccine`.","その子供たちは`インフルエンザワクチンを*注射さ*れ`た。","2023/9/9 7:15","2024/9/3 15:27"
1817,1817,"The man `*swore* at theTV` when the player missed a shot.","その男性は選手がミスショットしたとき`テレビに向かって*ののしった*`。","2023/9/9 7:15","2024/9/3 15:28"
1818,1818,"He `*bid* $1,000 for the painting` at the auction.","彼は競売で`その絵に1,000ドルの*値をつけた*`。","2023/9/9 7:15","2024/9/3 15:30"
1819,1819,"Illegal money may `*corrupt* politicians`.","違法な金は`政治家を*堕落させる*`こともある。","2023/9/9 7:15","2024/9/3 15:31"
1820,1820,"She `is *preoccupied* with taking care of her father`.","彼女は`父親の介護に*心を奪わ*れている`。","2023/9/9 7:15","2024/9/3 15:32"
1821,1821,"I often `*browse* through scientific journals` when I have time.","私は時間があるとき、よく`科学誌を*拾い読みする*`。","2023/9/9 7:15","2024/9/3 15:33"
1822,1822,"The two singers `have *compiled* this album` from live recordings.","その2人の歌手はライブ録音から`このアルバムを*編集した*`。","2023/9/9 7:15","2024/9/3 15:34"
1823,1823,"Ten percent of `the budget is *allocated* to national defense`.","`予算`の10パーセント`が国防に*割り当てら*れている`。","2023/9/9 7:15","2024/9/3 15:35"
1824,1824,"Higher prices will `*offset* the increased cost of materials`.","価格の上昇は`材料費の増加を*相殺する*`ことになる。","2023/9/9 7:15","2024/9/3 15:36"
1825,1825,"When spectators are excited, they often cannot `*restrain* themselves`.","観客は興奮しているとき、たいてい`自*制する*`ことができない。","2023/9/9 7:15","2024/9/3 15:37"
1826,1826,"Most of the universities `*complied* with government regulations`.","ほとんどの大学が`政府の規則に*従った*`。","2023/9/9 7:15","2024/9/3 15:38"
1827,1827,"She found that `her passport was about to *expire*`.","彼女は`自分のパスポートの*期限が切れ*かかっている`ことに気づいた。","2023/9/9 7:15","2024/9/3 15:40"
1828,1828,"They `have *embarked* on a mission` for space exploration.","彼らは宇宙探査の`任務に*乗り出した*`。","2023/9/9 7:15","2024/9/3 15:41"
1829,1829,"The banner for minorities’ rights `was *flapping* in the wind`.","少数民族の権利を求める横断幕が`風の中で*はためいて*いた`。","2023/9/9 7:15","2024/9/3 15:42"
1830,1830,"British people tend to `*furnish* their rooms with large mirrors`.","イギリス人は`自分の部屋に大きな鏡を*備え付ける*`傾向がある。","2023/9/9 7:15","2024/9/3 15:43"
1831,1831,"It is illegal to `*forge* a passport`.","`パスポートを*偽造する*`のは違法である。","2023/9/9 7:15","2024/9/3 15:43"
1832,1832,"He `*thrust* the documents into his bag`.","彼は`かばんの中に書類を*押し込んだ*`。","2023/9/9 7:15","2024/9/3 15:45"
1833,1833,"The police `*dispatched* police cars to the crime scene`.","警察は`犯行現場にパトカーを*派遣した*`。","2023/9/9 7:15","2024/9/3 15:46"
1834,1834,"She suspects that her friend `*resents* her remarks`.","彼女は友人が`自分の発言に*憤慨している*`のではないかと思っている。","2023/9/9 7:15","2024/9/3 15:47"
1835,1835,"My father told me to `*reconcile* my statements with my conduct`.","父は私に`自分の発言を行動と*一致させる*`ように言った。","2023/9/9 7:15","2024/9/3 15:48"
1836,1836,"The lawsuit `*alleged* that the company concealed important information`.","訴訟は`その会社が重要情報を隠していたと*主張した*`。","2023/9/9 7:15","2024/9/5 15:19"
1837,1837,"The military entered the area and `*oppressed* the local people`.","軍はその地域に入り、`現地の住民を*迫害した*`。","2023/9/9 7:15","2024/9/5 15:20"
1838,1838,"`He was *expelled* from the country` for illegal entry.","彼は不法入国のために`その国から*追放さ*れた`。","2023/9/9 7:15","2024/9/5 15:21"
1839,1839,"She lost her breath after she `*ascended* the stairs`.","`彼女は階段を*上がった*`後、息切れがした。","2023/9/9 7:15","2024/9/5 15:21"
1840,1840,"`The ceremony *commenced*` at two in the afternoon.","`その式典は`午後2時に`*始まった*`。","2023/9/9 7:15","2024/9/5 15:22"
1841,1841,"With `the *advent* of digital cameras`, the use of film has been declining.","`デジタルカメラの*出現*`とともに、フィルムの使用は減少してきている。","2023/9/9 7:15","2024/9/5 15:24"
1842,1842,"The Romans conquered the Celts during `the *reign* of Julius Caesar`.","古代ローマ人は`ユリウス・カエサルの*治世*`にケルト族を征服した。","2023/9/9 7:15","2024/9/5 15:25"
1843,1843,"We must commit to `making *diplomacy* with other countries`.","我々は`他国との*外交*を構築すること`に献身しなければならない。","2023/9/9 7:15","2024/9/5 15:26"
1844,1844,"If you are in danger abroad, `contact your country’s *embassy*`.","外国で危険な状況に陥ったら、`自国の*大使館*に連絡を取りなさい`。","2023/9/9 7:15","2024/9/5 15:27"
1845,1845,"He `went into *exile*` to another country due to political suppression.","彼は政治的弾圧のために他の国に`*亡命*した`。","2023/9/9 7:15","2024/9/5 15:28"
1846,1846,"Caught in the rain, the man `took *refuge* under the bridge`.","雨に見舞われて、その男性は`橋の下に*避難*した`。","2023/9/9 7:15","2024/9/5 15:29"
1847,1847,"The NGO appealed to the government about `the *plight* of homeless people`.","そのNGO(非政府組織)は政府に`路上生活者の*窮状*`について訴えた。","2023/9/9 7:15","2024/9/5 15:31"
1848,1848,"She `has lived in *solitude*` for a long time.","彼女は長い間ずっと`*独り*で暮らしている`。","2023/9/9 7:15","2024/9/5 15:31"
1849,1849,"There are many `popular *fallacies* about dieting`.","`ダイエットについての多くのありがちな*誤った考え*`がある。","2023/9/9 7:15","2024/9/5 15:32"
1850,1850,"Kuala Lumpur is situated at `a *latitude* of about three degrees north`.","クアラルンプールは`北*緯*約3度`に位置する。","2023/9/9 7:15","2024/9/5 15:34"
1851,1851,"The man sat on the balcony to wait for `the solar *eclipse*`.","その男性はバルコニーに座り、`日*食*`を待った。","2023/9/9 7:15","2024/9/5 15:35"
1852,1852,"The storm caused a flood in `the river *basin*`.","暴風雨は`河川*流域*`に氾濫を引き起こした。","2023/9/9 7:15","2024/9/5 15:35"
1853,1853,"Deforestation will lead to `soil *erosion*`.","森林破壊は`土壌の*侵食*`につながる。","2023/9/9 7:15","2024/9/5 15:36"
1854,1854,"Tutankhamen is the greatest discovery in `Egyptian *archaeology*`.","ツタンカーメンは`エジプト*考古学*`における最も偉大な発見である。","2023/9/9 7:15","2024/9/5 15:38"
1855,1855,"He had to `run an *errand* for his mother`.","彼は`母親のために*お使い*に行か`なければならなかった。","2023/9/9 7:15","2024/9/5 15:39"
1856,1856,"She `showed no *mercy* to her rival`.","彼女は`自分のライバルに*慈悲*を示さなかった`。","2023/9/9 7:15","2024/9/5 15:40"
1857,1857,"I don’t like `the empty *rhetoric*` he uses to impress others.","私は、人に感銘を与えるために彼が使う`空虚な*修辞*`が好きではない。","2023/9/9 7:15","2024/9/5 15:41"
1858,1858,"Shakespeare’s plays `are written` mostly `in *verse*`.","シェークスピアの戯曲は大部分が`*韻文*で書かれている`。","2023/9/9 7:15","2024/9/5 15:42"
1859,1859,"We missed the event due to `traffic *congestion*`.","私たちは`交通*渋滞*`のせいで、その催しに行きそびれた。","2023/9/9 7:15","2024/9/5 15:43"
1860,1860,"In the past, `*sewage* poured directy into rivers`.","昔は、`*下水*は川に直接流れ込んでいた`。","2023/9/9 7:15","2024/9/5 15:44"
1861,1861,"The newly `married couple are *complements* to each other`.","その新婚の`夫婦はお互いを*補完する存在*である`。","2023/9/9 7:15","2024/9/5 15:45"
1862,1862,"The government granted the company `a *subsidy* for their new business`.","政府はその会社に`新事業のための*補助金*`を与えた。","2023/9/9 7:15","2024/9/5 15:46"
1863,1863,"The family `applied for a *mortgage* to buy a house`.","その家族は`家を買うために*住宅ローン*を申請した`。","2023/9/9 7:15","2024/9/5 15:47"
1864,1864,"`The court appointed an *attorney*` to represent the defendant.","`裁判所は`被告の代理人を務める`*弁護士*を任命した`。","2023/9/9 7:15","2024/9/5 15:48"
1865,1865,"She bought `a new *outfit* for attending a wedding reception`.","彼女は`結婚披露宴に出席するための新しい*衣装一式*`を買った。","2023/9/9 7:15","2024/9/5 15:49"
1866,1866,"`The *bulk* of residents` in this area are Chinese.","その地域の`住人の*大半*`は中国人である。","2023/9/9 7:15","2024/9/5 15:50"
1867,1867,"`Our college *reunion*` will be held next month.","`私たちの大学の*同窓会*`が来月行われる。","2023/9/9 7:15","2024/9/5 15:51"
1868,1868,"Plastic is made by `the *synthesis* of various chemicals`.","プラスチックは`種々の化学物質の*合成*`により作られる。","2023/9/9 7:15","2024/9/5 15:52"
1869,1869,"`Pour the clay into a *mold*`, and you will get a figure.","`粘土を*鋳型*に流し込め`ば、像が出来上がる。","2023/9/9 7:15","2024/9/5 15:53"
1870,1870,"I was about to die of `hunger and *thirst*` on that day.","私はその日、`空腹と*喉の渇き*`で死にそうだった。","2023/9/9 7:15","2024/9/5 15:54"
1871,1871,"He has caused trouble by `his *greed* for money`.","彼は`自分の金銭*欲*`によって揉め事を起こしてしまった。","2023/9/9 7:15","2024/9/5 15:54"
1872,1872,"It was found out that `the politician received a *bribe*`.","`その政治家が*賄賂*を受け取った`ことが発覚した。","2023/9/9 7:15","2024/9/5 15:55"
1873,1873,"He `has great *contempt* for bullies`.","彼は`弱いものいじめをする人を非常に*軽蔑*している`。","2023/9/9 7:15","2024/9/5 15:56"
1874,1874,"`The *texture* of silk` feels smooth.","`絹の*感触*`は滑らかな感じである。","2023/9/9 7:15","2024/9/5 15:57"
1875,1875,"The couple `adopted an *orphan*` into their family.","その夫婦は`*孤児*を養子として`家族に`迎えた`。","2023/9/9 7:15","2024/9/5 15:58"
1876,1876,"The report calls for measures to stop `power *harassment*`.","その報告書は`パワー*ハラスメント*`を阻止する対策を求めている。","2023/9/9 7:15","2024/9/5 15:59"
1877,1877,"Cattle and sheep are fed on `*hay* grown on this farm`.","牛や羊は`この農場で育てられた*干し草*`を与えられている。","2023/9/9 7:15","2024/9/5 16:00"
1878,1878,"She found truth in `the *doctrines* of the religion`.","彼女は`その宗教の*教義*`に真理を見出した。","2023/9/9 7:15","2024/9/5 16:01"
1879,1879,"I am learning `the *holistic* approach` in my philosophy course.","私は哲学の授業で`*全体論的*方法`を学んでいる。","2023/9/9 7:15","2024/9/5 16:02"
1880,1880,"People `are *liable* to make mistakes` when they are in a hurry.","人は急いでいるとき`ミスをし*がちで*ある`。","2023/9/9 7:15","2024/9/5 16:03"
1881,1881,"`Her *earnest* efforts` resulted in a major medical discovery.","`彼女の*真面目な*努力`は重要な医学的発見という結果を生んだ。","2023/9/9 7:15","2024/9/5 16:03"
1882,1882,"This manual is written in `*intelligible* terms`.","この取扱説明書は`*分かりやすい*言葉`で書かれている。","2023/9/9 7:15","2024/9/5 16:04"
1883,1883,"Mary was surprised by her son’s `*abrupt* change in attitude`.","メアリーは息子の`態度の*突然の*変化`に驚いた。","2023/9/9 7:15","2024/9/6 12:37"
1884,1884,"He had his driver’s license suspended for `*reckless* driving`.","彼は`*無謀な*運転`のかどで免許停止になった。","2023/9/9 7:15","2024/9/6 12:39"
1885,1885,"She `was *furious* at his rude behavior`.","彼女は`彼の無礼な態度に*激怒した*`。","2023/9/9 7:15","2024/9/6 12:39"
1886,1886,"`A really *eloquent* speaker` keeps the audience interested.","`本当に*雄弁な*話し手`は聴衆の興味を惹き続ける。","2023/9/9 7:15","2024/9/6 12:40"
1887,1887,"The rise in `*juvenile* crimes` has become a problem in this area.","`*青少年*犯罪`の増加はこの地域で問題になってきている。","2023/9/9 7:15","2024/9/6 12:41"
1888,1888,"He `is *notorious* for putting his work off`.","彼は`仕事を先延ばしにすることで*悪名高い*`。","2023/9/9 7:15","2024/9/6 12:42"
1889,1889,"`The little boy seems very *timid*` without his mother.","`その小さな男の子は`母親がいないと`とても*臆病に*見える`。","2023/9/9 7:15","2024/9/6 12:44"
1890,1890,"`It is hot and *humid*` in Tokyo `in summer`.","東京の`夏は暑くて*湿気が多い*`。","2023/9/9 7:15","2024/9/6 12:45"
1891,1891,"`*Contagious* diseases` are likely to spread in crowded places.","`*感染*症`は混雑した場所で広がる可能性が高い。","2023/9/9 7:15","2024/9/6 12:46"
1892,1892,"I do not like `his *cynical* view of society`.","私は`彼の*冷笑的な*社会観`が好きではない。","2023/9/9 7:15","2024/9/6 13:03"
1893,1893,"He calmly endured the interviewer’s `*dumb* questions`.","彼はインタビュアーの`*ばかげた*質問に`穏やかに耐えた。","2023/9/9 7:15","2024/9/6 13:04"
1894,1894,"I want to be away from `my *monotonous* daily life`.","私は`*単調な*日常生活`から離れていたい。","2023/9/9 7:15","2024/9/6 13:05"
1895,1895,"The scientist is hoping to discover `a *perpetual* source of energy`.","その科学者は`*永続的な*エネルギー源`を発見したいと願っている。","2023/9/9 7:15","2024/9/6 13:08"
1896,1896,"He `felt *dizzy* with the heat`, so he rested under the tree.","彼は`暑さで*眩暈がし*た`ので木陰で休んだ。","2023/9/9 7:15","2024/9/6 13:09"
1897,1897,"The man sighed, rubbing `his *weary* eyes` with his hand.","その男性は、`*疲れた*目`を手で擦りながらため息をついた。","2023/9/9 7:15","2024/9/6 13:10"
1898,1898,"While walking in the snow, his toes `became *numb* with the cold`.","雪の中を歩いている間に、彼のつま先は`寒さで*麻痺した*`。","2023/9/9 7:15","2024/9/6 13:11"
1899,1899,"`Being in *mortal* danger`, he was rushed to the hospital.","`*致命的な*危険にさらされたので`、彼は病院に緊急搬送された。","2023/9/9 7:15","2024/9/6 13:12"
1900,1900,"`Her *zealous* commitment` to her studies will lead her toward success.","自分の研究に対する`彼女の*熱心な*献身`は彼女を成功に導くだろう。","2023/9/9 7:15","2024/9/6 13:13"
1901,1901,"Put *the* box by *the* door, please.","*その*箱は*その*ドアのそばに置いてください。","2023/9/9 7:15","2024/6/20 11:36"
1902,1902,"I went *to* Fukuoka by plane last week.","先週、私は飛行機で福岡*に*行った。","2023/9/9 7:15","2024/6/20 11:37"
1903,1903,"*I* like soccer very much.","*私は*サッカーが大好きだ。","2023/9/9 7:15","2024/6/20 11:37"
1904,1904,"I have *an* aunt, and she is *a* nurse.","私には叔母が*1人*いて、彼女は看護師だ。","2023/9/9 7:15","2024/6/20 11:38"
1905,1905,"My grandparents live *in* a small town.","私の祖父母は小さな街*に*住んでいる。","2023/9/9 7:15","2024/6/20 11:45"
1906,1906,"I studied history *and* english yesterday.","私は昨日歴史*と*英語を勉強しました。","2023/9/9 7:15","2024/6/20 11:46"
1907,1907,"What kind of music do *you* like?","*あなたは*どんな音楽が好きですか","2023/9/9 7:15","2024/6/20 11:47"
1908,1908,"My father *is* a math teacher.","私の父は数学の教師*です*。","2023/9/9 7:15","2024/6/20 11:47"
1909,1909,"I am a member *of* a tennis team.","私はテニスチーム*の*一員だ。","2023/9/9 7:15","2024/6/20 11:48"
1910,1910,"Ken bought a book. *It* was written in English.","ケンは本を買った。*それは*英語で書かれている。","2023/9/9 7:15","2024/6/20 11:49"
1911,1911,"I *have* two balls in my hand.","私は手に二つのボールを*持っている*。","2023/9/9 7:15","2024/6/20 11:50"
1912,1912,"This is *not* my umbrella.","これはわたしの傘で*はない*。","2023/9/9 7:15","2024/6/20 11:50"
1913,1913,"I *was* busy yesterday.","私は昨日忙し*かった*。","2023/9/9 7:15","2024/6/20 11:51"
1914,1914,"*That* is our school.","*あれは*私達の学校です。","2023/9/9 7:15","2024/6/20 11:51"
1915,1915,"She bought a nice cap *for* me.","彼女は私*に*素敵な帽子を買ってくれた。","2023/9/9 7:15","2024/6/20 11:52"
1916,1916,"*He* doesn’t have any brothers or sisters.","*彼は*兄弟姉妹がいない。","2023/9/9 7:15","2024/6/22 4:12"
1917,1917,"I have to *do* my homework.","私は宿題*をし*なければならない。","2023/9/9 7:15","2024/6/22 4:13"
1918,1918,"You *are* all good students.","あなたたちはみんなよい生徒*だ*。","2023/9/9 7:15","2024/6/22 4:13"
1919,1919,"*We* are good friends.","*私たちは*親友だ。","2023/9/9 7:15","2024/6/22 4:13"
1920,1920,"I know a lot *about* Canada.","私はカナダ*について*沢山知っている。","2023/9/9 7:15","2024/6/22 4:14"
1921,1921,"Ryo *will* come back after he finishes college.","リョウは大学を卒業したら返ってくる*だろう*。","2023/9/9 7:15","2024/6/22 4:15"
1922,1922,"Can you see those boys? *They* are my students.","あの少年たちが見えますか。*彼らは*私の生徒です。","2023/9/9 7:15","2024/6/22 4:16"
1923,1923,"Many *people* enjoyed the summer festival.","多くの*人々*が夏祭りを楽しんだ。","2023/9/9 7:15","2024/6/22 4:16"
1924,1924,"This is Emi. *She* is my sister.","こちらはエミです。*彼女は*私の姉です。","2023/9/9 7:15","2024/6/22 4:17"
1925,1925,"I met him *at* the station.","私は駅*で*彼に会った。","2023/9/9 7:15","2024/6/22 4:17"
1926,1926,"Ryo *can* play the piano very well.","リョウはとても上手にピアノを弾くことが*できる*。","2023/9/9 7:15","2024/6/22 4:18"
1927,1927,"That is *my* bicycle.","*あれ*は私の自転車だ。","2023/9/9 7:15","2024/6/22 4:19"
1928,1928,"I *go* to school by bus every day.","私は毎日バスで学校へ*行く*。","2023/9/9 7:15","2024/6/22 4:19"
1929,1929,"I went to a museum *with* Tomoko last Sunday.","この前の日曜日、私は智子*と一緒に*博物館に行った。","2023/9/9 7:15","2024/6/22 4:20"
1930,1930,"What did he *say* in her speech?","彼女はスピーチでなんと*言い*ましたか。","2023/9/9 7:15","2024/6/22 4:21"
1931,1931,"This sweater is old, *but* I like it.","このセーターは古い*けれど*、私は気に入っている。","2023/9/9 7:15","2024/6/22 4:22"
1932,1932,"There is a comic book *on* the sofa.","ソファ*の上に*漫画本が1冊ある。","2023/9/9 7:15","2024/6/22 4:22"
1933,1933,"I *want* a new computer.","私は新しいコンピュータ*が欲しい*。","2023/9/9 7:15","2024/6/22 4:23"
1934,1934,"*When* is your birthday?","あなたの誕生日は*いつ*ですか。","2023/9/9 7:15","2024/6/22 4:24"
1935,1935,"I went to Tom’s house, but he wasn’t *there*.","私はトムの家に行ったが、彼は*そこに*いなかった。","2023/9/9 7:15","2024/6/22 4:24"
1936,1936,"*This* is my father’s book.","*これ*は私の父の本だ。","2023/9/9 7:15","2024/6/22 4:25"
1937,1937,"*What* is that building on the hill?","丘の上のあの建物は*何*ですか。","2023/9/9 7:15","2024/6/22 4:25"
1938,1938,"Don’t walk *so* fast?","*そんなに*速く歩かないで。","2023/9/9 7:15","2024/6/22 4:26"
1939,1939,"He is coming back *from* Canada tomorrow.","彼は明日カナダ*から*帰って来る。","2023/9/9 7:15","2024/6/22 4:27"
1940,1940,"I really like *her* new song.","私は*彼女の*新しい歌が本当に気に入っている。","2023/9/9 7:15","2024/6/22 4:27"
1941,1941,"Mike is looking for *his* watch.","マイクは*彼の*腕時計を探している。","2023/9/9 7:15","2024/6/22 4:28"
1942,1942,"I *think* Kanazawa is a beautiful city.","私は金沢は美しい年だ*と思う*。","2023/9/9 7:15","2024/6/22 4:28"
1943,1943,"He *did* homework after dinner.","彼は夕食後に宿題を*した*。","2023/9/9 7:15","2024/6/22 4:29"
1944,1944,"My father *makes* breakfast every morning.","父は毎朝朝食を*作る*。","2023/9/9 7:15","2024/6/22 4:29"
1945,1945,"It was *very* cold this morning.","今朝は*非常に*寒かった。","2023/9/9 7:15","2024/6/22 4:30"
1946,1946,"Can you help *me* tomorrow?","明日*私を*手伝ってくれますか。","2023/9/9 7:15","2024/6/22 4:30"
1947,1947,"I *like* Chinese food.","私は中国料理*が好きだ*。","2023/9/9 7:15","2024/6/22 4:31"
1948,1948,"From the top of the tower, we can *see* the sea.","その塔のてっぺんからは、海*が見える*。","2023/9/9 7:15","2024/6/22 4:32"
1949,1949,"We took *many* pictures at the festival.","私たちは祭りで*たくさんの*写真を撮った。","2023/9/9 7:15","2024/6/22 4:32"
1950,1950,"*One* of my hobbies is collecting dolls.","私の趣味の*１つ*は人形を集めることだ。","2023/9/9 7:15","2023/9/9 7:15"
1951,1951,"The train was late *because* it snowed.","雪が降った*ので*、列車が遅れた。","2023/9/9 7:15","2024/6/23 13:28"
1952,1952,"Their teacher told *them* a funny story.","彼らの先生は*彼らに*面白い話をした。","2023/9/9 7:15","2024/6/23 13:29"
1953,1953,"I will *be* home all day tomorrow.","明日は一日中家に*い*ます。","2023/9/9 7:15","2024/6/23 13:30"
1954,1954,"There are *some* bicycles in front of the building.","その建物の前に*何台かの*自転車がある。","2023/9/9 7:15","2024/6/23 13:31"
1955,1955,"*How* did you get the concert ticket?","*どうやって*そのコンサートのチケットを手に入れましたか。","2023/9/9 7:15","2024/6/23 13:31"
1956,1956,"Our *school* is near the park.","私達の*学校*は公園の近くにある。","2023/9/9 7:15","2024/6/23 13:32"
1957,1957,"What *time* are you going to meet him?","あなたは何*時*に彼に会う予定ですか。","2023/9/9 7:15","2024/6/23 13:33"
1958,1958,"Isn’t this *your* umbrella?","これは*あなたの*傘ではありませんか。","2023/9/9 7:15","2024/6/23 13:33"
1959,1959,"Do you *know* the name of that actor?","あの俳優の名前を*知っています*か。","2023/9/9 7:15","2024/6/23 13:34"
1960,1960,"I *am* a tennis player.","私はテニス選手*だ*。","2023/9/9 7:15","2024/6/23 13:34"
1961,1961,"I have some *good* news.","*よい*知らせがあります。","2023/9/9 7:15","2024/6/23 13:35"
1962,1962,"I want to *get* an e-mail from her.","私は彼女からEメール*をもらい*たい。","2023/9/9 7:15","2024/6/23 13:35"
1963,1963,"They *were* tired after the games.","彼らは試合のあとで疲れて*いた*。","2023/9/9 7:15","2024/6/23 13:36"
1964,1964,"There are seven *days* in a week.","一週間は７*日*ある。","2023/9/9 7:15","2024/6/23 13:37"
1965,1965,"There are *more* girls than boys in our class.","私たちのクラスは男子より女子*の方が多い*。","2023/9/9 7:15","2024/6/23 14:06"
1966,1966,"*Their* teacher gives them a lot of homework.","*彼らの*先生は彼らに宿題をたくさん出す。","2023/9/9 7:15","2024/6/23 14:07"
1967,1967,"I have many *things* to do before the trip.","旅行の前にすべき*こと*がたくさんある。","2023/9/9 7:15","2024/6/23 14:07"
1968,1968,"May I *use* this camera?","このカメラ*を使って*もいいですか。","2023/9/9 7:15","2024/6/23 14:08"
1969,1969,"*As* you know, he is a great singer.","ご存じ*のように*、彼は素晴らしい歌手だ。","2023/9/9 7:15","2024/6/23 14:08"
1970,1970,"She’ll *come* to the party tomorrow.","彼女は明日パーティーに*来る*だろう。","2023/9/9 7:15","2024/6/23 14:09"
1971,1971,"Do you have any *other* questions about this?","このことについて*他に*質問はありますか。","2023/9/9 7:15","2024/6/23 14:10"
1972,1972,"*Look* at the blackboard and listen to me.","黒板を*見て*、私の言うことを聞きなさい。","2023/9/9 7:15","2024/6/23 14:11"
1973,1973,"The girl *took* a magazine from the shelf.","その女の子は雑誌*を*棚から*取った*。","2023/9/9 7:15","2024/6/23 14:11"
1974,1974,"My brother has lived in London for a *year*.","私の兄は１*年*間ロンドンに住んでいる。","2023/9/9 7:15","2024/6/23 14:12"
1975,1975,"He went to the stadium *by* train.","彼は電車*で*スタジアムに行った。","2023/9/9 7:15","2024/6/23 14:13"
1976,1976,"*Our* school is ten minutes from the station.","*私達の*学校は駅から10分だ。","2023/9/9 7:15","2024/6/23 14:13"
1977,1977,"One *student* from our class joined the art club.","私たちのクラスから１人の*生徒*が美術部に加わった。","2023/9/9 7:15","2024/6/23 14:14"
1978,1978,"They are going to *talk* about the school trip.","彼らは修学旅行について*話す*つもりだ。","2023/9/9 7:15","2024/6/23 14:15"
1979,1979,"*Mr.* Watanabe works for a big bank.","ワタナベ*さん*は大きな銀行で働いている。","2023/9/9 7:15","2024/6/23 14:15"
1980,1980,"*All* the students are looking forward to seeing him.","生徒*全員*が彼に会うのを楽しみにしている。","2023/9/9 7:15","2024/6/23 14:16"
1981,1981,"Junko studies *English* for one hour every day.","ジュンコは毎日１時間、*英語*を勉強する。","2023/9/9 7:15","2024/6/23 14:17"
1982,1982,"My parents live in New York *now*.","両親は*今*ニューヨークに住んでいる。","2023/9/9 7:15","2024/6/23 14:18"
1983,1983,"Tom can speak *Japanese* very well.","トムは*日本語*をとても上手に話すことができる。","2023/9/9 7:15","2024/6/23 14:18"
1984,1984,"I can’t *find* my glasses anywhere.","私のメガネ*が*どこにも*見つから*ない。","2023/9/9 7:15","2024/6/23 14:19"
1985,1985,"*If* it is fine tomorrow, we will play tennis.","*もし*明日がいい天気*なら*、私たちはテニスをするつもりだ。","2023/9/9 7:15","2024/6/23 14:20"
1986,1986,"Please *tell* me the truth.","私*に*真実*を話して*ください。","2023/9/9 7:15","2024/6/23 14:45"
1987,1987,"I receive many e-mails from *him* every day.","私は毎日*彼*からたくさんのEメールを受け取る。","2023/9/9 7:15","2024/6/23 14:45"
1988,1988,"The boy answered, “*Yes*, I can play baseball.”","その少年は、「*はい*、ぼくは野球が出来ます」と答えた。","2023/9/9 7:15","2024/6/23 14:46"
1989,1989,"We had dinner *after* the game.","私たちは試合*のあとに*夕食を食べた。","2023/9/9 7:15","2024/6/23 14:47"
1990,1990,"She *works* on a farm in Hokkaido.","彼女は北海道の農場で*働いている*。","2023/9/9 7:15","2024/6/23 14:50"
1991,1991,"Which would you like, tea *or* coffee?","紅茶*か*コーヒーでは、どちらになさいますか。","2023/9/9 7:15","2024/6/23 14:50"
1992,1992,"*Who* took this beautiful picture?","*誰*がこの美しい写真を撮ったのですか。","2023/9/9 7:15","2024/6/23 14:51"
1993,1993,"Tokyo is the biggest city in *Japan*.","東京は*日本*で１番大きな都市だ。","2023/9/9 7:15","2024/6/23 14:51"
1994,1994,"My *first* class on Monday is social studies.","月曜日の私の*最初の*授業は社会科だ。","2023/9/9 7:15","2024/6/23 14:52"
1995,1995,"It snowed a *lot* last year.","去年は雪が*たくさん*降った。","2023/9/9 7:15","2024/6/23 14:53"
1996,1996,"Ryo *could* not sleep well last night.","リョウは昨晩よく眠る*ことができ*なかっ*た*。","2023/9/9 7:15","2024/6/23 14:53"
1997,1997,"I was playing a video game *then*.","私は*そのとき*テレビゲームをしていた。","2023/9/9 7:15","2024/6/23 14:54"
1998,1998,"I’m going to *give* a book to him.","私は彼に本*をあげる*つもりだ。","2023/9/9 7:15","2024/6/23 14:55"
1999,1999,"They began to *learn* English in junior high school.","彼らは中学校で英語を*習い*始めた。","2023/9/9 7:15","2024/6/23 14:55"
2000,2000,"Mr. Brown teaches *us* English.","ブラウン先生は*私たちに*英語を教えてくれる。","2023/9/9 7:15","2024/6/23 14:56"
2001,2001,"Shall I *help* you with your homework?","宿題を*手伝って*あげましょうか。","2023/9/9 7:15","2024/6/23 14:57"
2002,2002,"Nami is kind. Her sister is *also* kind.","ナミは親切だ。彼女の妹*もまた*親切だ。","2023/9/9 7:15","2024/6/23 14:57"
2003,2003,"Aya can sing English songs very *well*.","アヤは英語の歌をとても*上手に*歌える。","2023/9/9 7:15","2024/6/23 14:58"
2004,2004,"You *should* see a doctor right now.","あなたは今すぐ医者に診てもらう*べきだ*。","2023/9/9 7:15","2024/6/23 14:59"
2005,2005,"That *book* has about 900 pages.","その*本*はおよそ900ページある。","2023/9/9 7:15","2024/6/23 14:59"
2006,2006,"May I *ask* you a question?","*質問し*てもよろしいですか。","2023/9/9 7:15","2024/6/23 15:00"
2007,2007,"A *friend* of mine gave me this book.","私の*友だち*の1人がこの本をくれた。","2023/9/9 7:15","2024/6/23 15:02"
2008,2008,"I *played* with my brother in the park.","私は弟と公園で*遊んだ*。","2023/9/9 7:15","2024/6/24 7:42"
2009,2009,"Aya is taller *than* Tom.","アヤはトム*よりも*背が高い。","2023/9/9 7:15","2024/6/24 7:43"
2010,2010,"*Why* was Kumi late? — She missed the train.","*なぜ*クミは遅れたの? — 列車に乗り遅れたんです。","2023/9/9 7:15","2024/6/24 7:44"
2011,2011,"Do you agree with him, *too*?","あなた*も*彼に同意しますか?","2023/9/9 7:15","2024/6/24 7:45"
2012,2012,"We all *enjoyed* the concert last Sunday.","この前の日曜日、私たちはみんなコンサートを*楽しんだ*。","2023/9/9 7:15","2024/6/24 7:45"
2013,2013,"My brother *studied* for many hours yesterday.","昨日、兄は何時間も*勉強した*。","2023/9/9 7:15","2024/6/24 7:46"
2014,2014,"That *man* with the brown hat is my father.","茶色い帽子をかぶったあの*男の人*が私の父だ。","2023/9/9 7:15","2024/6/24 7:47"
2015,2015,"This *old* book is very interesting.","この*古い*本はとてもおもしろい。","2023/9/9 7:15","2024/6/24 7:48"
2016,2016,"There are *no* supermarkets near my house.","私の家の近くにはスーパーマーケットが*1件もない*。","2023/9/9 7:15","2024/6/24 7:49"
2017,2017,"I have a *question* about this math problem.","私はこの数学の問題について*質問*がある。","2023/9/9 7:15","2024/6/24 7:50"
2018,2018,"Could you tell me the *way* to City Hall?","市役所へ行く*道*を教えていただけますか。","2023/9/9 7:15","2024/6/24 7:51"
2019,2019,"Our *country* has many high mountains.","私たちの*国*には多くの高い山がある。","2023/9/9 7:15","2024/6/24 7:51"
2020,2020,"My mother has been sick in bed for *two* weeks.","母は*2*週間、病気で寝込んでいる。","2023/9/9 7:15","2024/6/24 7:52"
2021,2021,"I’ll return your book *next* weekend.","*次の*週末にあなたの本を返します。","2023/9/9 7:15","2024/6/24 7:54"
2022,2022,"Japanese *food* is becoming more popular.","日本*食*はより人気が高くなっている。","2023/9/9 7:15","2024/6/24 7:54"
2023,2023,"He studied hard to *become* a scientist.","彼は科学者*になる*ために熱心に勉強した。","2023/9/9 7:15","2024/6/24 7:55"
2024,2024,"Ann *tried* to move the heavy table.","アンはその重いテーブルを動か*そうとした*。","2023/9/9 7:15","2024/6/24 7:56"
2025,2025,"I *read* a book on the train every day.","私は毎日列車の中で本*を読む*。","2023/9/9 7:15","2024/6/24 7:57"
2026,2026,"Do you put *much* sugar in your coffee?","アナタはコーヒーに*たくさん*砂糖を入れますか。","2023/9/9 7:15","2024/6/24 7:57"
2027,2027,"My family got a *new* car recently.","私の家族は最近*新しい*車を買った。","2023/9/9 7:15","2024/6/24 8:54"
2028,2028,"I really *thank* you for helping me.","手伝ったもらって本当にあなた*に感謝します*。","2023/9/9 7:15","2024/6/24 8:54"
2029,2029,"Where does Mike *live*?","マイクはどこに*住んでいる*のですか。","2023/9/9 7:15","2024/6/24 8:55"
2030,2030,"What time will the concert *start*?","コンサートは何時に*始まる*のですか。","2023/9/9 7:15","2024/6/24 8:55"
2031,2031,"Aya looked *happy* when I met her yesterday.","昨日会ったとき、アヤは*幸せ*そうだった。","2023/9/9 7:15","2024/6/24 8:56"
2032,2032,"Is this the *right* way to the Green Hotel?","これはグリーンホテルへ行く*正しい*道ですか。","2023/9/9 7:15","2024/6/24 8:57"
2033,2033,"The weather was *really* good yesterday.","昨日は*本当に*天気がよかった。","2023/9/9 7:15","2024/6/24 8:57"
2034,2034,"Mr. Smith has one *child*.","スミスさんには*子ども*が1人いる。","2023/9/9 7:15","2024/6/24 8:58"
2035,2035,"Tom wrote *something* in his notebook.","トムはノートに*何か*書いた。","2023/9/9 7:15","2024/6/24 8:59"
2036,2036,"This is the longest river in the *world*.","これは*世界*で最も長い川だ。","2023/9/9 7:15","2024/6/24 8:59"
2037,2037,"We *need* a lot of money for the project.","私たちはその計画にたくさんのお金*を必要とする*。","2023/9/9 7:15","2024/6/24 9:00"
2038,2038,"It is *important* that you keep your promise.","約束を守ることは*重要*だ。","2023/9/9 7:15","2024/6/24 9:00"
2039,2039,"Mr. Ford has lived in Tokyo for a *long* time.","フォードさんは*長い*間、東京に住んでいる。","2023/9/9 7:15","2024/6/24 9:01"
2040,2040,"How is your school *life*?","学校*生活*はどうですか。","2023/9/9 7:15","2024/6/24 9:02"
2041,2041,"I don’t *eat* meat very often.","私はあまり頻繁には肉*を食べ*ない。","2023/9/9 7:15","2024/6/24 9:03"
2042,2042,"The balloon went *up* in the sky.","風船が空に*上がって*いった。","2023/9/9 7:15","2024/6/24 9:04"
2043,2043,"*Which* is your racket?","*どちらが*あなたのラケットですか。","2023/9/9 7:15","2024/6/24 9:04"
2044,2044,"That’s the *only* thing I can do.","それは私ができる*ただ1つの*ことだ。","2023/9/9 7:15","2024/6/24 9:05"
2045,2045,"I’m going to *visit* Hong Kong on my next trip.","私は次の旅行で香港*を訪れる*予定だ。","2023/9/9 7:15","2024/6/24 9:05"
2046,2046,"Kate *showed* me her pictures.","渓都は私*に*写真*を見せてくれた*。","2023/9/9 7:15","2024/6/24 9:07"
2047,2047,"My *mother* is good at cooking.","私の*母*は料理が上手だ。","2023/9/9 7:15","2024/6/24 9:08"
2048,2048,"*Every* student in the class has a dictionary.","クラスの*どの*生徒*も*辞書を持っている。","2023/9/9 7:15","2024/6/24 9:09"
2049,2049,"Today is the *last* day of the year.","今日は1年の*最後の*日だ。","2023/9/9 7:15","2024/6/24 9:10"
2050,2050,"On Sundays, my father is usually at *home*.","日曜日には、父はたいてい*家*にいる。","2023/9/9 7:15","2024/6/24 9:10"
2051,2051,"We climbed that *high* mountain last year.","私たちは昨年あの*高い*山に登った。","2023/9/9 7:15","2024/6/24 9:11"
2052,2052,"I have to go home *before* dinner.","私は夕食*前に*家に帰らなければならない。","2023/9/9 7:15","2024/6/24 9:12"
2053,2053,"My *father* enjoys driving on weekends.","*父*は週末にはドライブを楽しむ。","2023/9/9 7:15","2024/6/24 9:12"
2054,2054,"May I take a *picture* of you?","アナタの*写真*を撮ってもいいですか。","2023/9/9 7:15","2024/6/24 9:13"
2055,2055,"Can you *hear* the sound of a train?","列車の音*が聞こえ*ますか。","2023/9/9 7:15","2024/6/26 7:31"
2056,2056,"He went to Canada with his *family*.","彼は*家族*とカナダに行った。","2023/9/9 7:15","2024/6/26 7:32"
2057,2057,"Dis you *buy* a doll for her?","あなたは彼女に人形*を買い*ましたか。","2023/9/9 7:15","2024/6/26 7:32"
2058,2058,"Kyoto is a nice *place* to visit.","京都は訪れるのによい*場所*だ。","2023/9/9 7:15","2024/6/26 7:33"
2059,2059,"I thought she *would* be back soon.","私は彼女がすぐに戻ってくる*だろう*と思った。","2023/9/9 7:15","2024/6/26 7:34"
2060,2060,"My idea is *different* from yours.","私の考えはあなたのと*違う*。","2023/9/9 7:15","2024/6/26 7:34"
2061,2061,"There are thirty-two students in our *class*.","私たちの*クラス*には32人の生徒がいる。","2023/9/9 7:15","2024/6/26 7:35"
2062,2062,"*These* are my father’s cameras.","*これら*は父のカメラだ。","2023/9/9 7:15","2024/6/26 7:36"
2063,2063,"*Does* he often read magazines?","彼はよく雑誌を読みますか。","2023/9/9 7:15","2024/6/26 7:36"
2064,2064,"She was *kind* to me when I was sick.","私が病気のとき、彼女は私に*親切に*してくれた。","2023/9/9 7:15","2024/6/26 7:37"
2065,2065,"His *house* has a very big garden.","彼の*家*にはとても大きな庭がある。","2023/9/9 7:15","2024/6/26 7:37"
2066,2066,"Sue practiced the guitar very *hard*.","スーはとても*熱心に*ギターの練習をした。","2023/9/9 7:15","2024/6/26 7:42"
2067,2067,"Tom thought of a good *idea*.","トムはよい*考え*を思いついた。","2023/9/9 7:15","2024/6/26 7:42"
2068,2068,"*Oh*, no! I left my wallet somewhere.","*ああ*、しまった！どこかに財布を置いてきちゃったよ。","2023/9/9 7:15","2024/6/26 7:44"
2069,2069,"I’m going to *write* a letter to my uncle.","私は叔父に手紙*を書く*つもりだ。","2023/9/9 7:15","2024/6/26 7:44"
2070,2070,"I *felt* angry when they broke the window.","彼らが窓を割ったとき、私は怒り*を感じた*。","2023/9/9 7:15","2024/6/26 7:46"
2071,2071,"The *woman* has a beautiful voice.","その*女の人*は美しい声をしている。","2023/9/9 7:15","2024/6/26 7:47"
2072,2072,"I learned this English *word* yesterday.","私は昨日この英*単語*を習った。","2023/9/9 7:15","2024/6/26 7:47"
2073,2073,"The children sat *around* their grandmother.","子どもたちはおばあさん*の周りに*座った。","2023/9/9 7:15","2024/6/26 7:48"
2074,2074,"He *called* my name on the bus.","バスの中で彼は私の名前*を呼んだ*。","2023/9/9 7:15","2024/6/26 7:48"
2075,2075,"I have a lot of things to do *today*.","私は*今日*すべきことがたくさんある。","2023/9/9 7:15","2024/6/26 7:49"
2076,2076,"Are you going to stay *here* tonight?","あなたは今夜*ここに*泊まるつもりですか。","2023/9/9 7:15","2024/6/26 7:49"
2077,2077,"The train has *just* arrived at the station.","列車は*ちょうど*駅に着いたところだ。","2023/9/9 7:15","2024/6/26 7:50"
2078,2078,"This shirt is *better* than that one.","このシャツはあのシャツ*よりよい*。","2023/9/9 7:15","2024/6/26 7:51"
2079,2079,"He came *back* from his long trip.","彼は長い旅行から*戻って*きた。","2023/9/9 7:15","2024/6/26 7:51"
2080,2080,"He didn’t want to go *out* in the rain.","彼は雨の中*外へ*出たくなかった。","2023/9/9 7:15","2024/6/26 7:52"
2081,2081,"Do you *understand* the meaning of this word?","あなたはこの単語の意味*が分かります*か。","2023/9/9 7:15","2024/6/26 7:52"
2082,2082,"She smiled at *each* student in the class.","彼女はクラスの生徒*一人一人に*微笑んだ。","2023/9/9 7:15","2024/6/26 7:53"
2083,2083,"*Please* come to the party next Sunday.","今度の日曜日に*どうぞ*パーティーに来てください。","2023/9/9 7:15","2024/6/26 7:54"
2084,2084,"*Ms*. White is a very good teacher.","ホワイト*先生*はとてもよい先生だ。","2023/9/9 7:15","2024/6/26 13:38"
2085,2085,"Could you bring me some *water*?","私に*水*を持ってきていただけますか。","2023/9/9 7:15","2024/6/26 13:39"
2086,2086,"Ayako has a *small* white dog.","アヤコは*小さな*白い犬を飼っている。","2023/9/9 7:15","2024/6/26 13:41"
2087,2087,"I bought three *big* apples at the store.","私はその店で*大きな*リンゴを3つ買った。","2023/9/9 7:15","2024/6/26 13:41"
2088,2088,"*Let’s* go to the lake. — Yes, *let’s*.","湖に行*こう*。—うん、そう*しよう*。","2023/9/9 7:15","2024/6/26 13:43"
2089,2089,"*May* I come in? —Yes, of course.","入って*もいいですか*。—ええ、もちろんです。","2023/9/9 7:15","2024/6/26 13:44"
2090,2090,"Our train leaves from Platform *Three*.","私たちの乗る列車は*3*番ホームから出発する。","2023/9/9 7:15","2024/6/26 13:45"
2091,2091,"There are many *problems* in this city.","この市にはたくさんの*問題*がある。","2023/9/9 7:15","2024/6/26 13:45"
2092,2092,"He is the *most* popular singer in China.","彼は中国で*最も*人気のある歌手だ。","2023/9/9 7:15","2024/6/26 13:46"
2093,2093,"She is *always* late for our dates.","彼女は*いつも*デートに遅れる。","2023/9/9 7:15","2024/6/26 13:47"
2094,2094,"It takes five minutes to *walk* to the station.","駅までは*歩いて*5分かかる。","2023/9/9 7:15","2024/6/26 13:47"
2095,2095,"Ten years later, he became a *great* artist.","10年後、彼は*素晴らしい*芸術家になった。","2023/9/9 7:15","2024/6/26 13:48"
2096,2096,"Can you *answer* the question?","あなたはその質問*に答える*ことができますか。","2023/9/9 7:15","2024/6/26 13:48"
2097,2097,"Our English *teacher* is from Australia.","私たちの英語の*先生*はオーストラリア出身だ。","2023/9/9 7:15","2024/6/26 13:49"
2098,2098,"I saw an exciting baseball *game* on TV.","テレビでわくわくするような野球の*試合*を見た。","2023/9/9 7:15","2024/6/26 13:50"
2099,2099,"It snowed *again* last night.","昨夜*また*雪が降った。","2023/9/9 7:15","2024/6/26 13:50"
2100,2100,"Which *city* is bigger, Yokohama or Osaka?","横浜と大阪ではどちらの*市*の方が大きいですか。","2023/9/9 7:15","2024/6/26 13:51"
2101,2101,"I *leave* home at seven every morning.","私は毎朝7時に家*を出る*。","2023/9/9 7:15","2024/6/26 13:52"
2102,2102,"She put her hat *into* the box.","彼女は帽子をその箱*の中に*入れた。","2023/9/9 7:15","2024/6/26 13:52"
2103,2103,"Do you *often* go to the movies?","あなたは*よく*映画を見に行きますか。","2023/9/9 7:15","2024/6/26 13:54"
2104,2104,"I must *speak* in front of the class.","私はクラスのみんなの前で*話さ*なくてはならない。","2023/9/9 7:15","2024/6/26 13:54"
2105,2105,"Shall we *watch* the news on TV?","テレビでニュース*を見*ましょうか。","2023/9/9 7:15","2024/6/26 13:55"
2106,2106,"You can *keep* the map.","その地図*は持っていて*いいよ。","2023/9/9 7:15","2024/6/26 13:55"
2107,2107,"We are in the *same* class this year.","僕等は今年*同じ*クラスだった。","2023/9/9 7:15","2024/6/26 21:25"
2108,2108,"It rained three times last *week*.","先*週*は3回雨が降った。","2023/9/9 7:15","2024/6/26 21:25"
2109,2109,"We *changed* our plans for this summer.","私たちは今年の夏の計画*を変えた*。","2023/9/9 7:15","2024/6/26 21:26"
2110,2110,"*Where* did you park your car?","*どこに*車を止めたのですか。","2023/9/9 7:15","2024/6/26 21:26"
2111,2111,"Do you have *any* brothers or sisters?","あなたに兄弟か姉妹はいますか。","2023/9/9 7:15","2024/6/26 21:27"
2112,2112,"She spends too much *money* on clothes.","彼女は衣服に*お金*をたくさん使いすぎる。","2023/9/9 7:15","2024/6/26 21:28"
2113,2113,"It rained very hard this *morning*.","今*朝*はしても激しく雨が降った。","2023/9/9 7:15","2024/6/26 21:28"
2114,2114,"Look at those *beautiful* flowers.","あの*美しい*花を見てごらん。","2023/9/9 7:15","2024/6/26 21:29"
2115,2115,"Let’s *meet* at the coffee shop near the station.","駅の近くの喫茶店で*会い*ましょう。","2023/9/9 7:15","2024/6/26 21:30"
2116,2116,"I want to be a nurse in the *future*.","私は*将来*看護師になりたい。","2023/9/9 7:15","2024/6/26 21:30"
2117,2117,"What *animal* did you see at the zoo?","動物園でどんな*動物*を見ましたか。","2023/9/9 7:15","2024/6/26 21:31"
2118,2118,"I’m *interested* in Chinese history.","私は中国の歴史に*興味がある*。","2023/9/9 7:15","2024/6/26 21:32"
2119,2119,"I think your speech was *OK*.","あなたのスピーチは*大丈夫*だったと思う。","2023/9/9 7:15","2024/6/26 21:32"
2120,2120,"How did you know my *name*?","どうして私の*名前*が分かったのですか。","2023/9/9 7:15","2024/6/26 21:33"
2121,2121,"I heard an *interesting* story about a dog.","私はある犬にまつわる*おもしろい*話を聞いた。","2023/9/9 7:15","2024/6/26 21:34"
2122,2122,"This is the *best* movie I have ever seen.","これは私が今までに見た*最もよい*映画だ。","2023/9/9 7:15","2024/6/26 21:34"
2123,2123,"This book is too *difficult* for me to read.","この本は私が読むには*難し*すぎる。","2023/9/9 7:15","2024/6/26 21:36"
2124,2124,"I found a *little* cat in the park.","私は公園で*小さな*猫を見つけた。","2023/9/9 7:15","2024/6/26 21:37"
2125,2125,"Could you please give us an *example*?","*例*を示していただけませんか。","2023/9/9 7:15","2024/6/26 21:37"
2126,2126,"How many *rooms* are there in your house?","あなたの家には*部屋*がいくつありますか。","2023/9/9 7:15","2024/6/26 21:38"
2127,2127,"My mother is looking for a new *job*.","母は新しい*仕事*を探している。","2023/9/9 7:15","2024/6/26 21:39"
2128,2128,"Did you *stay* at a hotel in Seatle.","シアトルではホテルに*泊まり*ましたか。","2023/9/9 7:15","2024/6/26 21:39"
2129,2129,"My mother *put* her keys on the table.","母は鍵*を*テーブルの上に*置いた*。","2023/9/9 7:15","2024/6/26 21:40"
2130,2130,"I’m *sure* she will succeed.","私は彼女が成功することを*確信している*。","2023/9/9 7:15","2024/6/26 21:40"
2131,2131,"I will *never* forget about this wonderful trip.","この素晴らしい旅行のことは*決して*忘れ*ません*。","2023/9/9 7:15","2024/6/26 21:41"
2132,2132,"Let’s go to lunch *together*.","*一緒に*昼食を食べに行きましょう。","2023/9/9 7:15","2024/6/26 21:42"
2133,2133,"How often do you *practice* the guitar?","どのくらいの頻度でギター*を練習します*か。","2023/9/9 7:15","2024/6/26 21:43"
2134,2134,"Could you show me *another* watch?","*別の*腕時計を見せていただけますか。","2023/9/9 7:15","2024/6/26 21:43"
2135,2135,"Can you take care of my *dog* tomorrow?","明日、私の*犬*の世話をしてもらえませんか。","2023/9/9 7:15","2024/6/26 21:44"
2136,2136,"Their house is in the middle of the *town*.","彼らの家は*町*の真ん中にある。","2023/9/9 7:15","2024/6/26 21:45"
2137,2137,"My uncle *stopped* his car in front of my house.","叔父は私の家の前で車*を止めた*。","2023/9/9 7:15","2024/6/26 21:45"
2138,2138,"What does this word *mean*?","この単語はどういう*意味です*か。","2023/9/9 7:15","2024/6/26 21:46"
2139,2139,"We have a school festival next *month*.","来*月*学園祭がある。","2023/9/9 7:15","2024/6/26 21:46"
2140,2140,"We should *decide* our own future.","私たちは自分自身の将来*を決め*なければならない。","2023/9/9 7:15","2024/6/26 21:47"
2141,2141,"I *run* in the park every morning.","私は毎朝、公園で*走る*。","2023/9/9 7:15","2024/6/26 21:48"
2142,2142,"We have to *clean* our classroom after school.","私たちは放課後、教室*をきれいにし*なければならない。","2023/9/9 7:15","2024/6/26 21:48"
2143,2143,"She *teaches* us English.","彼女は私たちに英語*を教えている*。","2023/9/9 7:15","2024/6/26 21:49"
2144,2144,"My brother is on the basketball *team*.","私の弟はバスケットボール*チーム*に入っている。","2023/9/9 7:15","2024/6/26 21:50"
2145,2145,"She bought a newspaper at the *station*.","彼女は*駅*で新聞を買った。","2023/9/9 7:15","2024/6/26 21:50"
2146,2146,"Our new science teacher is very *young*.","私たちの新しい理科の先生はとても*若い*。","2023/9/9 7:15","2024/6/26 21:51"
2147,2147,"Can you *move* this desk to the left?","この机*を*左に*動かし*てくれませんか。","2023/9/9 7:15","2024/6/26 21:51"
2148,2148,"*Even* little children can enjoy the movie.","小さい子どもたち*でさえも*その映画を楽しむことができる。","2023/9/9 7:15","2024/6/26 21:52"
2149,2149,"The first class *begins* at eight fifty.","1時間目は8時50分に*始まる*。","2023/9/9 7:15","2024/6/26 21:53"
2150,2150,"I *hope* to see you again soon.","またすぐにお会い*したいです*。","2023/9/9 7:15","2024/6/26 21:54"
2151,2151,"Why don’t you *join* the tennis team?","テニスチームに*加わり*ませんか","2023/9/9 7:15","2024/6/26 21:54"
2152,2152,"Many swans were flying *over* the lake.","たくさんの白鳥が湖*の上を*飛んでいた。","2023/9/9 7:15","2024/6/26 21:55"
2153,2153,"It snowed all *night* without stopping.","降り止むことなく一*晩*中雪が降った。","2023/9/9 7:15","2024/6/26 21:56"
2154,2154,"I had a good *experience* on the trip.","私はその旅行でよい*経験*をした。","2023/9/9 7:15","2024/6/29 3:10"
2155,2155,"Ken has *been* in London for three days.","ケンは3日間ロンドンに*いる*。","2023/9/9 7:15","2024/6/29 3:10"
2156,2156,"I know him, but I can’t *remember* his name.","彼のことは知っているが、名前*が思い出せ*ない。","2023/9/9 7:15","2024/6/29 3:11"
2157,2157,"Can you *bring* some CDs to the party?","パーティーにCD*を持ってきて*もらえますか。","2023/9/9 7:15","2024/6/29 3:12"
2158,2158,"I *love* Japanese food. It’s delicious and healthy.","私は日本料理*が大好きだ*。美味しくて健康的だからだ。","2023/9/9 7:15","2024/6/29 3:12"
2159,2159,"Is there a bank *near* here?","この*近くに*銀行はありますか。","2023/9/9 7:15","2024/6/29 3:13"
2160,2160,"*America* is much larger than Japan.","*アメリカ*は日本よりはるかに大きい。","2023/9/9 7:15","2024/6/29 3:13"
2161,2161,"I went to the *library* to read some books.","私は本を読むために*図書館*に行った。","2023/9/9 7:15","2024/6/29 4:58"
2162,2162,"*Hi*, Mary, How are you?","*やあ*、メアリー。元気？","2023/9/9 7:15","2024/6/29 4:59"
2163,2163,"I saw her two days *ago*.","私は二日*前に*彼女を見かけた。","2023/9/9 7:15","2024/6/29 4:59"
2164,2164,"There were many people in the *park* today.","今日その*公園*にはたくさんの人がいた。","2023/9/9 7:15","2024/6/29 5:00"
2165,2165,"When I was a *boy*, I liked reading.","*少年*のころ、私は本を読むのが好きだった。","2023/9/9 7:15","2024/6/29 5:00"
2166,2166,"My sister works at a flower *shop*.","姉は花*屋*で働いている。","2023/9/9 7:15","2024/6/29 5:04"
2167,2167,"The last *part* of the movie wasn’t interesting.","その映画の最後の*部分*はおもしろくなかった。","2023/9/9 7:15","2024/6/29 5:04"
2168,2168,"You’re wearing a *nice* shirt today.","今日は*素敵な*シャツを着ていますね。","2023/9/9 7:15","2024/6/29 5:05"
2169,2169,"Does your school have an art *club*?","あなたの学校に美術*部*はありますか。","2023/9/9 7:15","2024/6/29 5:05"
2170,2170,"I have never seen *such* a beautiful sunset.","*こんな*美しい夕焼けは見たことがない。","2023/9/9 7:15","2024/6/29 5:06"
2171,2171,"I was able to catch the first *train* this morning.","私は今朝始発*電車*に乗ることができた。","2023/9/9 7:15","2024/6/29 5:06"
2172,2172,"Our school team has 30 *members*.","私たちのサッカーチームには30人の*メンバー*がいる。","2023/9/9 7:15","2024/6/29 5:07"
2173,2173,"*Everyone* knows a lot about the actor.","*誰でも*その俳優についていろいろ知っている。","2023/9/9 7:15","2024/6/29 5:08"
2174,2174,"I *sometimes* feel lonely.","私は*時々*寂しく感じる。","2023/9/9 7:15","2024/6/29 5:08"
2175,2175,"I stayed at the hotel *during* that week.","その週*の間ずっと*、私はそのホテルに滞在した。","2023/9/9 7:15","2024/6/29 5:09"
2176,2176,"He wants to be a teacher when he *grows* up.","彼は*大人になったら*先生になりたいと思っている。","2023/9/9 7:15","2024/6/29 5:10"
2177,2177,"The teacher told the children an interesting *story*.","先生は子どもたちにおもしろい*話*を聞かせた。","2023/9/9 7:15","2024/6/29 5:11"
2178,2178,"I want to know more about *foreign* cultures.","私は*外国の*文化についてもっと知りたい。","2023/9/9 7:15","2024/6/29 5:11"
2179,2179,"It is hard to climb the *mountain* in this weather.","この天候ではその*山*に登るのは難しい。","2023/9/9 7:15","2024/6/29 5:12"
2180,2180,"The *number* of the students in our class is 30.","私たちのクラスの生徒の*数*は30人だ。","2023/9/9 7:15","2024/6/29 5:12"
2181,2181,"Does this *bus* go to Umeda Station?","この*バス*は梅田駅に行きますか。","2023/9/9 7:15","2024/6/29 5:13"
2182,2182,"We went swimming many times this *summer*.","私たちはこの*夏*、何度も泳ぎに行った。","2023/9/9 7:15","2024/6/29 5:13"
2183,2183,"It’s only three *minutes*’ walk from the station.","駅からは歩いてほんの3*分*だ。","2023/9/9 7:15","2024/6/29 5:14"
2184,2184,"It is *easy* for my father to catch fish in the sea.","父にとって海で魚を捕るのは*簡単*だ。","2023/9/9 7:15","2024/6/29 5:14"
2185,2185,"It’s already 10 o’clock, but she *still* in bed.","もう10次なのに、彼女は*まだ*寝ている。","2023/9/9 7:15","2024/6/29 5:15"
2186,2186,"I always *listen* to the radio before I go to bed.","私は寝る前にいつもラジオを*聞く*。","2023/9/9 7:15","2024/6/29 5:16"
2187,2187,"That song was *popular* some years ago.","その曲は数年前に*人気があっ*た。","2023/9/9 7:15","2024/6/29 5:17"
2188,2188,"It takes my sister an *hour* to get to her office.","姉が会社へ行くのに1*時間*かかる。","2023/9/9 7:15","2024/6/29 5:17"
2189,2189,"Can you hear the *sound* of the piano next door?","あなたはお隣のピアノの*音*が聞こえますか。","2023/9/9 7:15","2024/6/29 5:18"
2190,2190,"A *few* people know about the accident.","*小数の*人がその事故について知っている。","2023/9/9 7:15","2024/6/29 5:18"
2191,2191,"It’s noon. He’ll be here *soon*.","正午だ。彼は*間もなく*ここに来るだろう。","2023/9/9 7:15","2024/6/29 5:19"
2192,2192,"He called his home. *However*, no one answered.","彼は自宅に電話をかけた。*しかし*誰も出なかった。","2023/9/9 7:15","2024/6/29 5:20"
2193,2193,"Last night I *slept* for eight hours.","私は昨夜、8時間*眠った*。","2023/9/9 7:15","2024/6/29 5:21"
2194,2194,"Which *girl* is the captain of your team?","どの*女の子*があなたのチームのキャプテンですか。","2023/9/9 7:15","2024/6/29 5:22"
2195,2195,"Please put your pencil *down*.","鉛筆を*下に*置いてください。","2023/9/9 7:15","2024/6/29 5:22"
2196,2196,"The ship changed its *course* to the south.","その船は南に*コース*を変えた。","2023/9/9 7:15","2024/6/29 5:23"
2197,2197,"I’m *sorry*. I didn’t notice you were here.","*ごめんなさい*。あなたがここにいるとは気づかなかった。","2023/9/9 7:15","2024/6/29 5:23"
2198,2198,"Did you enjoy the school *festival* last weekend?","先週末の学園*祭*は楽しかったですか。","2023/9/9 7:15","2024/6/29 5:24"
2199,2199,"Mari always eats *lunch* alone.","麻里はいつも独りで*昼食*を食べる。","2023/9/9 7:15","2024/6/29 5:25"
2200,2200,"Next year, Hideki enters *high school*.","来年ヒデキは*高校*に入学する。","2023/9/9 7:15","2024/6/29 5:26"
2201,2201,"I’m going to *send* an e-mail to Ann.","私はアンにEメール*を送る*つもりだ。","2023/9/9 7:15","2024/6/29 5:26"
2202,2202,"He was very *surprised* to hear the news.","彼はそのニュースを聞いてとても*驚いた*。","2023/9/9 7:15","2024/6/29 5:27"
2203,2203,"My brother wants his *own* bike.","弟は*自分の*自転車を欲しがっている。","2023/9/9 7:15","2024/6/29 5:27"
2204,2204,"*Those* are the pictures my mother painted.","*あれら*は母が描いた絵だ。","2023/9/9 7:15","2024/6/29 5:28"
2205,2205,"The *scientist* is very famous in my country.","その*科学者*は私の国ではとても有名だ。","2023/9/9 7:15","2024/6/29 5:28"
2206,2206,"I need to go home now. See you *later*.","もう家に帰らなくちゃ。また*あとで*ね。","2023/9/9 7:15","2024/6/29 5:29"
2207,2207,"I know a *person* who likes snakes.","私はヘビが好きな*人*を知っている。","2023/9/9 7:15","2024/6/29 5:30"
2208,2208,"He was listening to *music* on the radio.","彼はラジオで*音楽*を聴いていた。","2023/9/9 7:15","2024/6/30 9:50"
2209,2209,"I have *enough* money to buy a new bag.","私は新しいカバンを買うのに*十分な*お金を持っている。","2023/9/9 7:15","2024/6/30 9:51"
2210,2210,"Hiroshi has two *brothers* and a sister.","ヒロシには2人の*兄弟*と1人の姉がいる。","2023/9/9 7:15","2024/6/30 9:51"
2211,2211,"What do you *usually* do on Saturdays?","土曜日には*たいてい*何をしますか。","2023/9/9 7:15","2024/6/30 9:52"
2212,2212,"Our school is far *away* from the station.","私達の学校は駅から遠く*離れて*いる。","2023/9/9 7:15","2024/6/30 9:53"
2213,2213,"I can’t *believe* he won the game.","私は彼が試合に勝ったこと*を信じ*られない。","2023/9/9 7:15","2024/6/30 9:53"
2214,2214,"When are you going to *finish* your homework?","あなたはいつ宿題*を終わらせる*つもりですか。","2023/9/9 7:15","2024/6/30 9:54"
2215,2215,"Wash your *hands* when you get home.","家に帰ったら*手*を洗いなさい。","2023/9/9 7:15","2024/6/30 9:55"
2216,2216,"Turn the *light* off and go to sleep.","*明かり*を消して寝なさい。","2023/9/9 7:15","2024/6/30 9:55"
2217,2217,"A large river runs *through* our city.","大きな川が私たちの町*を通って*流れている。","2023/9/9 7:15","2024/6/30 9:56"
2218,2218,"*While* I was in Kyoto, I visited many temples.","京都にいる*間に*、私はたくさんのお寺を訪ねた。","2023/9/9 7:15","2024/6/30 9:56"
2219,2219,"I can’t read that sign *without* glasses.","私はメガネ*なしでは*あの標識が読めない。","2023/9/9 7:15","2024/6/30 9:57"
2220,2220,"There are *five* people in my family.","私の家は*5*人家族だ。","2023/9/9 7:15","2024/6/30 9:58"
2221,2221,"I had a very strange *dream* last night.","昨夜とても奇妙な*夢*を見た。","2023/9/9 7:15","2024/6/30 9:58"
2222,2222,"The old man *smiled* at me.","その老人は私に*微笑み*かけた。","2023/9/9 7:15","2024/6/30 9:59"
2223,2223,"My favorite *sport* is basketball.","私が大好きな*スポーツ*はバスケットボールだ。","2023/9/9 7:15","2024/6/30 10:00"
2224,2224,"My father has used the same *car* for ten years.","父は十年間同じ*車*を使っている。","2023/9/9 7:15","2024/6/30 10:01"
2225,2225,"The moon goes around the *earth* in about 27 days.","月はおよそ27日で*地球*の周りを回る。","2023/9/9 7:15","2024/6/30 10:02"
2226,2226,"Can you go to a *movie* with me this Saturday?","今度の土曜日、私と*映画*に行きませんか。","2023/9/9 7:15","2024/6/30 10:02"
2227,2227,"When I get to Hawaii, I’ll write you a *letter*.","ハワイに着いたら、あなたに手紙を書きます。","2023/9/9 7:15","2024/6/30 10:03"
2228,2228,"Which of the *four* seasons do you like the best?","*四*季のうちではどれが一番好きですか。","2023/9/9 7:15","2024/6/30 10:04"
2229,2229,"There are big *trees* around our school.","私たちの学校の周りには大きな*木々*がある。","2023/9/9 7:15","2024/6/30 10:04"
2230,2230,"A big accident *happened* at the corner.","その角で大きな事故が*起きた*。","2023/9/9 7:15","2024/6/30 10:05"
2231,2231,"Is there *anything* in the box?","その箱の中に*何か*入っていますか。","2023/9/9 7:15","2024/6/30 10:06"
2232,2232,"You’re all walking too fast! *Wait* for me!","みんな歩くのが速すぎるよ！*待ってよ*！","2023/9/9 7:15","2024/6/30 10:07"
2233,2233,"My *parents* often took me to the zoo.","*両親*はよく私を動物園に連れて行った。","2023/9/9 7:15","2024/6/30 10:07"
2234,2234,"The *second* month of the year is February.","一年の*2番目の*月は2月だ。","2023/9/9 7:15","2024/6/30 10:08"
2235,2235,"Shall I *open* the window?","窓*を開け*ましょうか。","2023/9/9 7:15","2024/6/30 10:08"
2236,2236,"Jun is a good soccer *player*.","ジュンはすぐれたサッカー*選手*だ。","2023/9/9 7:15","2024/6/30 10:09"
2237,2237,"Our team will be *able* to win tomorrow.","僕たちのチームは明日勝つことが*できる*だろう。","2023/9/9 7:15","2024/6/30 10:09"
2238,2238,"The dog was holding something in *its* mouth.","その犬は*その*口に何かくわえていた。","2023/9/9 7:15","2024/6/30 10:10"
2239,2239,"*Hello*, Ms. Mori. It’s nice to see you again.","*こんにちは*、モリさん。またお会いできてうれしいです。","2023/9/9 7:15","2024/6/30 10:11"
2240,2240,"I saw many old pictures at the art *museum*.","私は*美術館*で古い絵をたくさん見た。","2023/9/9 7:15","2024/6/30 10:12"
2241,2241,"I’ll take *care* of this puppy.","私がこの子犬の*世話*をします。","2023/9/9 7:15","2024/6/30 10:12"
2242,2242,"What *language* is spoken in Brazil?","ブラジルでは何*語*が話されていますか。","2023/9/9 7:15","2024/6/30 10:13"
2243,2243,"I want to eat her *special* chocolate cake again.","彼女の*特製*チョコレートケーキをまた食べたい。","2023/9/9 7:15","2024/6/30 10:14"
2244,2244,"Winter in *Australia* is summer in Japan.","*オーストラリア*の冬は日本では夏だ。","2023/9/9 7:15","2024/6/30 10:14"
2245,2245,"I got a lot of *information* about the new computer.","私はその新しいコンピュータについてたくさんの*情報*を見た。","2023/9/9 7:15","2024/6/30 10:15"
2246,2246,"A *group* of children was dancing in the park.","子どもたちの*集団*が講演でダンスをしていた。","2023/9/9 7:15","2024/6/30 10:15"
2247,2247,"You *must* take care of your little sister.","あなたは妹の世話をし*なければならない*。","2023/9/9 7:15","2024/6/30 10:16"
2248,2248,"Shizuoka is *famous* for its tea.","静岡はお茶で*有名*だ。","2023/9/9 7:15","2024/6/30 10:17"
2249,2249,"Would you like some *tea* or coffee?","*お茶*かコーヒーはいかがですか。","2023/9/9 7:15","2024/6/30 10:17"
2250,2250,"Rie’s *sister*, Yuki, is nine years old.","リエの*妹*のユキは9歳だ。","2023/9/9 7:15","2024/6/30 10:18"
2251,2251,"Brazil is a *large* country in South America.","ブラジルは南アメリカにある*大きい*国だ。","2023/9/9 7:15","2024/6/30 10:19"
2252,2252,"Which do you like better, *soccer* or baseball?","*サッカー*と野球のどちらが好きですか。","2023/9/9 7:15","2024/6/30 10:19"
2253,2253,"This box is made of *paper*.","この箱は*紙*でできている。","2023/9/9 7:15","2024/6/30 10:19"
2254,2254,"We studied Chinese *culture* in class today.","私たちは今日、授業で中国*文化*を勉強した。","2023/9/9 7:15","2024/6/30 10:20"
2255,2255,"Too much sugar is *bad* for your health.","砂糖の摂り過ぎは健康に*悪い*。","2023/9/9 7:15","2024/6/30 10:21"
2256,2256,"She is *holding* a cat in her arms.","彼女は腕に猫*をだいている*。","2023/9/9 7:15","2024/7/2 3:53"
2257,2257,"Let’s have dinner at that famous *restaurant*.","あの有名な*レストラン*で夕食を食べよう。","2023/9/9 7:15","2024/7/2 3:53"
2258,2258,"We have an English test *tomorrow*.","私たちは*明日*、英語の試験がある。","2023/9/9 7:15","2024/7/2 3:54"
2259,2259,"The woman *lost* her son in the war.","その女性は戦争で息子*を失った*。","2023/9/9 7:15","2024/7/2 3:54"
2260,2260,"Every *Sunday*, I play volleyball with my sister.","毎週*日曜日*、私は姉とバレーボールをする。","2023/9/9 7:15","2024/7/2 6:34"
2261,2261,"*Both* of my parents are from Hokkaido.","私の親は*両方とも*北海道の出身だ。","2023/9/9 7:15","2024/7/2 6:34"
2262,2262,"I always have two dictionaries in my *bag*.","私はいつも*カバン*の中に2冊の辞書を入れている。","2023/9/9 7:15","2024/7/2 6:35"
2263,2263,"Tomorrow is Aya’s fifteenth *birthday*.","明日はアヤの15歳の*誕生日*だ。","2023/9/9 7:15","2024/7/2 6:36"
2264,2264,"Thank you for the *wonderful* present!","*素晴らしい*プレゼントをありがとう。","2023/9/9 7:15","2024/7/2 6:36"
2265,2265,"This oil is made from *plants*.","この油は*植物*から作られている。","2023/9/9 7:15","2024/7/2 6:37"
2266,2266,"There are many beautiful *flowers* in the garden.","庭には美しい*花*がたくさんある。","2023/9/9 7:15","2024/7/2 6:37"
2267,2267,"You can leave your bicycle in *front* of my house.","私の家の*前*に自転車を置いていって良いですよ。","2023/9/9 7:15","2024/7/2 6:38"
2268,2268,"Let’s take a *trip* to Canada this summer.","今年の夏はカナダへ*旅行*しましょう。","2023/9/9 7:15","2024/7/2 6:39"
2269,2269,"I went to school by bicycle *yesterday*.","私は*昨日*、自転車で学校に行きました。","2023/9/9 7:15","2024/7/2 6:39"
2270,2270,"*Someone* is knocking on the door.","*誰か*がドアをたたいている。","2023/9/9 7:15","2024/7/2 6:40"
2271,2271,"Will you *choose* an interesting book for me?","私に1冊おもしろい本*を選んで*くれますか。","2023/9/9 7:15","2024/7/2 6:40"
2272,2272,"There wasn’t enough *space* to park a car.","車1台を止めるのに十分な*空間*がなかった。","2023/9/9 7:15","2024/7/2 6:41"
2273,2273,"What *song* do you want to sing?","あなたはどんな*歌*をうたいたいですか。","2023/9/9 7:15","2024/7/2 6:41"
2274,2274,"I worked as a *volunteer* at a hospital this summer.","この夏、私は病院で*ボランティア*として働いた。","2023/9/9 7:15","2024/7/2 6:42"
2275,2275,"The boy wan’t able to *turn* the bottle cap.","その男の子はビンのふた*を回す*ことができなかった。","2023/9/9 7:15","2024/7/2 6:43"
2276,2276,"She studied Japanese *history* at college.","彼女は大学で日本*史*を研究した。","2023/9/9 7:15","2024/7/2 6:43"
2277,2277,"The summer festival is a big *event* in our town.","夏祭りは私たちの町の大きな*行事*だ。","2023/9/9 7:15","2024/7/2 6:44"
2278,2278,"Do you like to *travel* by plane?","飛行機で*旅行する*のは好きですか。","2023/9/9 7:15","2024/7/2 6:44"
2279,2279,"There are many kinds of *birds* in the forest.","その森には多くの種類の*鳥*がいる。","2023/9/9 7:15","2024/7/2 6:45"
2280,2280,"Don’t *worry* about me.","私のことは*心配し*ないで。","2023/9/9 7:15","2024/7/2 6:45"
2281,2281,"This is my *favorite* shirt.","これは私の*お気に入りの*シャツだ。","2023/9/9 7:15","2024/7/2 6:46"
2282,2282,"Our city is between two large *rivers*.","私たちの市は2つの大きな*川*に挟まれている。","2023/9/9 7:15","2024/7/2 6:46"
2283,2283,"Let’s ride our *bikes* around the lake.","湖の周りを*自転車*に乗って走ろう。","2023/9/9 7:15","2024/7/2 6:47"
2284,2284,"I can’t get up *early* in the morning.","私は朝*早く*起きられない。","2023/9/9 7:15","2024/7/2 6:47"
2285,2285,"This *robot* can clean the floor.","この*ロボット*は床をきれいにすることが出来ます。","2023/9/9 7:15","2024/7/2 6:48"
2286,2286,"I am busy with club *activities*.","私はクラブ*活動*で忙しい。","2023/9/9 7:15","2024/7/2 6:48"
2287,2287,"Let’s *sit* on that bench and eat lunch.","あのベンチに*座って*昼食を食べましょう。","2023/9/9 7:15","2024/7/2 6:49"
2288,2288,"Do you *drink* milk every day?","あなたは毎日牛乳*を飲みます*か。","2023/9/9 7:15","2024/7/2 6:49"
2289,2289,"Let’s go shopping this *afternoon*.","今日の*午後*、買い物に行きましょう。","2023/9/9 7:15","2024/7/2 6:50"
2290,2290,"Sue is a *fast* runner.","スーは走るのが*速い*。","2023/9/9 7:15","2024/7/2 6:50"
2291,2291,"Are you ready for the *science* test?","あなたは*理科*のテストの準備ができていますか。","2023/9/9 7:15","2024/7/2 6:51"
2292,2292,"My *grandfather* will be seventy next year.","*祖父*は来年70才になる。","2023/9/9 7:15","2024/7/2 6:52"
2293,2293,"Lisa made a *speech* in English.","リサは英語で*スピーチ*した。","2023/9/9 7:15","2024/7/2 6:52"
2294,2294,"Tom likes to *sing* Japanese popular songs.","トムは日本の流行歌*を歌う*のが好きだ。","2023/9/9 7:15","2024/7/2 6:53"
2295,2295,"The *doctor* told me to take this medicine.","*医者*は私にこの薬を飲むようにと言った。","2023/9/9 7:15","2024/7/2 6:54"
2296,2296,"The Sato family has lived here *since* April.","佐藤さん一家は4月*から*ここに住んでいる。","2023/9/9 7:15","2024/7/2 6:54"
2297,2297,"Our baseball team is *strong* this year.","私たちの野球チームは今年は*強い*。","2023/9/9 7:15","2024/7/2 6:55"
2298,2298,"My mother’s hometown is near the *sea*.","母の生まれ故郷は*海*の近くにある。","2023/9/9 7:15","2024/7/2 6:55"
2299,2299,"Ryo sat down *between* Nao and me.","リョウはナオと私*の間に*座った。","2023/9/9 7:15","2024/7/2 6:56"
2300,2300,"The information on the Internet was very *useful*.","インターネットの情報はとても*役に立っ*た。","2023/9/9 7:15","2024/7/2 6:57"
2301,2301,"I *cannot* play the guitar very well.","私はギターをあまり上手に弾く*ことができない*。","2023/9/9 7:15","2024/7/5 7:05"
2302,2302,"This song always makes me *sad*.","この歌を聴くと私はいつも*悲しく*なる。","2023/9/9 7:15","2024/7/5 7:06"
2303,2303,"Her mother works at a car *company*.","彼女の母親は自動車*会社*で働いている。","2023/9/9 7:15","2024/7/5 7:07"
2304,2304,"I saw a very good movie last *Saturday*.","この前の*土曜日*にとてもよい映画を観た。","2023/9/9 7:15","2024/7/5 7:08"
2305,2305,"That novel is based on a *true* story.","その小説は*実*話に基づいている。","2023/9/9 7:15","2024/7/5 7:09"
2306,2306,"She went to the *hospital* to see her friend.","彼女は友人を見舞いに*病院*へ行った。","2023/9/9 7:15","2024/7/5 7:10"
2307,2307,"At that *point*, we agreed with him.","その*時点*においては、私たちは彼に同意した。","2023/9/9 7:15","2024/7/5 7:11"
2308,2308,"Let’s have a *party* on the last day of school.","学校の最後の日に*パーティー*をしよう。","2023/9/9 7:15","2024/7/5 7:11"
2309,2309,"Let’s *cook* this fish for today’s dinner.","この魚*を*今日の夕食に*料理し*ましょう。","2023/9/9 7:15","2024/7/5 7:13"
2310,2310,"Arms and legs are parts of the *human* body.","腕や脚は*人間の*身体の部分だ。","2023/9/9 7:15","2024/7/5 7:13"
2311,2311,"All the classmates *agreed* on that point.","その点についてはクラスメイト全員が*同意した*。","2023/9/9 7:15","2024/7/5 7:14"
2312,2312,"We will have chicken curry for *dinner*.","*夕食*にはチキンカレーを食べます。","2023/9/9 7:15","2024/7/5 7:14"
2313,2313,"My father gave me a *computer* for my birthday.","私の誕生日に父が*コンピュータ*をくれた。","2023/9/9 7:15","2024/7/5 7:15"
2314,2314,"It is very *cold* in this room.","この部屋はとても*寒い*。","2023/9/9 7:15","2024/7/5 7:15"
2315,2315,"Put the plates on the *table*, Eri.","お皿を*テーブル*に置いて、エリ。","2023/9/9 7:15","2024/7/5 7:16"
2316,2316,"Close your *eyes* and imagine a beautiful beach.","*目*を閉じてきれいな浜辺を思い浮かべてください。","2023/9/9 7:15","2024/7/5 7:17"
2317,2317,"Try hard, and you’ll *win* the game.","頑張れば試合*に勝て*るよ。","2023/9/9 7:15","2024/7/5 7:19"
2318,2318,"The school newspaper club has only *ten* members.","その学校の新聞部には部員が*10*人しかいない。","2023/9/9 7:15","2024/7/5 7:20"
2319,2319,"Tony wears a T-shirt *almost* every day.","トニーは*ほとんど*毎日Tシャツを着ている。","2023/9/9 7:15","2024/7/5 7:20"
2320,2320,"We watched a soccer game on *TV* last night.","私たちは昨夜*テレビ*でサッカーの試合を見た。","2023/9/9 7:15","2024/7/5 7:21"
2321,2321,"I want to *build* a big house.","私は大きな家*を建て*たい。","2023/9/9 7:15","2024/7/5 7:21"
2322,2322,"Some birds *fly* south for the winter.","冬に備え南へ*飛ぶ*鳥たちがいる。","2023/9/9 7:15","2024/7/5 7:22"
2323,2323,"We are going to play *tennis* this Saturday.","私たちは今度の土曜日に*テニス*をするつもりだ。","2023/9/9 7:15","2024/7/5 7:23"
2324,2324,"You should *wear* a hat in the strong sunlight.","強い日差しの中では帽子*をかぶる*べきだ。","2023/9/9 7:15","2024/7/5 7:24"
2325,2325,"That *building* is over 80 years old.","その*建物*は築80年を超えている。","2023/9/9 7:15","2024/7/5 7:24"
2326,2326,"They *sell* sandwiches and drinks at the store.","その店ではサンドイッチと飲み物*を売っている*。","2023/9/9 7:15","2024/7/5 7:25"
2327,2327,"My house is about a mile *off* from the station.","私の家は駅からおよそ1マイル*離れて*いる。","2023/9/9 7:15","2024/7/5 7:26"
2328,2328,"I often watch *American* movies.","私はよく*アメリカの*映画を観る。","2023/9/9 7:15","2024/7/5 7:26"
2329,2329,"She joined the art club in *junior high school*.","彼女は*中学校*で美術部に入った。","2023/9/9 7:15","2024/7/5 7:27"
2330,2330,"I did my *homework* right after I came home.","私は家に帰ってすぐに*宿題*をした。","2023/9/9 7:15","2024/7/5 7:28"
2331,2331,"How *blue* the sky is today!","今日は空がなんて*青い*のでしょう！","2023/9/9 7:15","2024/7/5 7:28"
2332,2332,"All of us put our *energy* into the school festival.","私たち全員が学園祭に*力*を注いだ。","2023/9/9 7:15","2024/7/5 7:29"
2333,2333,"The TV *program* had many funny jokes.","そのテレビ*番組*は笑えるジョークが多かった。","2023/9/9 7:15","2024/7/6 1:34"
2334,2334,"I wrote a New Year’s card to my *grandmother*.","私は*祖母*に年賀状を書いた。","2023/9/9 7:15","2024/7/6 1:34"
2335,2335,"I’m *glad* to be here with you.","あなたと一緒にここにいられて*うれしい*です。","2023/9/9 7:15","2024/7/6 1:35"
2336,2336,"I have a *plan* to go abroad next year.","私には来年海外に行く*計画*がある。","2023/9/9 7:15","2024/7/6 1:35"
2337,2337,"Eri and Rie were *classmates* last year.","エリとリエは去年*クラスメイト*だった。","2023/9/9 7:15","2024/7/6 1:36"
2338,2338,"Have you *spent* all the money I gave you?","私があげたお金*を*全部*使って*しまったのですか。","2023/9/9 7:15","2024/7/6 1:37"
2339,2339,"The boy has a strong *body* and mind.","その少年は強い*体*と心を持っている。","2023/9/9 7:15","2024/7/6 1:37"
2340,2340,"What *color* is your car?","あなたの車は何*色*ですか。","2023/9/9 7:15","2024/7/6 1:38"
2341,2341,"Do you play games on the *Internet*?","あなたは*インターネット*でゲームをしますか。","2023/9/9 7:15","2024/7/6 1:38"
2342,2342,"Did your sister *break* the clock?","あなたの妹がその時計*を壊した*のですか。","2023/9/9 7:15","2024/7/6 1:39"
2343,2343,"We were on winter vacation *until* yesterday.","私たちは昨日*まで*冬休みだった。","2023/9/9 7:15","2024/7/6 1:39"
2344,2344,"Many *fish* were swimming in the river.","その川ではたくさんの*魚*が泳いでいた。","2023/9/9 7:15","2024/7/6 1:40"
2345,2345,"Can I take a *message*?","*伝言*をお受けしましょうか。","2023/9/9 7:15","2024/7/6 1:40"
2346,2346,"*Mom*, can we have spaghetti for dinner tonight?","*ママ*、今晩の夕飯はスパゲッティにしてくれる？","2023/9/9 7:15","2024/7/6 1:41"
2347,2347,"Will you tell me your *reason* for coming late?","遅く来た*理由*を教えてくれますか。","2023/9/9 7:15","2024/7/6 1:42"
2348,2348,"We had a lot of *fun* on the school trip.","私たちは修学旅行でとても*楽し*かった。","2023/9/9 7:15","2024/7/6 1:42"
2349,2349,"Can you *carry* one of the boxes for me?","箱の1つ*を運んで*くれませんか。","2023/9/9 7:15","2024/7/6 1:43"
2350,2350,"Have you *ever* been to Korea?","*今までに*韓国へいったことがありますか。","2023/9/9 7:15","2024/7/6 1:44"
2351,2351,"She got a *chance* to act in a musical.","彼女はミュージカルで演じる*機会*を得た。","2023/9/9 7:15","2024/7/6 1:44"
2352,2352,"The grass in the park is *green* all year round.","公園の芝生は一年中*緑色*だ。","2023/9/9 7:15","2024/7/6 1:45"
2353,2353,"We learned about *traditional* Japanese music.","私たちは*伝統的な*日本の音楽について学んだ。","2023/9/9 7:15","2024/7/6 1:46"
2354,2354,"My sister got *sick* during the trip.","妹は旅行中に*病気*になった。","2023/9/9 7:15","2024/7/6 1:46"
2355,2355,"What’s in the *box* in the corner of the room?","部屋の隅にある*箱*の中には何がありますか。","2023/9/9 7:15","2024/7/6 1:47"
2356,2356,"There is only one *store* in the village.","その村には*店*が1件しかない。","2023/9/9 7:15","2024/7/6 1:47"
2357,2357,"Do you have any plans for the summer *vacation*?","夏*休み*に何か計画はありますか。","2023/9/9 7:15","2024/7/6 1:48"
2358,2358,"I didn’t notice her *feelings* for Tom.","私はトムに対する彼女の*気持ち*に気づかなかった。","2023/9/9 7:15","2024/7/7 9:01"
2359,2359,"That coat looks very *warm*.","あのコートはと手も*暖か*そうだ。","2023/9/9 7:15","2024/7/7 9:02"
2360,2360,"Most tennis players wear *white* clothes.","たいていのテニス選手たちは*白い*服を着る。","2023/9/9 7:15","2024/7/7 9:02"
2361,2361,"*Close* the door and lock it when you leave.","出掛けるときはドア*を閉め*て鍵をかけてください。","2023/9/9 7:15","2024/7/7 9:03"
2362,2362,"It started to *rain* during the game.","試合の途中で*雨が降り*はじめた。","2023/9/9 7:15","2024/7/7 9:03"
2363,2363,"This *street* is always busy with cars and trucks.","この*通り*は車やトラックでいつも混んでいる。","2023/9/9 7:15","2024/7/7 9:04"
2364,2364,"Reiko, *draw* a picture of a tree on the board.","レイコ、黒板に木の絵*を描きなさい*。","2023/9/9 7:15","2024/7/7 9:05"
2365,2365,"Put the clothes in the washing *machine*.","洗濯*機*に服を入れなさい。","2023/9/9 7:15","2024/7/7 9:06"
2366,2366,"I paid 5,000 *yen* for this watch.","私はこの腕時計に5,000*円*支払った。","2023/9/9 7:15","2024/7/7 9:06"
2367,2367,"Don’t tell me the *end* of the story.","その話の*結末*はいわないで。","2023/9/9 7:15","2024/7/7 9:07"
2368,2368,"Let’s watch this DVD if you are *free* tomorrow.","もし明日*暇*なら、このDVDを見よう。","2023/9/9 7:15","2024/7/7 9:08"
2369,2369,"Mrs. Baba has had another *baby*.","ババさんにもう1人*赤ちゃん*が生まれた。","2023/9/9 7:15","2024/7/7 9:08"
2370,2370,"I read the story in today’s *newspaper*.","私は今日の*新聞*でその話を読んだ。","2023/9/9 7:15","2024/7/7 9:09"
2371,2371,"We sat down *under* a big tree.","私たちは大きな木*の下に*座った。","2023/9/9 7:15","2024/7/7 9:09"
2372,2372,"The man opened the *door* for me.","その男の人は私のために*ドア*を開けてくれた。","2023/9/9 7:15","2024/7/7 9:10"
2373,2373,"Don’t *forget* to lock the door.","ドアに鍵をかけるの*を忘れ*ないで。","2023/9/9 7:15","2024/7/7 9:10"
2374,2374,"Thank you very much for your nice *present*.","素敵な*贈り物*をどうもありがとう。","2023/9/9 7:15","2024/7/7 9:11"
2375,2375,"My grandfather knows *everything* about jazz.","祖父はジャズについて*何でも*知っている。","2023/9/9 7:15","2024/7/7 9:12"
2376,2376,"Maya had a big smile on her *face*.","真野は*顔*ににっこりと笑みを浮かべた。","2023/9/9 7:15","2024/7/7 9:12"
2377,2377,"The leaves of this tree *fall* around November.","この木の葉は11月頃に*落ちる*。","2023/9/9 7:15","2024/7/7 9:13"
2378,2378,"A black *cat* is sleeping on the beach.","ベンチで黒い*ネコ*が眠っている。","2023/9/9 7:15","2024/7/7 9:13"
2379,2379,"Aki has *already* read that book.","アキは*既に*その本を読んだ。","2023/9/9 7:15","2024/7/7 9:14"
2380,2380,"The rain has *finally* stopped.","*ついに*雨が止んだ。","2023/9/9 7:15","2024/7/10 2:38"
2381,2381,"Did you *actually* see the famous actor?","あなたは*実際に*その有名な俳優を見たのですか。","2023/9/9 7:15","2024/7/10 2:38"
2382,2382,"Who is the boy *standing* there?","そこに*立っている*少年は誰ですか。","2023/9/9 7:15","2024/7/10 2:39"
2383,2383,"Mr. Tanaka is from a small *village* in Kyushu.","田中さんは九州の小さな*村*の出身だ。","2023/9/9 7:15","2024/7/10 2:39"
2384,2384,"The *graph* shows the number of tourists.","その*グラフ*は観光客の数を示している。","2023/9/9 7:15","2024/7/10 2:40"
2385,2385,"The doctor and the nurse *saved* her life.","その医師と看護師が彼女の命*を救った*。","2023/9/9 7:15","2024/7/10 2:41"
2386,2386,"I often do *shopping* online.","私はよくオンラインで*買い物*をする。","2023/9/9 7:15","2024/7/10 2:41"
2387,2387,"Misaki’s favorite sweater is *red*.","ミサキのお気に入りのセーターは*赤い*。","2023/9/9 7:15","2024/7/10 2:42"
2388,2388,"Do you like to ski in *winter*?","*冬*にスキーをするのが好きですか。","2023/9/9 7:15","2024/7/10 2:42"
2389,2389,"Please tell me your *phone* number.","あなたの*電話*番号を教えてください。","2023/9/9 7:15","2024/7/10 2:43"
2390,2390,"People in the stadium were very *excited*.","スタジアムにいた人々はとても*興奮して*いた。","2023/9/9 7:15","2024/7/10 2:44"
2391,2391,"My family *once* lived in Canada.","私の家族は*かつて*カナダに住んでいた。","2023/9/9 7:15","2024/7/10 2:44"
2392,2392,"This ca is big enough for *six* people.","この車は*6*人乗るのに十分大きい。","2023/9/9 7:15","2024/7/10 2:45"
2393,2393,"The school *system* will be changed next year.","学校*制度*は来年変更される予定だ。","2023/9/9 7:15","2024/7/10 2:45"
2394,2394,"The girl started to *cry*.","女の子は*泣き*出した。","2023/9/9 7:15","2024/7/10 2:46"
2395,2395,"You can open this bottle *easily*.","このビンは*簡単に*開けられる。","2023/9/9 7:15","2024/7/10 2:47"
2396,2396,"I heard the *news* on the radio this morning.","私は今朝ラジオでその*ニュース*を聞いた。","2023/9/9 7:15","2024/7/10 2:47"
2397,2397,"She was *afraid* of the big dog.","彼女はその大きな犬を*怖がっ*た。","2023/9/9 7:15","2024/7/10 2:48"
2398,2398,"He was so *tired* that he went to bed early.","彼はと手も*疲れて*いたので、早く寝た。","2023/9/9 7:15","2024/7/10 2:48"
2399,2399,"Many kinds of wild animals live in this *forest*.","この*森*には多くの種類の野生動物が生息している。","2023/9/9 7:15","2024/7/10 2:49"
2400,2400,"My brother is good at *math*.","兄は*数学*が得意だ。","2023/9/9 7:15","2024/7/10 2:50"
2401,2401,"Our town has beautiful *nature* all around.","私たちの町は周りじゅうに美しい*自然*がある。","2023/9/9 7:15","2024/7/10 3:10"
2402,2402,"We can *catch* fish with our hands in that river.","その川で私たちは手で魚*を捕まえる*ことができる。","2023/9/9 7:15","2024/7/10 3:11"
2403,2403,"Let’s play *baseball* in the park this afternoon.","今日の午後は公園で*野球*をしよう。","2023/9/9 7:15","2024/7/10 3:11"
2404,2404,"The students will *swim* in the pool tomorrow.","生徒たちは明日プールで*泳ぐ*。","2023/9/9 7:15","2024/7/10 3:12"
2405,2405,"I’m too *busy* to have lunch with you today.","今日はあまりに*忙しい*のであなたと昼食を取れない。","2023/9/9 7:15","2024/7/10 3:12"
2406,2406,"Wear warm *clothes* when you play outside.","外で遊ぶときには、暖かい*服*を着なさい。","2023/9/9 7:15","2024/7/10 3:13"
2407,2407,"The *sun* is shining in the sky.","空には*太陽*が輝いている。","2023/9/9 7:15","2024/7/10 3:14"
2408,2408,"The guide *explained* the meaning to us.","ガイドは私たちにその意味*を説明した*。","2023/9/9 7:15","2024/7/10 3:14"
2409,2409,"The country has great *power* in the world.","その国は世界で絶大な*力*を持っている。","2023/9/9 7:15","2024/7/10 3:15"
2410,2410,"Every student must keep the school *rules*.","すべての生徒は校*則*を守らなくてはならない。","2023/9/9 7:15","2024/7/10 3:16"
2411,2411,"We need to learn more about the *environment*.","私たちは*環境*についてもっと学ぶ必要がある。","2023/9/9 7:15","2024/7/10 3:16"
2412,2412,"*Canada* is very cold in winter.","*カナダ*は冬はとても寒い。","2023/9/9 7:15","2024/7/10 3:17"
2413,2413,"I have *nothing* to do today.","私は今日はすることが*何もない*。","2023/9/9 7:15","2024/7/10 3:17"
2414,2414,"The night sky is full of *stars*.","夜空には*星*がいっぱいだ。","2023/9/9 7:15","2024/7/11 2:33"
2415,2415,"*Welcome* to Japan!","日本に*ようこそ*。","2023/9/9 7:15","2024/7/11 2:34"
2416,2416,"I want to *continue* this work after lunch.","私は昼食後にこの仕事*を続け*たい。","2023/9/9 7:15","2024/7/11 2:34"
2417,2417,"My train was *late* because of snow.","私の列車は雪で*遅れ*た。","2023/9/9 7:15","2024/7/11 2:35"
2418,2418,"The *farmers* worked outside all day long.","その*農家の人たち*は一日中外で働いた。","2023/9/9 7:15","2024/7/11 2:36"
2419,2419,"The student answered that question *quickly*.","その生徒はその質問に*素早く*答えた。","2023/9/9 7:15","2024/7/11 2:36"
2420,2420,"There are *thirty* days in June.","6月は*30*日ある。","2023/9/9 7:15","2024/7/11 2:37"
2421,2421,"How much did you *pay* for the bicycle.","その自転車にいくら*払い*ましたか。","2023/9/9 7:15","2024/7/11 2:37"
2422,2422,"Are you free this *weekend*?","あなたは今度の*週末*は暇ですか。","2023/9/9 7:15","2024/7/11 2:38"
2423,2423,"We enjoyed the fresh *air* in the forest.","私たちは森で新鮮な*空気*を満喫した。","2023/9/9 7:15","2024/7/11 2:39"
2424,2424,"August usually has many *hot* days.","八月は普通は*暑い*日が多い。","2023/9/9 7:15","2024/7/11 2:39"
2425,2425,"He read a book on his *bed*.","彼は*ベッド*の上で本を読んだ。","2023/9/9 7:15","2024/7/11 2:40"
2426,2426,"They *danced* to music on the stage.","彼らはステージで音楽に合わせて*踊った*。","2023/9/9 7:15","2024/7/11 2:41"
2427,2427,"These farms *produce* good milk.","これらの農場は美味しい牛乳*を生産する*。","2023/9/9 7:15","2024/7/11 2:44"
2428,2428,"This *area* has many big houses.","この*地域*には大きな家が多い。","2023/9/9 7:15","2024/7/11 2:45"
2429,2429,"The girl with *short* hair over there is Kate.","あそこにいる*短い*髪の女の子はケイトだ。","2023/9/9 7:15","2024/7/11 2:46"
2430,2430,"My sister wants to work at an *art* museum.","姉は*美術*館で働きたいと思っている。","2023/9/9 7:15","2024/7/11 2:46"
2431,2431,"We have to *arrive* at the station by ten o’clock.","私たちは10時までに駅に*到着し*なければならない。","2023/9/9 7:15","2024/7/11 2:47"
2432,2432,"My parents went to the same *university*.","私の両親は同じ*大学*に通った。","2023/9/9 7:15","2024/7/11 2:48"
2433,2433,"*Wow*! You got a great mark on your test!","*わあ*！あなたはテストですごく良い点を取ったんだね。","2023/9/9 7:15","2024/7/11 2:49"
2434,2434,"She got angry when she knew the *fact*.","彼女はその*事実*を知って怒った。","2023/9/9 7:15","2024/7/11 2:49"
2435,2435,"The teacher got *angry* because I came late.","私が遅刻したので、先生は*怒った*。","2023/9/9 7:15","2024/7/11 2:50"
2436,2436,"New York is a city in the *United States*.","ニューヨークは*アメリカ合衆国*の都市だ。","2023/9/9 7:15","2024/7/11 2:51"
2437,2437,"My father’s car is *black*.","私の父の車は*黒い*。","2023/9/9 7:15","2024/7/11 2:51"
2438,2438,"I’ll keep your words in *mind*.","私はあなたの言葉を*心*に留めておきます。","2023/9/9 7:15","2024/7/11 2:52"
2439,2439,"Can you throw a *ball* well?","あなたは*ボール*を上手に投げることができますか。","2023/9/9 7:15","2024/7/11 2:52"
2440,2440,"*Basketball* is very popular in my class.","*バスケットボール*は私のクラスではとても人気がある。","2023/9/9 7:15","2024/7/11 2:53"
2441,2441,"My mother goes to her *office* by train.","母は電車で*会社*に行く。","2023/9/9 7:15","2024/7/11 2:53"
2442,2442,"*Mrs.* Yamaguchi has five grandchildren.","山口*さん*には五人の孫がいる。","2023/9/9 7:15","2024/7/11 2:54"
2443,2443,"Nao won first prize in the speech *contest*.","ナオはスピーチ*コンテスト*で優勝した。","2023/9/9 7:15","2024/7/11 2:55"
2444,2444,"Send me an *e-mail* with your picture.","あなたの写真を付けて*Eメール*を送ってください。","2023/9/9 7:15","2024/7/11 2:55"
2445,2445,"My grandmother grows *vegetables* in the garden.","祖母は菜園で*野菜*を育てている。","2023/9/9 7:15","2024/7/11 2:56"
2446,2446,"The news program starts at 7:00 *p.m.*","そのニュースは*午後*7時に始まる。","2023/9/9 7:15","2024/7/11 2:56"
2447,2447,"My grandfather *died* two years ago.","祖父は2年前に*亡くなった*。","2023/9/9 7:15","2024/7/11 2:57"
2448,2448,"The airport is *far* from the center of the city.","その空港は市の中心部から*遠い*。","2023/9/9 7:15","2024/7/12 5:26"
2449,2449,"My mother made me a birthday *cake*.","母は私に誕生日*ケーキ*を作ってくれた。","2023/9/9 7:15","2024/7/12 5:27"
2450,2450,"Could you *pass* me the butter?","バター*を手渡して*いただけますか","2023/9/9 7:15","2024/7/12 5:27"
2451,2451,"You cannot drink if you are under the age of *twenty*.","もし*20*才未満ならお酒を飲むことはできない。","2023/9/9 7:15","2024/7/12 5:28"
2452,2452,"I *share* the room with my sister.","私は妹と部屋*を共有している*。","2023/9/9 7:15","2024/7/12 5:29"
2453,2453,"Do you think Japan is a *rich* country?","あなたは日本を*裕福な*国だと思いますか。","2023/9/9 7:15","2024/7/12 5:30"
2454,2454,"Ryo was *alone* in the house yesterday.","リョウは昨日、家に*一人きり*だった。","2023/9/9 7:15","2024/7/12 5:30"
2455,2455,"Can you see the traffic *sign* over there?","あそこの交通*標識*が見えますか。","2023/9/9 7:15","2024/7/12 5:31"
2456,2456,"The *third* grade students go on a school trip today.","*3*年生は今日、修学旅行に行く。","2023/9/9 7:15","2024/7/12 5:32"
2457,2457,"some people keep snakes as *pets*.","*ペット*にヘビを飼う人もいる。","2023/9/9 7:15","2024/7/12 5:33"
2458,2458,"I want to *ride* a motorcycle.","私はオートバイ*に乗り*たい。","2023/9/9 7:15","2024/7/12 5:33"
2459,2459,"I’ll draw you a *map* to my house.","私の家までの*地図*を描いてあげましょう。","2023/9/9 7:15","2024/7/12 5:34"
2460,2460,"*Though* Ryo was tired, he went to see her.","リョウは疲れていた*けれども*、彼女に会いに行った。","2023/9/9 7:15","2024/7/12 5:35"
2461,2461,"What time will this *lesson* end?","この*授業*は何時に終わりますか。","2023/9/9 7:15","2024/7/12 5:36"
2462,2462,"Many people wanted to talk at the *meeting*.","多くの人がその*会合*で発言したがっていた。","2023/9/9 7:15","2024/7/12 5:36"
2463,2463,"Ken’s family was *poor*, but they were all happy.","ケンの家庭は*貧しかっ*たが、みんな幸せだった。","2023/9/9 7:15","2024/7/12 5:37"
2464,2464,"Turn to the *left*, and you’ll see the station.","*左*に曲がってください。すると駅が見えます。","2023/9/9 7:15","2024/7/12 5:38"
2465,2465,"*Maybe* he’ll come here later.","*たぶん*、彼はあとでここに来るだろう。","2023/9/9 7:15","2024/7/12 5:39"
2466,2466,"Can you tell the *difference* between these flowers?","これらの花乃*違い*が分かりますか。","2023/9/9 7:15","2024/7/12 5:39"
2467,2467,"The store closes at seven *o’clock* on Sundays.","日曜日には、その店は7*時*に閉まる。","2023/9/9 7:15","2024/7/12 5:40"
2468,2468,"Is your *son* a high school student?","*息子さん*は高校生ですか。","2023/9/9 7:15","2024/7/12 5:41"
2469,2469,"My father will *return* to Japan tomorrow.","父はあす、日本に*帰って来る*だろう。","2023/9/9 7:15","2024/7/12 5:41"
2470,2470,"There are many interesting animals in *Africa*.","*アフリカ*には多くの興味深い動物がいる。","2023/9/9 7:15","2024/7/12 5:42"
2471,2471,"That magazine has more than a *hundred* pages.","その雑誌は*100*ページを超えている。","2023/9/9 7:15","2024/7/12 5:43"
2472,2472,"He hasn’t come home *yet*.","彼は*まだ*家に帰っていない。","2023/9/9 7:15","2024/7/12 5:43"
2473,2473,"I hope to go *abroad* in the future.","私は将来*外国へ*行きたい。","2023/9/9 7:15","2024/7/12 5:44"
2474,2474,"Our *classroom* is on the second floor.","私たちの*教室*は2階にある。","2023/9/9 7:15","2024/7/12 5:45"
2475,2475,"A big dog ran across the *road*.","大きな犬がその*道路*を走って横切った。","2023/9/9 7:15","2024/7/12 5:45"
2476,2476,"The *weather* will be good tomorrow.","明日は*天気*がよくなるだろう。","2023/9/9 7:15","2024/7/12 5:46"
2477,2477,"The *beach* is full of young people.","*浜辺*は若者たちでいっぱいだ。","2023/9/9 7:15","2024/7/12 5:46"
2478,2478,"Can I carry this bag with me on to the *plane*?","このバッグは*飛行機*に持ち込めますか。","2023/9/9 7:15","2024/7/12 5:47"
2479,2479,"My computer was made in *China*.","私のコンピュータは*中国*で作られた。","2023/9/9 7:15","2024/7/12 5:47"
2480,2480,"Sports day was very *exciting*.","体育祭はとても*わくわくする*ものだった。","2023/9/9 7:15","2024/7/12 5:48"
2481,2481,"What was the *cause* of the car accident?","その自動車事故の*原因*は何だったのですか。","2023/9/9 7:15","2024/7/12 5:49"
2482,2482,"Would you like another bowl of *rice*?","*ご飯*のお代わりはいかがですか。","2023/9/9 7:15","2024/7/12 5:49"
2483,2483,"I’ve read almost *half* of the books in the library.","私は図書館の本のほぼ*半分*を読んだ。","2023/9/9 7:15","2024/7/13 1:11"
2484,2484,"We took a sight seeing *tour* of the city.","私たちは市の観光*旅行*に行った。","2023/9/9 7:15","2024/7/13 1:12"
2485,2485,"In the *evening*, many people walk along the river.","*夕方*、多くの人がその川沿いを散歩する。","2023/9/9 7:15","2024/7/13 1:13"
2486,2486,"My uncle was the *host* at the party.","叔父はそのパーティーの*主催者*だった。","2023/9/9 7:15","2024/7/13 1:13"
2487,2487,"English is a tool for *communication*.","英語は*コミュニケーション*の手段だ。","2023/9/9 7:15","2024/7/13 1:14"
2488,2488,"The main crop of this *farm* is corn.","この*農場*の主要作物はトウモロコシだ。","2023/9/9 7:15","2024/7/13 1:15"
2489,2489,"My sister scored a *goal* in the game.","妹はその試合で*ゴール*を決めた。","2023/9/9 7:15","2024/7/13 1:16"
2490,2490,"I’ve taken the *wrong* umbrella from the restaurant.","私はレストランから*違う*傘を持ってきた。","2023/9/9 7:15","2024/7/13 1:17"
2491,2491,"There are some big white clouds in the *sky*.","*空*に大きな白い雲がいくつかある。","2023/9/9 7:15","2024/7/13 1:18"
2492,2492,"The *moon* is much smaller than the earth.","*月*は地球よりずっと小さい。","2023/9/9 7:15","2024/7/13 1:19"
2493,2493,"Summer is the *season* to go to the beach.","夏は浜辺に行く*季節*です。","2023/9/9 7:15","2024/7/13 1:23"
2494,2494,"We had a science *test* today.","私たちは今日、理科の*テスト*があった。","2023/9/9 7:15","2024/7/13 1:23"
2495,2495,"I made a *mistake* on my math test.","私は数学のテストで1つ*間違い*をした。","2023/9/9 7:15","2024/7/13 1:24"
2496,2496,"They *followed* the guide in the museum.","博物館の中で、彼らはガイド*の後について行った*。","2023/9/9 7:15","2024/7/13 1:25"
2497,2497,"We need to *develop* a new camera.","私たちは新しいカメラ*を開発する*必要がある。","2023/9/9 7:15","2024/7/13 1:26"
2498,2498,"*London* is not so far from the sea.","*ロンドン*は海からそれほど遠くない。","2023/9/9 7:15","2024/7/13 1:26"
2499,2499,"It is *necessary* for you to have a good rest.","あなたにはゆっくり休むことが*必要*だ。","2023/9/9 7:15","2024/7/13 1:27"
2500,2500,"How’s your sister? — She’s *fine*, thanks.","お姉さんはお元気ですか。— *元気*です、ありがとう。","2023/9/9 7:15","2024/7/13 1:28"
2501,2501,"Eat *less* meat and more vegetables.","肉を*少なく*して野菜をもっと食べなさい。","2023/9/9 7:15","2024/7/13 1:29"
2502,2502,"I *received* a birthday card from her.","私は彼女から誕生日カード*を受け取った*。","2023/9/9 7:15","2024/7/13 1:30"
2503,2503,"I introduced *myself* to the new student.","私は新入生に*自己*紹介をした。","2023/9/9 7:15","2024/7/13 1:31"
2504,2504,"May I take your *order*?","*ご注文*は何になさいますか。","2023/9/9 7:15","2024/7/13 1:31"
2505,2505,"The next train comes in *seven* minutes.","次の列車は*7*分後に来る。","2023/9/9 7:15","2024/7/13 1:32"
2506,2506,"We enjoyed swimming in the *lake*.","私たちは*湖*で泳いで楽しんだ。","2023/9/9 7:15","2024/7/13 1:32"
2507,2507,"I like to *lie* on the grass in the park.","私は公園の芝生の上に*横になる*のが好きだ。","2023/9/9 7:15","2024/7/13 1:33"
2508,2508,"He i s a new *worker* in our factory.","彼は私たちの工場の新しい*労働者*だ。","2023/9/9 7:15","2024/7/13 1:34"
2509,2509,"We are going to give a *concert* in the park.","私たちは講演で*コンサート*を開く予定だ。","2023/9/9 7:15","2024/7/14 9:04"
2510,2510,"Let’s go *outside* and play catch.","*外に*出てキャッチボールをしよう。","2023/9/9 7:15","2024/7/14 9:05"
2511,2511,"The ceremony was held in the school *hall*.","その式典は学校の*講堂*で行われた。","2023/9/9 7:15","2024/7/14 9:06"
2512,2512,"We can see beautiful flowers here in *spring*.","*春*にはここで美しい花を見ることができる。","2023/9/9 7:15","2024/7/14 9:07"
2513,2513,"I sent him a Christmas *card* yesterday.","私は昨日、彼にクリスマス*カード*を送った。","2023/9/9 7:15","2024/7/14 9:07"
2514,2514,"He bought a CD as a birthday *gift* for Keiko.","彼はケイコの誕生日*プレゼント*としてCDを買った。","2023/9/9 7:15","2024/7/14 9:08"
2515,2515,"I like that new *type* of cell phone.","私はあの新しい*型*の携帯電話が気に入っている。","2023/9/9 7:15","2024/7/14 9:09"
2516,2516,"I was *born* in Osaka.","私は大阪で*生まれ*た。","2023/9/9 7:15","2024/7/14 9:10"
2517,2517,"*Suddenly*, the earth began shaking.","*突然*、地面が揺れ始めた。","2023/9/9 7:15","2024/7/14 9:10"
2518,2518,"I looked at the ocean from the *window*.","私は*窓*から海を眺めた。","2023/9/9 7:15","2024/7/14 9:11"
2519,2519,"We should buy more *fruit* at the store.","私たちはその店でもっと*果物*を買う方がよい。","2023/9/9 7:15","2024/7/14 9:12"
2520,2520,"This singer is popular *among* young people.","この歌手は若者*の間で*人気がある。","2023/9/9 7:15","2024/7/14 9:13"
2521,2521,"Please write your name, address, and *age* here.","あなたの使命、住所、*年齢*をここに書いてください。","2023/9/9 7:15","2024/7/14 9:14"
2522,2522,"*Shall* I do the dishes after dinner?","夕食後に皿洗いをし*ましょうか*","2023/9/9 7:15","2024/7/14 9:15"
2523,2523,"Swimming is good for our *health*.","水泳は私たちの*健康*によい。","2023/9/9 7:15","2024/7/14 9:15"
2524,2524,"We sat on the *ground* in the park.","私たちは講演で*地面*に座った。","2023/9/9 7:15","2024/7/14 9:16"
2525,2525,"You should take some *medicine* if you feel sick.","気分が悪いのなら*薬*を飲むべきだ。","2023/9/9 7:15","2024/7/14 9:17"
2526,2526,"When did you start taking *piano* lessons?","いつ*ピアノ*のレッスンを受け始めたのですか。","2023/9/9 7:15","2024/7/14 9:17"
2527,2527,"We *collect* garbage on the beach every month.","私たちは毎月、海岸でゴミ*を集める*。","2023/9/9 7:15","2024/7/14 9:18"
2528,2528,"I heard a *strange* sound outside the door.","ドアの外で*奇妙な*音が聞こえた。","2023/9/9 7:15","2024/7/14 9:19"
2529,2529,"Computer *technology* is improving quickly.","コンピュータの*技術*は急速に進歩している。","2023/9/9 7:15","2024/7/14 9:19"
2530,2530,"My mother works *eight* hours a day.","母は1日に*8*時間働く。","2023/9/9 7:15","2024/7/14 9:20"
2531,2531,"The man *seems* older than my father.","その男の人は父より年上*のようだ*。","2023/9/9 7:15","2024/7/14 9:21"
2532,2532,"He *hit* the ball hard, and it went out of the field.","彼は思い切りボール*を打ち*、それは場外まで飛んだ。","2023/9/9 7:15","2024/7/14 9:22"
2533,2533,"There is a bank on the right *side* of the street.","通りの右*側*に銀行がある。","2023/9/9 7:15","2024/7/14 9:23"
2534,2534,"*New York* has many tall buildings.","*ニューヨーク*には高い建物が多い。","2023/9/9 7:15","2024/7/14 9:23"
2535,2535,"May I use my *dictionary* in the test?","テストで*辞書*を使ってもいいですか。","2023/9/9 7:15","2024/7/14 9:24"
2536,2536,"Please go back to your *seat*.","どうぞ*席*にお戻りください。","2023/9/9 7:15","2024/7/14 9:24"
2537,2537,"Do you have flowers in your *garden*?","あなたの*庭*に花はありますか。","2023/9/9 7:15","2024/7/15 3:12"
2538,2538,"It is *dangerous* to swim in the river.","その川で泳ぐのは*危険だ*。","2023/9/9 7:15","2024/7/15 3:12"
2539,2539,"Everybody *laughed* at the funny story.","みんなそのおかしな話に*笑った*。","2023/9/9 7:15","2024/7/15 3:13"
2540,2540,"The *design* of this computer is excellent.","このコンピュータの*設計*は素晴らしい。","2023/9/9 7:15","2024/7/15 3:13"
2541,2541,"The sky is getting very *dark*.","空がすごく*暗く*なってきている。","2023/9/9 7:15","2024/7/15 3:14"
2542,2542,"*Gold* is used in this watch.","この腕時計には*金*が使われている。","2023/9/9 7:15","2024/7/15 3:15"
2543,2543,"The boy threw a *stone* into the pond.","その少年は池に*石*を投げ入れた。","2023/9/9 7:15","2024/7/15 3:15"
2544,2544,"The number of *visitors* to our city is increasing.","私たちの市への*訪問者*の数は増加している。","2023/9/9 7:15","2024/7/15 3:16"
2545,2545,"The *writer* of this book wasn’t famous then.","この本の*著者*は当時は有名ではなかった。","2023/9/9 7:15","2024/7/15 3:17"
2546,2546,"The man was wearing a funny hat on his *head*.","その男の人は*頭*におかしな帽子をかぶっていた。","2023/9/9 7:15","2024/7/15 3:17"
2547,2547,"About one third of the earth is *land*.","地球の約3分の1は*陸地*である。","2023/9/9 7:15","2024/7/15 3:18"
2548,2548,"Have you *done* your science homework?","理科の宿題*は終わった*の？","2023/9/9 7:15","2024/7/15 3:19"
2549,2549,"His *brain* was damaged by smoking.","彼の*脳*は喫煙によって損なわれた。","2023/9/9 7:15","2024/7/15 3:19"
2550,2550,"What *else* do you need?","*その他に*何が必要ですか","2023/9/9 7:15","2024/7/15 3:20"
2551,2551,"I climbed to the *top* of the mountain.","私は山の*頂上*まで登った。","2023/9/9 7:15","2024/7/15 3:20"
2552,2552,"Japanese *cooking* uses a lot of sugar.","日本*料理*はたくさんの砂糖を使う。","2023/9/9 7:15","2024/7/15 3:21"
2553,2553,"We fly a *kite* on New Year’s Day.","私たちは元日に*凧*を揚げる。","2023/9/9 7:15","2024/7/15 3:21"
2554,2554,"Some students are *fighting* in the classroom.","教室で*喧嘩をして*いる生徒がいる。","2023/9/9 7:15","2024/7/15 3:22"
2555,2555,"This *elephant* is very popular in our zoo.","この*象*は私たちの動物園でとても人気がある。","2023/9/9 7:15","2024/7/15 3:23"
2556,2556,"He drew *lines* under important words.","彼は重要な語の下に*線*を引いた。","2023/9/9 7:15","2024/7/15 3:24"
2557,2557,"Mr. Yamamoto has two *daughters*.","山本さんには*娘*が2人いる。","2023/9/9 7:15","2024/7/15 3:24"
2558,2558,"She read the news in the *local* newspaper.","彼女は*地元の*新聞でそのニュースを読んだ。","2023/9/9 7:15","2024/7/15 3:25"
2559,2559,"I bought a pair of *shoes* at that store.","私はその店で*靴*を一足買った。","2023/9/9 7:15","2024/7/15 3:25"
2560,2560,"He is working in his corn *field* now.","彼は今、自分のトウモロコシ*畑*で働いている。","2023/9/9 7:15","2024/7/15 3:26"
2561,2561,"Please have another *piece* of cake.","ケーキをもうひと切れ*お召し上がりください。","2023/9/9 7:15","2024/7/15 3:27"
2562,2562,"Next *Friday* will be a national holiday.","次の*金曜日*は祝日だ。","2023/9/9 7:15","2024/7/15 3:27"
2563,2563,"*Grandma* made this sweater for me.","*おばあちゃん*が私にこにセーターを作ってくれた。","2023/9/9 7:15","2024/7/15 3:28"
2564,2564,"Here is a cup of *coffee* for you.","*コーヒー*を1杯どうぞ。","2023/9/9 7:15","2024/7/15 3:28"
2565,2565,"I have *several* CDs by that singer.","私はその歌手のCDを*何枚か*持っている。","2023/9/9 7:15","2024/7/16 5:29"
2566,2566,"She likes music, *especially* jazz.","彼女は音楽が好きだ。*特に*ジャズが好きだ。","2023/9/9 7:15","2024/7/16 5:30"
2567,2567,"May I have a glass of *milk*?","*牛乳*をコップ1杯いただけますか。","2023/9/9 7:15","2024/7/16 5:31"
2568,2568,"We developed a new *product* for young children.","私たちは幼い子ども向けの新*製品*を開発した。","2023/9/9 7:15","2024/7/16 5:32"
2569,2569,"Let’s go to see the monkeys at the *zoo*.","*動物園*の猿を見に行こう。","2023/9/9 7:15","2024/7/16 5:32"
2570,2570,"My *uncle* came to see me yesterday.","昨日、*叔父*が私に会いに来た。","2023/9/9 7:15","2024/7/16 5:33"
2571,2571,"The writer was born in the 19th *century*.","その作家は19*世紀*に生まれた。","2023/9/9 7:15","2024/7/16 5:34"
2572,2572,"Be careful! The *floor* is wet.","気を付けて！*床*が濡れています。","2023/9/9 7:15","2024/7/16 5:34"
2573,2573,"My brother is interested in *Chinese* history.","兄は*中国の*歴史に興味を持っている。","2023/9/9 7:15","2024/7/16 5:36"
2574,2574,"Could you *check* my English letter, Ms. Green?","グリーン先生、私の英語の手紙*を点検して*いただけませんか。","2023/9/9 7:15","2024/7/16 5:37"
2575,2575,"A lot of customers want to buy *natural* foods.","多くの客が*自然*食品を買いたがっている。","2023/9/9 7:15","2024/7/16 5:38"
2576,2576,"Japan is an *island* nation.","日本は*島*国である。","2023/9/9 7:15","2024/7/16 5:38"
2577,2577,"Let’s walk *along* the river and look for birds.","川に*沿って*歩いて鳥を探そう。","2023/9/9 7:15","2024/7/16 5:39"
2578,2578,"The news explained the *situation* in Brazil.","そのニュースはブラジルの*状況*を説明した。","2023/9/9 7:15","2024/7/16 5:39"
2579,2579,"Ms. Smith put her students’ pictures on the *wall*.","スミス先生は生徒たちの描いた絵を*壁*に貼った。","2023/9/9 7:15","2024/7/16 5:40"
2580,2580,"*Excuse* me for being late.","遅れて*ごめんなさい*。","2023/9/9 7:15","2024/7/16 5:40"
2581,2581,"Does Mr. Kato’s *wife* work for a car company?","加藤さんの*奥さん*は自動車会社で働いているのですか。","2023/9/9 7:15","2024/7/16 5:41"
2582,2582,"I got an *expensive* watch for my birthday.","私は誕生日に*高価な*腕時計をもらった。","2023/9/9 7:15","2024/7/16 5:42"
2583,2583,"Step *forward* and express your idea.","*前に*出て、あなたの考えを述べてください。","2023/9/9 7:15","2024/7/16 5:42"
2584,2584,"Bob always talks about *himself*.","ボブはいつも*自分自身*のことを話す。","2023/9/9 7:15","2024/7/16 5:43"
2585,2585,"The *government* plans to raise taxes.","*政府*は税金を上げることを計画している。","2023/9/9 7:15","2024/7/16 5:44"
2586,2586,"I washed all the glasses *carefully*.","私はすべてのコップを*注意深く*洗った。","2023/9/9 7:15","2024/7/16 5:44"
2587,2587,"I didn’t *notice* the mistake.","私はその誤り*に気づか*なかった。","2023/9/9 7:15","2024/7/16 5:45"
2588,2588,"This desk is made of *wood*.","この机は*木*でできている。","2023/9/9 7:15","2024/7/16 5:45"
2589,2589,"Hiro is just as *tall* as I am.","ヒロは私とちょうど同じ*背の高さ*だ。","2023/9/9 7:15","2024/7/16 5:46"
2590,2590,"Please take your *garbage* with you.","*ゴミ*は持ち帰ってください。","2023/9/9 7:15","2024/7/16 5:47"
2591,2591,"Is it *possible* for you to come by nine?","９時までに来ることは*可能で*すか。","2023/9/9 7:15","2024/7/16 5:48"
2592,2592,"How much is this blue *T-shirt*?","この青い*Tシャツ*はいくらですか。","2023/9/9 7:15","2024/7/16 5:48"
2593,2593,"The students *painted* pictures in the park.","生徒たちは講演で絵*を描いた*。","2023/9/9 7:15","2024/7/17 7:26"
2594,2594,"I wrote a *report* on the meeting.","私は会議の*報告書*を書いた。","2023/9/9 7:15","2024/7/17 7:27"
2595,2595,"Do you have any *trouble* with your homework?","宿題で何か*困っていること*がありますか。","2023/9/9 7:15","2024/7/17 7:28"
2596,2596,"Please *pick* the restaurant for us.","私たちのためにレストラン*を選んで*ください。","2023/9/9 7:15","2024/7/17 7:29"
2597,2597,"Do you have rice for your *breakfast*?","あなたは*朝食*にごはんを食べますか","2023/9/9 7:15","2024/7/17 7:29"
2598,2598,"The *wind* is very strong and cold tonight.","今夜は*風*がとても強くて冷たい。","2023/9/9 7:15","2024/7/17 7:30"
2599,2599,"What kind of *business* does your father do?","あなたのお父さんはどのような*仕事*をされていますか。","2023/9/9 7:15","2024/7/17 7:30"
2600,2600,"The first *Olympic* Games were held Greece.","最初の*オリンピック*はギリシャで開催された。","2023/9/9 7:15","2024/7/17 7:31"
2601,2601,"It is *cool* in the morning these days.","最近、午前中は*涼しい*。","2023/9/9 7:15","2024/7/17 7:32"
2602,2602,"The girl in the *center* of the photo is Miki.","写真の*真ん中*にいる少女がミキだ。","2023/9/9 7:15","2024/7/17 7:32"
2603,2603,"We stayed at the *hotel* for three nights.","私たちはその*ホテル*に三泊した。","2023/9/9 7:15","2024/7/17 7:33"
2604,2604,"My brother plays *football* at collage.","兄は大学で*フットボール*をしている。","2023/9/9 7:15","2024/7/17 7:33"
2605,2605,"Jim *cut* his finger with a knife by accident.","ジムは誤ってナイフで自分の指*を切った*。","2023/9/9 7:15","2024/7/17 7:34"
2606,2606,"Pour some more coffee in my *cup*, please.","私の*カップ*にもう少しコーヒーを注いでください。","2023/9/9 7:15","2024/7/17 7:35"
2607,2607,"Do you know the *meaning* of the world?","あなたはその単語の*意味*を知っていますか。","2023/9/9 7:15","2024/7/17 7:35"
2608,2608,"This belt is made of *real* leather.","このベルトは*本*革製だ。","2023/9/9 7:15","2024/7/17 7:37"
2609,2609,"It’s not *safe* to go out late at night.","夜遅く外出するのは*安全で*はない。","2023/9/9 7:15","2024/7/17 7:37"
2610,2610,"The *research* about forests is interesting.","森林に関するその*研究*は興味深い。","2023/9/9 7:15","2024/7/17 7:38"
2611,2611,"His mother asked him to wash the *dishes*.","彼の母親は彼に*皿*を洗うように頼んだ。","2023/9/9 7:15","2024/7/17 7:39"
2612,2612,"I *imagine* that this car costs a lot of money.","私が*想像する*にこの車はすごくお金がかかる。","2023/9/9 7:15","2024/7/17 7:40"
2613,2613,"Come on in. Step *inside*.","いらっしゃい。*中に*入って。","2023/9/9 7:15","2024/7/17 7:40"
2614,2614,"I don’t like houses with *low* roofs.","私は屋根が*低い*家は好きではない。","2023/9/9 7:15","2024/7/17 7:41"
2615,2615,"When did you *realize* your mistakes?","あなたはいつ自分の間違い*に気づき*ましたか。","2023/9/9 7:15","2024/7/17 7:42"
2616,2616,"Is the library open on *Mondays*?","その図書館は*月曜日*に開いていますか。","2023/9/9 7:15","2024/7/17 7:42"
2617,2617,"I *borrowed* some books from the library?","私は図書館から何冊か本*を借りた*。","2023/9/9 7:15","2024/7/17 7:43"
2618,2618,"Does *anyone* here speak Japanese?","ここにいる*どなたか*日本語を話しますか。","2023/9/9 7:15","2024/7/17 7:44"
2619,2619,"The artist *created* a lot of great works.","その芸術家は多くの素晴らしい作品*を創作した*。","2023/9/9 7:15","2024/7/18 6:30"
2620,2620,"My mother is a *careful* driver.","母は*注意深い*運転者だ。","2023/9/9 7:15","2024/7/18 6:31"
2621,2621,"The *owner* of this hotel is a famous musician.","このホテルの*所有者*は有名な音楽家だ。","2023/9/9 7:15","2024/7/18 6:31"
2622,2622,"Please *throw* the ball to me.","私にそのボール*を投げて*ください。","2023/9/9 7:15","2024/7/18 6:32"
2623,2623,"My father hung the *calendar* on the wall.","父はその*カレンダー*を壁に掛けた。","2023/9/9 7:15","2024/7/18 6:32"
2624,2624,"I’ll wait for you at the school *gate*.","校*門*のところで待っています。","2023/9/9 7:15","2024/7/18 6:33"
2625,2625,"The kind *nurse* took care of me in the hospital.","病院でその親切な*看護師*が私の世話をしてくれた。","2023/9/9 7:15","2024/7/18 6:33"
2626,2626,"This story is written in *simple* English.","この物語は*簡単な*英語で書かれている。","2023/9/9 7:15","2024/7/18 6:34"
2627,2627,"She lost her *memory* after the terrible accident.","彼女はその恐ろしい事故のあと*記憶*を失った。","2023/9/9 7:15","2024/7/18 6:35"
2628,2628,"Many foreign *tourists* visit Kyoto every year.","多くの外国人*観光客*が毎年京都を訪れる。","2023/9/9 7:15","2024/7/18 6:36"
2629,2629,"Where can I get a train *ticket*?","どこで電車の*切符*を買うことができますか。","2023/9/9 7:15","2024/7/18 6:37"
2630,2630,"Please help *yourself* to anything on the table.","テーブルの上のものは*何でも自由に召し上がっ*てください。","2023/9/9 7:15","2024/7/18 6:38"
2631,2631,"We all *support* the soccer team.","私たちはみんなそのサッカーチーム*を応援する*。","2023/9/9 7:15","2024/7/18 6:39"
2632,2632,"We are going to start a new *project* soon.","私たちは間もなく新しい*計画*に取りかかる予定だ。","2023/9/9 7:15","2024/7/18 6:40"
2633,2633,"We will fly to *Europe* next month.","私たちは来月飛行機で*ヨーロッパ*へ行く。","2023/9/9 7:15","2024/7/18 6:40"
2634,2634,"Do you want *ice* in your tea?","お茶に*氷*を入れますか。","2023/9/9 7:15","2024/7/18 6:41"
2635,2635,"My grandfather collected these old *coins*.","祖父がこれらのふるい*硬貨*を集めた。","2023/9/9 7:15","2024/7/18 6:42"
2636,2636,"I *prepared* dinner for my guests.","私はお客さまにために夕食*を用意した*。","2023/9/9 7:15","2024/7/18 6:42"
2637,2637,"The national park *protects* wild animals.","その国立公園は野生動物*を保護している*。","2023/9/9 7:15","2024/7/18 6:43"
2638,2638,"Some *horses* are walking on the grass.","何頭かの*馬*が芝生を歩いている。","2023/9/9 7:15","2024/7/18 6:44"
2639,2639,"*May* 5th is Children’s Day in Japan.","日本で*5月*5日は子どもの日だ。","2023/9/9 7:15","2024/7/18 6:44"
2640,2640,"The giant company *controls* the market.","その巨大企業が市場*を支配している*。","2023/9/9 7:15","2024/7/18 6:45"
2641,2641,"I want to study at a *college* in a foreign country.","私は外国の*大学*で勉強したい。","2023/9/9 7:15","2024/7/18 6:46"
2642,2642,"My *aunt* lives with my grandparents.","*叔母*は私の祖父母と一緒に暮らしている。","2023/9/9 7:15","2024/7/18 6:47"
2643,2643,"Nao will *probably* come late.","ナオは*たぶん*遅れてくるだろう。","2023/9/9 7:15","2024/7/18 6:47"
2644,2644,"Daisuke got a *prize* in the contest.","ダイスケはコンテストで*賞*をもらった。","2023/9/9 7:15","2024/7/18 6:48"
2645,2645,"The teacher spoke in a loud *voice*.","先生は大*声*で話した。","2023/9/9 7:15","2024/7/18 6:48"
2646,2646,"My brother was born when I was *nine* years old.","弟は私が*9*歳の時に生まれた。","2023/9/9 7:15","2024/7/18 6:49"
2647,2647,"Don’t *waste* your time before the test.","テスト前に時間*を無駄遣いし*てはいけない。","2023/9/9 7:15","2024/7/18 6:50"
2648,2648,"The population of the village is just one *thousand*.","その村の人口はちょうど*1,000*人だ。","2023/9/9 7:15","2024/7/22 22:07"
2649,2649,"The Tanabata Festival is held on *July* 7th.","七夕祭りは*7月*7日に開かれる。","2023/9/9 7:15","2024/7/22 22:08"
2650,2650,"Your *heart* works hard when you play sports.","スポーツをすると、*心臓*は激しく動く。","2023/9/9 7:15","2024/7/22 22:09"
2651,2651,"This city has almost four *million* people.","この市の人口は4*00万*人近い。","2023/9/9 7:15","2024/7/22 23:46"
2652,2652,"The heater uses a lot of *electricity*.","その暖房機はたくさんの電気を使う。","2023/9/9 7:15","2024/7/22 23:46"
2653,2653,"Let’s go to the *theater* to see the play.","その芝居を見に*劇場*へ行こう。","2023/9/9 7:15","2024/7/22 23:47"
2654,2654,"We had a lot of *snow* last week.","先週は*雪*がたくさん降った。","2023/9/9 7:15","2024/7/22 23:48"
2655,2655,"She has a large *amount* of work to do.","彼女には多大な*量*のするべき仕事がある。","2023/9/9 7:15","2024/7/22 23:48"
2656,2656,"The bird eats *insects* in the field.","その鳥は野原にいる*昆虫*を食べる。","2023/9/9 7:15","2024/7/22 23:49"
2657,2657,"Speak more *slowly* and clearly.","もっと*ゆっくり*、はっくり話しなさい。","2023/9/9 7:15","2024/7/22 23:50"
2658,2658,"Do you want to *improve* your English?","あなたは英語*を上達させ*たいですか。","2023/9/9 7:15","2024/7/22 23:51"
2659,2659,"Put those *bottles* in the recycling box.","それらの*びん*はリサイクル箱に入れてください。","2023/9/9 7:15","2024/7/22 23:52"
2660,2660,"The morning train was *full* of passengers.","朝の列車は乗客で*いっぱい*だった。","2023/9/9 7:15","2024/7/22 23:52"
2661,2661,"He broke his left *leg* last month.","彼は先月、左*脚*を折った。","2023/9/9 7:15","2024/7/22 23:54"
2662,2662,"My little daughter lost her *tooth* yesterday.","昨日、幼い娘は*歯*が一本抜けた。","2023/9/9 7:15","2024/7/22 23:57"
2663,2663,"My ice cream melted because of the *heat*.","私のアイスクリームは*暑さ*のせいで溶けた。","2023/9/9 7:15","2024/7/22 23:58"
2664,2664,"I made a speech at the meeting *instead* of Mike.","私はマイクの*代わりに*会議でスピーチをした。","2023/9/9 7:15","2024/7/22 23:59"
2665,2665,"My sons were hiding *themselves* behind the door.","息子たちはドアの影に隠れていた。","2023/9/9 7:15","2024/7/23 0:02"
2666,2666,"My mother usually *drives* to the city for shopping.","母はたいてい*車で*街まで買い物に*行く*。","2023/9/9 7:15","2024/7/23 0:04"
2667,2667,"We have been friends since *elementary school*.","私たちは*小学校*からの友だちだ。","2023/9/9 7:15","2024/7/23 0:05"
2668,2668,"I am happy with the *result* of the test.","私はテストの*結果*に喜んでいる。","2023/9/9 7:15","2024/7/23 0:05"
2669,2669,"My father *married* my mother 20 years ago.","父は20年前に母*と結婚した*。","2023/9/9 7:15","2024/7/23 0:06"
2670,2670,"I would like to hear your *opinion*.","私はあなたの*意見*を伺いたい。","2023/9/9 7:15","2024/7/23 0:07"
2671,2671,"Are you *ready* to play against the champion?","チャンピオンと対戦する*準備はできて*いますか。","2023/9/9 7:15","2024/7/23 0:08"
2672,2672,"The man has a strong and *healthy* body.","その音この人は強くて*健康な*体を持っている。","2023/9/9 7:15","2024/7/23 0:08"
2673,2673,"I always study at my *desk*.","私はいつも自分の*机*で勉強する","2023/9/9 7:15","2024/7/23 0:10"
2674,2674,"Yumi smiled and said, “*Goodbye*, everyone.”","ユミは微笑んで、「*さようなら*、皆さん」と言った。","2023/9/9 7:15","2024/7/23 0:11"
2675,2675,"My *dad* works for a computer company.","私の*お父さん*はコンピュータ会社で働いている。","2023/9/9 7:15","2024/7/23 0:11"
2676,2676,"I was very *hungry* before lunch.","私は、昼食の前にはとても*空腹だ*った。","2023/9/9 7:15","2024/7/23 0:12"
2677,2677,"A lot of *customers* bought that book.","多くの*客*がその本を買った。","2023/9/9 7:15","2024/7/23 0:13"
2678,2678,"We need a good *leader* for our country.","私たちは国の良き*指導者*を必要としている。","2023/9/9 7:15","2024/7/23 0:13"
2679,2679,"My new *smartphone* is light and small.","私の新しい*スマートフォン*は軽くて小さい。","2023/9/9 7:15","2024/7/23 0:14"
2680,2680,"My family *might* move to Osaka.","私の家族は大阪に引っ越す*かもしれない*。","2023/9/9 7:15","2024/7/23 0:15"
2681,2681,"I usually eat a boiled *egg* for breakfast.","私はたいてい朝食にゆで*卵*を1個食べる。","2023/9/9 7:15","2024/7/23 0:15"
2682,2682,"Your brother is very *friendly*, Kenji.","あなたの弟はとても*親しみやすい*ね、ケンジ。","2023/9/9 7:15","2024/7/24 13:46"
2683,2683,"I often read books to my *kids*.","私はよく*子どもたち*に本を読んであげる。","2023/9/9 7:15","2024/7/24 13:46"
2684,2684,"We had a party under a *cherry* tree.","私たちは*桜*の木の下でパーティーを開いた。","2023/9/9 7:15","2024/7/24 13:47"
2685,2685,"The field was *covered* with snow.","野原は雪で*覆わ*れていた。","2023/9/9 7:15","2024/7/24 13:48"
2686,2686,"I want a *hamburger* for lunch.","私は昼食に*ハンバーガー*が食べたい。","2023/9/9 7:15","2024/7/24 13:49"
2687,2687,"What are you hiding *behind* your back?","背中*の後ろに*何を隠しているのですか。","2023/9/9 7:15","2024/7/24 13:50"
2688,2688,"The picture shows some beautiful *wild* flowers.","その写真には美しい*野生の*花が写っている。","2023/9/9 7:15","2024/7/24 13:51"
2689,2689,"Don’t *enter* the room without knocking on the door.","ドアをノックせずに部屋*に入ら*ないでください。","2023/9/9 7:15","2024/7/24 13:52"
2690,2690,"So many people were *killed* in the war.","あまりにもたくさんの人たちがその戦争で*殺さ*れた。","2023/9/9 7:15","2024/7/24 13:53"
2691,2691,"Can you *guess* the price of this ring?","この指輪の値段*を推測*できますか。","2023/9/9 7:15","2024/7/24 13:54"
2692,2692,"This program is a part of school *education*.","このプログラムは学校*教育*の一部だ。","2023/9/9 7:15","2024/7/24 13:55"
2693,2693,"This ice cream tastes of *orange*.","このアイスクリームは*オレンジ*のような味がする。","2023/9/9 7:15","2024/7/24 13:56"
2694,2694,"We have *perfect* weather for our sports day.","体育祭には*完璧な*天気だ。","2023/9/9 7:15","2024/7/24 13:56"
2695,2695,"We’re planning to *climb* the mountain on Saturday.","私たちは土曜日にその山*に登る*ことを計画している。","2023/9/9 7:15","2024/7/24 13:57"
2696,2696,"We *reached* the top of the mountain at noon.","私たちは正午に山の頂上*に着いた*。","2023/9/9 7:15","2024/7/24 14:02"
2697,2697,"Tom couldn’t run very fast and lost the *race*.","トムはあまり速く走れず、*競走*に負けた。","2023/9/9 7:15","2024/7/24 14:03"
2698,2698,"The government has to solve the *social* problem.","政府はその*社会*問題を解決しなければならない。","2023/9/9 7:15","2024/7/24 14:04"
2699,2699,"I can’t *solve* such a difficult problem.","私にはそんな難しい問題*は解決*できない。","2023/9/9 7:15","2024/7/24 14:08"
2700,2700,"We ran *across* the read.","私たちは道路*を横切って*走った。","2023/9/9 7:15","2024/7/24 14:09"
2701,2701,"We need to get a *clear* answer from him.","私たちは彼から*はっきりした*答えを得る必要がある。","2023/9/9 7:15","2024/7/24 14:11"
2702,2702,"My summer vacation is from *August* 10th.","私の夏休みは*8月*10日からだ。","2023/9/9 7:15","2024/7/24 14:12"
2703,2703,"These old books are 30 *percent* cheaper today.","これらの古本は今日は30*パーセント*引きだ。","2023/9/9 7:15","2024/7/24 14:13"
2704,2704,"While I was in Kyoto, I visited many *temples*.","京都にいたとき、私は数多くの*寺*を訪れた。","2023/9/9 7:15","2024/7/24 14:13"
2705,2705,"Take off your *cap* when you enter the house.","家の中に入るときは、*帽子*を脱ぎなさい。","2023/9/9 7:15","2024/7/24 14:14"
2706,2706,"We had the same trouble in the *past*.","私たちは*過去*に同じ問題を抱えていた。","2023/9/9 7:15","2024/7/24 14:26"
2707,2707,"Is the *temperature* in this room good for you?","この部屋の*温度*はあなたにとって快適ですか。","2023/9/9 7:15","2024/7/24 14:27"
2708,2708,"My aunt gave me some useful *advice*.","叔母は私に役に立つ*アドバイス*をしてくれた。","2023/9/9 7:15","2024/7/24 14:28"
2709,2709,"I was *nervous* in front of so many people.","私はとても沢山の人の前で*緊張して*いた。","2023/9/9 7:15","2024/7/24 14:29"
2710,2710,"He has great *skill* in Japanese painting.","彼は日本画の素晴らしい*技能*を持っている。","2023/9/9 7:15","2024/7/24 14:30"
2711,2711,"English is the world’s *common* language.","英語は世界の*共通*語だ。","2023/9/9 7:15","2024/7/24 14:32"
2712,2712,"There was a *ceremony* on the first day of school.","学校の最初の日に*式典*があった。","2023/9/9 7:15","2024/7/24 14:34"
2713,2713,"We had a *delicious* school lunch today.","今日、*美味しい*給食を食べた。","2023/9/9 7:15","2024/7/24 14:35"
2714,2714,"What *subject* do you like the best?","あなたはどの*科目*が一番好きですか。","2023/9/9 7:15","2024/7/24 14:36"
2715,2715,"I *exchanged* e-mails with him many times.","私は彼と何度もEメール*を交換した*。","2023/9/9 7:15","2024/7/24 14:37"
2716,2716,"Do you put *sugar* in your coffee?","あなたはコーヒーに*砂糖*を入れますか。","2023/9/9 7:15","2024/7/24 14:38"
2717,2717,"Ken looks like an *adult* when he wears a suit.","ケンはスーツを着ていると*大人*のように見える。","2023/9/9 7:15","2024/7/24 14:41"
2718,2718,"Please write your name with a black *pen*.","黒の*ペン*で名前を書いてください。","2023/9/9 7:15","2024/7/24 14:43"
2719,2719,"Can you show me your *notebook*?","あなたの*ノート*を見せてもらえますか。","2023/9/9 7:15","2024/7/24 14:43"
2720,2720,"I *wonder* why Ann didn’t come to the party.","アンはなぜパーティーに来なかった*のだろうか*。","2023/9/9 7:15","2024/7/24 14:45"
2721,2721,"Many people *communicate* by e-mail.","多くの人々がEメールで*コミュニケーションをとっている*。","2023/9/9 7:15","2024/7/26 3:03"
2722,2722,"She injured her right *foot* in the tennis match.","彼女はテニスの試合で右*足*を痛めた。","2023/9/9 7:15","2024/7/26 3:04"
2723,2723,"The soup in the pot *smells* good.","その鍋のスープはいい*においがする*。","2023/9/9 7:15","2024/7/26 3:04"
2724,2724,"I’d like to see *Dr.* Matsumoto.","松本*先生*に診察していただきたいのですが。","2023/9/9 7:15","2024/7/26 3:05"
2725,2725,"I went to an *international* festival.","私は*国際的な*祭りに行った。","2023/9/9 7:15","2024/7/26 3:06"
2726,2726,"The store opens at 10:30 *a.m.*","その店は*午前*10時半に開店する。","2023/9/9 7:15","2024/7/26 3:07"
2727,2727,"My father is *against* my plan to study abroad.","父は留学するという私の計画*に反対して*いる。","2023/9/9 7:15","2024/7/26 3:07"
2728,2728,"We must *reduce* the cost of our product.","私たちは製品のコスト*を減らさ*なければならない。","2023/9/9 7:15","2024/7/26 3:08"
2729,2729,"The *stadium* was crowded with soccer fans.","*競技場*はサッカーファンで混雑していた。","2023/9/9 7:15","2024/7/26 3:09"
2730,2730,"He *discovered* a new planet a hundred years ago.","彼は100年前に新しい惑星*を発見した*。","2023/9/9 7:15","2024/7/26 3:11"
2731,2731,"Last night, I *missed* the last bus and took a taxi.","昨夜、私は最終バス*に乗り遅れて*、タクシーに乗った。","2023/9/9 7:15","2024/7/26 3:12"
2732,2732,"Do you have this shirt in a smaller *size*?","このシャツのもっと小さい*サイズ*はありますか。","2023/9/9 7:15","2024/7/26 3:12"
2733,2733,"The medicine had a bad *effect* on me.","その薬は私に悪い*効果*をもたらした。","2023/9/9 7:15","2024/7/26 3:13"
2734,2734,"The *cows* are eating grass on the farm.","農場で*牛*が草を食べている。","2023/9/9 7:15","2024/7/26 3:14"
2735,2735,"School starts in *April* in Japan.","日本では学校は*4月*に始まる。","2023/9/9 7:15","2024/7/26 3:15"
2736,2736,"Let’s *set* the date for the next practice game.","磁界の練習試合の日付*を決め*ましょう。","2023/9/9 7:15","2024/7/26 3:15"
2737,2737,"My favorite band is playing on the *stage*.","私の大好きなバンドが*舞台*で演奏している。","2023/9/9 7:15","2024/7/26 3:16"
2738,2738,"The *service* at the hotel was excellent.","そのホテルの*サービス*は素晴らしかった。","2023/9/9 7:15","2024/7/26 3:17"
2739,2739,"The moon is a *satellite* of the earth.","月は地球の*衛星*だ。","2023/9/9 7:15","2024/7/26 3:17"
2740,2740,"He *hurt* his arm while he was playing basketball.","彼はバスケットボールをしているときに腕*を痛めた*。","2023/9/9 7:15","2024/7/26 3:21"
2741,2741,"This room has a nice *view* of the sea.","この部屋は海の*眺め*がよい。","2023/9/9 7:15","2024/7/26 3:22"
2742,2742,"Don’t *touch* the paintings in this room.","この部屋の絵*に触ら*ないでください。","2023/9/9 7:15","2024/7/26 3:23"
2743,2743,"I *introduced* her to my parents.","私は両親に彼女*を紹介した*。","2023/9/9 7:15","2024/7/26 3:24"
2744,2744,"The bell *rings* at noon on weekdays.","その鐘は平日の正午に*鳴る*。","2023/9/9 7:15","2024/7/26 3:25"
2745,2745,"The *police* caught the man outside the bank.","*警察*はその男を銀行の外で捕まえた。","2023/9/9 7:15","2024/7/26 3:25"
2746,2746,"He was a young *national* leader.","彼は若い*国の*指導者だった。","2023/9/9 7:15","2024/7/26 3:26"
2747,2747,"I put some *salt* in the soup.","私はスープに*塩*を入れた。","2023/9/9 7:15","2024/7/26 3:26"
2748,2748,"I *invited* Jun to my house.","私は家にジュン*を招いた*。","2023/9/9 7:15","2024/7/26 3:27"
2749,2749,"The shop sells juice in *plastic* cups.","その店はジュースを*プラスチック製の*コップに入れて売っている。","2023/9/9 7:15","2024/7/26 3:28"
2750,2750,"We were *lucky* to get tickets for the movie.","その映画のチケットが取れて私たちは*運がよかっ*た。","2023/9/9 7:15","2024/7/26 3:29"
2751,2751,"Those clothes on the rope are *dry* now.","ロープにかかったそれらの衣類はもう*乾いて*いる。","2023/9/9 7:15","2024/7/26 3:29"
2752,2752,"Kay looked at the clock, and *jumped* out of bed.","ケイは時計を見て、ベッドから*とび起きた*。","2023/9/9 7:15","2024/7/26 3:30"
2753,2753,"Dr. Yamanaka discovered iPS *cells*.","山中博士はiPS*細胞*を見つけた。","2023/9/9 7:15","2024/7/26 3:31"
2754,2754,"Miki graduated from high school this *March*.","ミキは今年の*3月*に高校を卒業した。","2023/9/9 7:15","2024/7/26 3:32"
2755,2755,"My father showed me how to *ski*.","父が私に*スキーのし*方を教えてくれた。","2023/9/9 7:15","2024/7/26 3:32"
2756,2756,"You should read the *sentence* once more.","あなたはその*文*をもう一度読むべきだ。","2023/9/9 7:15","2024/7/26 3:33"
2757,2757,"The title of the report is *printed* on the first page.","その報告書の題名は最初のページに*印刷さ*れている。","2023/9/9 7:15","2024/7/26 3:34"
2758,2758,"The water of the *ocean* is very cold in winter.","冬は*海*の水がとても冷たい。","2023/9/9 7:15","2024/7/27 0:25"
2759,2759,"The ticket for the concert is fifty *dollars*.","コンサートのチケットは50*ドル*だ。","2023/9/9 7:15","2024/7/27 0:26"
2760,2760,"The number of cars is *increasing* in this city.","この市では車の数が*増えて*いる。","2023/9/9 7:15","2024/7/27 0:27"
2761,2761,"I’m trying to get some *exercise* every day.","私は毎日、*運動*をするようにしている。","2023/9/9 7:15","2024/7/27 0:28"
2762,2762,"Ken is the *captain* of our soccer team.","県は私たちのサッカーチームの*主将*だ。","2023/9/9 7:15","2024/7/27 0:28"
2763,2763,"We enjoyed playing *volleyball* on the beach.","私たちは浜辺で*バレーボール*をして楽しんだ。","2023/9/9 7:15","2024/7/27 0:29"
2764,2764,"How often do you eat *meat*?","あなたはどのくらいの頻度で*肉*を食べますか。","2023/9/9 7:15","2024/7/27 0:31"
2765,2765,"What is the *price* of this jacket?","このジャケットの*価格*はいくらですか。","2023/9/9 7:15","2024/7/27 0:32"
2766,2766,"We walked a long *distance* in the mountains.","私たちは山の中で長い*距離*を歩いた。","2023/9/9 7:15","2024/7/27 0:33"
2767,2767,"Many cars and trucks go over the *bridge*.","多くの車とトラックがその*橋*を渡る。","2023/9/9 7:15","2024/7/27 0:34"
2768,2768,"*England* has many strong soccer teams.","*イングランド*には強いサッカーチームが多い。","2023/9/9 7:15","2024/7/27 0:35"
2769,2769,"He *led* the horses to the field.","彼は馬*を*野原へ*導いた*。","2023/9/9 7:15","2024/7/27 0:36"
2770,2770,"The next train will come in a *moment*.","次の列車が*すぐ*に来ます。","2023/9/9 7:15","2024/7/27 0:36"
2771,2771,"Dry your *hair* after you take a shower.","シャワーを浴びたら、*髪*を乾かしなさい。","2023/9/9 7:15","2024/7/27 0:37"
2772,2772,"The girl gave a *banana* to the monkey.","少女はそのサルに*バナナ*を与えた。","2023/9/9 7:15","2024/7/27 0:38"
2773,2773,"Is the river very *deep*?","その川はとても*深い*ですか。","2023/9/9 7:15","2024/7/27 0:38"
2774,2774,"The *king* is loved by the people in the country.","*王*はその国の人々に愛されている。","2023/9/9 7:15","2024/7/27 0:39"
2775,2775,"My grandfather told us about the *war*.","祖父は私たちにその*戦争*について話した。","2023/9/9 7:15","2024/7/27 0:40"
2776,2776,"Thank you for the delicious *meal* this evening.","今夜は美味しい*お食事*をありがとう。","2023/9/9 7:15","2024/7/27 0:40"
2777,2777,"Mrs. Endo is older than her *husband*.","遠藤さんは彼女の*夫*より年上だ。","2023/9/9 7:15","2024/7/27 0:41"
2778,2778,"We have a lot of rain in *June*.","*6月*は雨が多い。","2023/9/9 7:15","2024/7/27 0:42"
2779,2779,"I don’t like the *taste* of this fruit.","私はこの果物の*味*が好きではない。","2023/9/9 7:15","2024/7/27 0:51"
2780,2780,"*Solar* energy is created by the light of the sun.","*太陽*エネルギーは太陽の光によって作られる。","2023/9/9 7:15","2024/7/27 0:51"
2781,2781,"*Wash* your hands before you eat.","食べる前に手*を洗いなさい*。","2023/9/9 7:15","2024/7/27 0:52"
2782,2782,"I will send you a *photo* of my family.","私はあなたに私の家族の*写真*を1枚送ります。","2023/9/9 7:15","2024/7/27 0:53"
2783,2783,"My father leaves the office at five on *Wednesdays*.","父は*水曜日*は5時に退社する。","2023/9/9 7:15","2024/7/27 0:54"
2784,2784,"They *relaxed* after they had lunch in the park.","公園で昼食を食べたあと、彼らは*くつろいだ*。","2023/9/9 7:15","2024/7/27 0:55"
2785,2785,"Lisa *guided* us around the school.","リサは学校じゅう私たち*を案内して*くれた。","2023/9/9 7:15","2024/7/27 0:56"
2786,2786,"Our club goes *camping* every summer.","私たちのクラブは毎年夏に*キャンプ*に行く。","2023/9/9 7:15","2024/7/27 0:56"
2787,2787,"Don’t get too close to the *fire*!","*火*に近寄りすぎないで！","2023/9/9 7:15","2024/7/27 0:58"
2788,2788,"Keiko is *serious* about studying.","ケイコは学業に対して*まじめ*である。","2023/9/9 7:15","2024/7/27 0:58"
2789,2789,"*India* has a large population.","*インド*は人口が多い。","2023/9/9 7:15","2024/7/27 0:59"
2790,2790,"This event is open to everyone in the *community*.","この行事は*地域社会*のすべての人に開放されている。","2023/9/9 7:15","2024/7/27 1:00"
2791,2791,"The school gate will close in *fifteen* minutes.","校門はあと*15*分で閉まる。","2023/9/9 7:15","2024/7/27 1:00"
2792,2792,"My aunt stayed with me for a short *period*.","叔母は短*期間*、私の家に滞在した。","2023/9/9 7:15","2024/7/27 1:01"
2793,2793,"There are many *rocks* on the mountain road.","多くの*岩*が山道にある。","2023/9/9 7:15","2024/7/27 1:02"
2794,2794,"*France* has many wonderful places to visit.","*フランス*には多くの訪れるべき素晴らしい場所がある。","2023/9/9 7:15","2024/7/27 1:02"
2795,2795,"My *blood* type is A.","私の*血液*型はAだ。","2023/9/9 7:15","2024/7/27 1:03"
2796,2796,"We will have a *Christmas* party next week.","私たちは来週*クリスマス*パーティーを開く。","2023/9/9 7:15","2024/7/27 1:04"
2797,2797,"The station is one *kilometer* away from here.","駅はここから1*キロメートル*先だ。","2023/9/9 7:15","2024/7/29 5:10"
2798,2798,"Smoking is not *allowed* in this restaurant.","このレストランでは喫煙は*許さ*れていない。","2023/9/9 7:15","2024/7/29 5:11"
2799,2799,"Mike will come to Japan at the *beginning* of May.","マイクは5月の*初め*に日本に来るだろう。","2023/9/9 7:15","2024/7/29 5:11"
2800,2800,"We eat *fresh* fruit every day.","私たちは毎日*新鮮な*果物を食べる。","2023/9/9 7:15","2024/7/29 5:12"
2801,2801,"Takashi finished running the *marathon*.","タカシは*マラソン*を走り終えた。","2023/9/9 7:15","2024/7/29 5:13"
2802,2802,"I have a piano lesson on *Tuesdays*.","私は*火曜日*にピアノのレッスンがある。","2023/9/9 7:15","2024/7/29 5:15"
2803,2803,"This tower is a *symbol* of our city.","この等は私たちの市の*象徴*だ。","2023/9/9 7:15","2024/7/29 5:15"
2804,2804,"An* apple* fell from the tree to the ground.","*リンゴ*が木から地面に落ちた。","2023/9/9 7:15","2024/7/29 5:16"
2805,2805,"Our company has become *global* recently.","最近、私たちの会社は*国際的*になった。","2023/9/9 7:15","2024/7/29 5:17"
2806,2806,"I often go to the lake for *fishing*.","私はよく*釣り*をしに湖へ行く。","2023/9/9 7:15","2024/7/29 5:23"
2807,2807,"We have a Halloween party every *October*.","私たちは毎年*10月*にハロウィーンパーティーを開く。","2023/9/9 7:15","2024/7/29 5:24"
2808,2808,"We must stop when the traffic light are *yellow*.","信号が*黄色*のときは、止まらなければならない。","2023/9/9 7:15","2024/7/29 5:24"
2809,2809,"The *researcher* studies wild plants on the island.","その*研究者*はその島の野生植物を研究している。","2023/9/9 7:15","2024/7/29 5:25"
2810,2810,"Her *main* job is taking care of young children.","彼女の*主な*仕事は幼い子どもたちの世話をすることだ。","2023/9/9 7:15","2024/7/29 5:26"
2811,2811,"Have you ever used a *public* telephone?","あなたは*公衆*電話を使ったことがありますか。","2023/9/9 7:15","2024/7/29 5:43"
2812,2812,"I read an interesting *article* in the magazine.","私はその雑誌でおもしろい*記事*を読んだ。","2023/9/9 7:15","2024/7/29 5:43"
2813,2813,"Please *pull* the rope hard.","そのロープを強く*引いて*ください。","2023/9/9 7:15","2024/7/29 5:44"
2814,2814,"What *shape* is that building going to be?","あの建物はどんな*形*になるのですか。","2023/9/9 7:15","2024/7/29 5:45"
2815,2815,"Go *straight* dow this street.","この通りを*まっすぐに*行きなさい。","2023/9/9 7:15","2024/7/29 5:45"
2816,2816,"Those bananas came to Japan by *ship*.","それらのバナナは*船*で日本に来た。","2023/9/9 7:15","2024/7/29 5:46"
2817,2817,"*Fifty* cents is half of a dollar.","*50*セントは1ドルの半分だ。","2023/9/9 7:15","2024/7/29 5:47"
2818,2818,"We go back to school in *September*.","私たちは*9月*に学校に戻る。","2023/9/9 7:15","2024/7/29 5:47"
2819,2819,"The typhoon caused great *damage* to the town.","台風は街に大きな*損害*を及ぼした。","2023/9/9 7:15","2024/7/29 5:48"
2820,2820,"The earth is the third *planet* from the sun.","地球は太陽から3番目の*惑星*だ。","2023/9/9 7:15","2024/7/29 5:48"
2821,2821,"My uncle is a *professional* golf player.","叔父は*プロの*ゴルフ選手だ。","2023/9/9 7:15","2024/7/29 5:49"
2822,2822,"I want to work with *elderly* people in the future.","私は将来、*年配の*人々一緒に働きたい。","2023/9/9 7:15","2024/7/29 5:50"
2823,2823,"Would you like some *cookies* with your tea?","紅茶と一緒に*クッキー*はいかがですか。","2023/9/9 7:15","2024/7/29 5:50"
2824,2824,"Do you often eat *sweet* things between meals?","あなたはよく食間に、*甘い*物を食べますか。","2023/9/9 7:15","2024/7/29 5:51"
2825,2825,"My grandmother grows *roses* in her garden.","祖母は庭で*バラ*を育てている。","2023/9/9 7:15","2024/7/29 5:52"
2826,2826,"There are four *chairs* around the table.","テーブルの周りには*椅子*が4脚ある。","2023/9/9 7:15","2024/7/29 5:52"
2827,2827,"The rainbow will soon *disappear*.","虹はすぐに*消える*だろう。","2023/9/9 7:15","2024/7/29 5:53"
2828,2828,"This big brown coat is *mine*.","この大きな茶色のコートは*私の*だ。","2023/9/9 7:15","2024/7/29 5:53"
2829,2829,"You have a *cute* dog!","可愛い犬を飼っているね。","2023/9/9 7:15","2024/7/29 5:54"
2830,2830,"My father works in a car *factory*.","私の父は自動車*工場*で働いている。","2023/9/9 7:15","2024/7/29 5:54"
2831,2831,"I’m *proud* of you for winning the race.","レースに勝つなんて君を*誇りに思う*よ。","2023/9/9 7:15","2024/7/29 5:55"
2832,2832,"Can you ride a *bicycle*?","あなたは*自転車*に乗れますか。","2023/9/9 7:15","2024/7/29 5:56"
2833,2833,"Could you send me the book by next *Thursday*?","次の*木曜日*までに私にその本を送っていただけますか。","2023/9/9 7:15","2024/7/29 5:56"
2834,2834,"This is a picture of my *dear* grandmother.","これは私の*親愛なる*祖母の写真だ。","2023/9/9 7:15","2024/7/29 5:57"
2835,2835,"Everything in this store *costs* one hundred yen.","この店内のすべての商品は*値段が*100円*だ*。","2023/9/9 7:15","2024/8/1 12:44"
2836,2836,"The education *level* of that college is quite high.","その大学の教育*レベル*は大変高い。","2023/9/9 7:15","2024/8/1 12:45"
2837,2837,"Can I have a glass of orange *juice*?","オレンジ*ジュース*を1杯もらえますか。","2023/9/9 7:15","2024/8/1 12:46"
2838,2838,"These apples are very *cheap*.","これらのリンゴはとても*安い*。","2023/9/9 7:15","2024/8/1 12:47"
2839,2839,"You should put on your *coat* when you go outside.","外に出るときには*上着*を着た方がいいよ。","2023/9/9 7:15","2024/8/1 12:48"
2840,2840,"We had several *sunny* days this week.","今週は何日か*快晴の*日があった。","2023/9/9 7:15","2024/8/1 12:48"
2841,2841,"Yumi broke her right *arm* yesterday.","ユミは昨日、右*腕*を骨折した。","2023/9/9 7:15","2024/8/1 12:49"
2842,2842,"I watched the music *video* on the Internet.","私はそのミュージック*ビデオ*をインターネットで見た。","2023/9/9 7:15","2024/8/1 12:50"
2843,2843,"What time is your *flight* to New York?","ニューヨーク行きのあなたの*便*は何時ですか。","2023/9/9 7:15","2024/8/1 12:51"
2844,2844,"Turn to the right at the first *corner*.","最初の*角*を右に曲がってください。","2023/9/9 7:15","2024/8/1 12:52"
2845,2845,"The sun *appeared* from behind the clouds.","太陽が雲間から*現れた*。","2023/9/9 7:15","2024/8/1 12:52"
2846,2846,"He *added* some sugar to his coffee.","彼はコーヒーに砂糖を*加えた*。","2023/9/9 7:15","2024/8/1 12:53"
2847,2847,"I took *notes* while I was listening to her speech.","私は彼女の演説を聴いている間、*メモ*をとった。","2023/9/9 7:15","2024/8/1 12:54"
2848,2848,"There is a big *clock* above the blackboard.","黒板の上に大きな*時計*がある。","2023/9/9 7:15","2024/8/1 12:54"
2849,2849,"I enjoyed a *conversation* with my old friends.","私は旧友との*会話*を楽しんだ。","2023/9/9 7:15","2024/8/1 12:55"
2850,2850,"Do you eat *bread* for breakfast?","あなたは朝食に*パン*を食べますか。","2023/9/9 7:15","2024/8/1 12:56"
2851,2851,"My parents *encouraged* me before the exam.","両親は試験の前に私を*はげましてくれた*。","2023/9/9 7:15","2024/8/1 12:57"
2852,2852,"The man broke the *law* when he was young.","その男は若いころ、*法律*を破った。","2023/9/9 7:15","2024/8/1 12:57"
2853,2853,"The box was too *heavy* for me to carry.","その箱は*重*すぎて、私は持ち運ぶことができなかった。","2023/9/9 7:15","2024/8/1 12:58"
2854,2854,"My father uses these *tools* to fix cars.","父は車を修理するためにこれらの*道具*を使う。","2023/9/9 7:15","2024/8/1 12:59"
2855,2855,"He practiced basketball with his *teammates*.","彼は*チームメイト*と一緒にバスケットボールを練習した。","2023/9/9 7:15","2024/8/1 12:59"
2856,2856,"Let’s take a *rest* under that tree.","あの木の下で*一休み*しよう。","2023/9/9 7:15","2024/8/1 13:00"
2857,2857,"This is an *ancient* Chinese coin.","これは*古代の*中国の硬貨だ。","2023/9/9 7:15","2024/8/1 13:01"
2858,2858,"Keep your *promise* and return the money to Aki.","*約束*を守ってアキにお金を返しなさい。","2023/9/9 7:15","2024/8/1 13:01"
2859,2859,"Himeji is famous for its *castle*.","姫路は*城*で有名だ。","2023/9/9 7:15","2024/8/1 13:02"
2860,2860,"The letter from the writer is my *treasure*.","その作家からの手紙は私の*宝物*だ。","2023/9/9 7:15","2024/8/1 13:02"
2861,2861,"That *astronaut* once walked on the moon.","その*宇宙飛行士*はかつて月の上を歩いた。","2023/9/9 7:15","2024/8/1 13:03"
2862,2862,"Please move one *step* to the left.","*一歩*左に寄ってください。","2023/9/9 7:15","2024/8/1 13:04"
2863,2863,"They used *codes* to send secret information.","彼らは秘密の情報を送るために*暗号*を用いた。","2023/9/9 7:15","2024/8/1 13:05"
2864,2864,"Let’s go *toward* the front of the train.","列車の前*のほうへ*行こう。","2023/9/9 7:15","2024/8/1 13:06"
2865,2865,"The glass *dropped* from his hand.","彼の手からコップが*落ちた*。","2023/9/9 7:15","2024/8/1 13:07"
2866,2866,"There is only one *leaf* on that tree.","あの木には*葉*が1枚しか残っていない。","2023/9/9 7:15","2024/8/1 13:08"
2867,2867,"All of the shop *clerks* art busy now.","今、その店の*店員たち*は全員忙しい。","2023/9/9 7:15","2024/8/1 13:09"
2868,2868,"My sister likes playing the *guitar*.","姉は*ギター*を弾くのが好きです。","2023/9/9 7:15","2024/8/1 13:09"
2869,2869,"My brother has a lot of *knowledge* about art.","兄には美術についてたくさんの*知識*がある。","2023/9/9 7:15","2024/8/1 13:10"
2870,2870,"The soccer game is on the *radio* now.","今、*ラジオ*でそのサッカーの試合をやっている。","2023/9/9 7:15","2024/8/1 13:11"
2871,2871,"*Perhaps* I’ll study in the library this afternoon.","今日の午後、*たぶん*図書館で勉強すると思う。","2023/9/9 7:15","2024/8/1 13:11"
2872,2872,"My little sister is interested in all *living* things.","妹はあらゆる*生き*物に関心がある。","2023/9/9 7:15","2024/8/3 1:08"
2873,2873,"Be *quiet*. The baby is sleeping.","*静かに*しなさい。赤ちゃんが眠っているのよ。","2023/9/9 7:15","2024/8/3 1:09"
2874,2874,"We want all the students to *express* their ideas.","私たちは全生徒に自分の考え*を表現して*ほしい。","2023/9/9 7:15","2024/8/3 1:09"
2875,2875,"The professor discovered the *dinosaur* had wings.","教授は、その*恐竜*には翼があったことを発見した。","2023/9/9 7:15","2024/8/3 1:11"
2876,2876,"It takes an hour to get to the *airport*.","*空港*に到着するのに1時間かかる。","2023/9/9 7:15","2024/8/3 1:11"
2877,2877,"In that *case*, you should wait until tomorrow.","その*場合*、あなたは明日まで待つべきだ。","2023/9/9 7:15","2024/8/3 1:12"
2878,2878,"We can see the *whole* town from the window.","その窓から街*全体*が見渡せる。","2023/9/9 7:15","2024/8/3 1:12"
2879,2879,"I bought some comic books at the *bookstore*.","私はその*書店*でマンガ本を何冊か買った。","2023/9/9 7:15","2024/8/3 1:17"
2880,2880,"Her great speech *impressed* the whole class.","彼女の素晴らしい演説はクラスのみんな*に感銘を与えた*。","2023/9/9 7:15","2024/8/3 1:17"
2881,2881,"The baby played with a *toy*.","その赤ちゃんは*おもちゃ*で遊んだ。","2023/9/9 7:15","2024/8/3 1:18"
2882,2882,"*Although* I was hungry, I didn’t eat lunch.","空腹だった*けれども*、私は昼食を食べなかった。","2023/9/9 7:15","2024/8/3 1:20"
2883,2883,"We did an *experiment* in science class today.","私たちは今日、理科の授業で*実験*を行った。","2023/9/9 7:15","2024/8/3 1:21"
2884,2884,"You cannot succeed without *effort*.","*努力*なしに成功することはできない。","2023/9/9 7:15","2024/8/3 1:21"
2885,2885,"We watched the man’s every *movement*.","私たちはその男のすべての*動き*を監視した。","2023/9/9 7:15","2024/8/3 1:22"
2886,2886,"I think Jane’s *choice* was wrong.","私はジェーンの*選択*は間違っていたと思う。","2023/9/9 7:15","2024/8/3 1:23"
2887,2887,"My mother bought some eggs at the *supermarket*.","母は*スーパーマーケット*で卵をいくつか買った。","2023/9/9 7:15","2024/8/3 1:24"
2888,2888,"Don’t speak when your *mouth* is full.","*口*がいっぱいのときに話してはいけない。","2023/9/9 7:15","2024/8/3 1:25"
2889,2889,"*Nobody* in the class knows the news yet.","クラスの*誰も*まだそのニュースを知ら*ない*。","2023/9/9 7:15","2024/8/3 1:25"
2890,2890,"The students learned about modern *society*.","生徒たちは近代の*社会*について学んだ。","2023/9/9 7:15","2024/8/3 1:26"
2891,2891,"Stay at least two *meters* away from the TV.","少なくとも2*メートル*はテレビから離れていなさい。","2023/9/9 7:15","2024/8/3 1:28"
2892,2892,"I want to visit *either* China or India.","私は中国かインド*のどちらか*を訪れたい。","2023/9/9 7:15","2024/8/3 1:30"
2893,2893,"We went fishing in a *boat* yesterday.","All the *staff* in the library are very nice.","2023/9/9 7:15","2024/8/3 1:31"
2894,2894,"All the *staff* in the library are very nice.","その図書館の*職員*はみんなとても親切だ。","2023/9/9 7:15","2024/8/3 1:31"
2895,2895,"Dogs have a good *sense* of smell.","イヌは優れた嗅*覚*を持っている。","2023/9/9 7:15","2024/8/3 1:32"
2896,2896,"Do you *recycle* your newspapers?","あなたは新聞紙を*再生利用し*ていますか。","2023/9/9 7:15","2024/8/3 1:33"
2897,2897,"Soy sauce is made from *soybeans*.","醤油は*大豆*から作られる。","2023/9/9 7:15","2024/8/3 1:33"
2898,2898,"The child fell into the pond and *shouted* for help.","その子どもは池に落ち、助けを求めて*大声で叫んだ*。","2023/9/9 7:15","2024/8/3 1:34"
2899,2899,"We can enjoy *various* kinds of sports in winter.","私たちは冬に*いろいろな*種類のスポーツを楽しむことができる。","2023/9/9 7:15","2024/8/3 1:35"
2900,2900,"My sister has no *interest* in shopping.","妹は買い物に*興味*がない。","2023/9/9 7:15","2024/8/3 1:36"
2901,2901,"I played the *drum* at the festival.","私は祭りで*太鼓*を演奏した。","2023/9/9 7:15","2024/8/3 1:37"
2902,2902,"The *soldier* talked about the war.","その*兵士*は戦争について話した。","2023/9/9 7:15","2024/8/3 1:37"
2903,2903,"The traffic was *slow* yesterday.","昨日は交通の*速度がゆっくり*だった。","2023/9/9 7:15","2024/8/3 1:38"
2904,2904,"This game has a bad *influence* on children.","このゲームは子どもたちに悪い*影響*を与える。","2023/9/9 7:15","2024/8/3 1:39"
2905,2905,"This English *website* is useful for students.","この英語の*ウェブサイト*は生徒にとって役に立つ。","2023/9/9 7:15","2024/8/3 1:39"
2906,2906,"I made a *tomato* and cheese pizza.","私は*トマト*とチーズのピザを作った。","2023/9/9 7:15","2024/8/3 1:40"
2907,2907,"There is little *traffic* on this road.","この道路は*交通量*が少ない。","2023/9/9 7:15","2024/8/3 1:41"
2908,2908,"Someone *stole* some money from my bag.","誰かが私のカバンからお金*を盗んだ*。","2023/9/9 7:15","2024/8/3 1:41"
2909,2909,"Good *luck* with your exams.","あなたの試験での幸*運*を祈ります。","2023/9/9 7:15","2024/8/3 1:42"
2910,2910,"Tourists can see a lot of *deer* in this park.","観光客はこの公園で多くの*鹿*を見ることができる。","2023/9/9 7:15","2024/8/6 1:07"
2911,2911,"He was happy to get a *CD* of his favorite singer.","彼は大好きな歌手の*CD*を手に入れてうれしかった。","2023/9/9 7:15","2024/8/6 1:07"
2912,2912,"Do you believe in *God*?","あなたは*神*を信じますか。","2023/9/9 7:15","2024/8/6 1:08"
2913,2913,"There are *eleven* players on each soccer team.","それぞれのサッカーチームには*11*人の選手がいる。","2023/9/9 7:15","2024/8/6 1:09"
2914,2914,"We saw the beautiful *aurora* in Alaska.","私たちはアラスカで美しい*オーロラ*を見た。","2023/9/9 7:15","2024/8/6 1:09"
2915,2915,"Tears *filled* her eyes.","涙が彼女の目*を満たした*。","2023/9/9 7:15","2024/8/6 1:10"
2916,2916,"The rock *band* played some songs on the stage.","そのロック*バンド*は舞台で何曲か演奏した。","2023/9/9 7:15","2024/8/6 1:11"
2917,2917,"The museum decided to buy the famous *painting*.","美術館はその有名な*絵*を購入することに決めた。","2023/9/9 7:15","2024/8/6 1:12"
2918,2918,"The *bank* closes at three o’clock.","その*銀行*は3時に閉まる。","2023/9/9 7:15","2024/8/6 1:13"
2919,2919,"When I throw a *stick*, my dog brings it back to me.","私が*棒*を投げると、私の犬はそれを取って持ってくる。","2023/9/9 7:15","2024/8/6 1:14"
2920,2920,"The man took off his *hat* and came into the room.","その男の人は*帽子*を脱いで部屋に入ってきた。","2023/9/9 7:15","2024/8/6 1:15"
2921,2921,"It is *quite* hot today.","今日は*かなり*暑い。","2023/9/9 7:15","2024/8/6 1:15"
2922,2922,"The writer became famous after his *death*.","その作家は*死*後に有名になった。","2023/9/9 7:15","2024/8/6 1:16"
2923,2923,"I gave a *presentation* at the meeting.","私はその会議で*発表*をした。","2023/9/9 7:15","2024/8/6 1:17"
2924,2924,"Please open your textbooks to *page* 50.","教科書の50*ページ*を開いてください。","2023/9/9 7:15","2024/8/6 1:18"
2925,2925,"You can eat sushi near the fish *market*.","魚*市場*の近くで寿司を食べることができる。","2023/9/9 7:15","2024/8/6 1:18"
2926,2926,"The girl is always *active* at school.","その女の子はいつも学校で*活動的*だ。","2023/9/9 7:15","2024/8/6 1:19"
2927,2927,"What’s the *date* of the school festival?","学園祭の*日*はいつですか。","2023/9/9 7:15","2024/8/6 1:20"
2928,2928,"This bottle is made of *glass*.","このびんは*ガラス*でできている。","2023/9/9 7:15","2024/8/6 1:21"
2929,2929,"She gave me some chocolate on *February* 14th.","彼女は*2月*14日に私にチョコレートをくれた。","2023/9/9 7:15","2024/8/6 1:22"
2930,2930,"*New Zealand* has more sheep than people.","*ニュージーランド*では、人よりヒツジの方が多い。","2023/9/9 7:15","2024/8/6 1:23"
2931,2931,"I have to finish this work by the *middle* of May.","私は5月*半ば*までにこの仕事を終えなければならない。","2023/9/9 7:15","2024/8/6 1:24"
2932,2932,"The *average* age of the players is about eighteen.","選手の*平均*年齢はおよそ18歳だ。","2023/9/9 7:15","2024/8/6 1:25"
2933,2933,"She has the *ability* to do the job.","彼女にはその仕事をする*能力*がある。","2023/9/9 7:15","2024/8/6 1:26"
2934,2934,"Mike and I have *similar* cars.","マイクと私は*似た*車を持っている。","2023/9/9 7:15","2024/8/6 1:26"
2935,2935,"We need to take *action* to solve the problem.","私たちは問題を解決するために*行動*を起こす必要がある。","2023/9/9 7:15","2024/8/6 1:27"
2936,2936,"The child is very *smart* and kind.","その子どもはとても*りこう*で親切だ。","2023/9/9 7:15","2024/8/6 1:27"
2937,2937,"A plane is flying *above* that mountain.","飛行機があの山*の上を*飛んでいる。","2023/9/9 7:15","2024/8/6 1:29"
2938,2938,"We talked about that *matter* yesterday.","私たちは昨日その*問題*について話し合った。","2023/9/9 7:15","2024/8/6 1:30"
2939,2939,"I always eat lunch at *twelve* o’clock.","私はいつも*12*時に昼食を食べる。","2023/9/9 7:15","2024/8/6 1:30"
2940,2940,"I left my favorite *umbrella* on the train.","私はお気に入りの*傘*を電車の中に置いてきた。","2023/9/9 7:15","2024/8/6 1:31"
2941,2941,"One *lady* on the train wore a pink hat.","列車の中の一人の*婦人*がピンクの帽子をかぶっていた。","2023/9/9 7:15","2024/8/6 1:33"
2942,2942,"John and I have a close *friendship*.","ジョンと私の間には親しい*友情*がある。","2023/9/9 7:15","2024/8/6 1:34"
2943,2943,"He drove across the *desert*.","彼は*砂漠*を車で横断した。","2023/9/9 7:15","2024/8/6 1:34"
2944,2944,"My dog has caught a *disease*.","私の犬は*病気*にかかった。","2023/9/9 7:15","2024/8/6 1:35"
2945,2945,"A *bear* was standing close to the man.","*クマ*が男の人の近くに立っていた。","2023/9/9 7:15","2024/8/6 1:35"
2946,2946,"He *completed* an important report.","彼は重要な報告書*を完成した*。","2023/9/9 7:15","2024/8/6 1:36"
2947,2947,"The little girl goes to sleep with a *doll*.","その幼い少女は*人形*と一緒に寝る。","2023/9/9 7:15","2024/8/6 1:37"
2948,2948,"Our baseball team won the *tournament* last year.","私たちの野球チームは昨年、*トーナメント*で優勝した。","2023/9/9 7:15","2024/8/7 10:00"
2949,2949,"*Hurry* up, or you’ll be late for school.","*急いで*、出ないと学校に遅れますよ。","2023/9/9 7:15","2024/8/7 10:01"
2950,2950,"Aya looked at *herself* in the mirror.","アヤは鏡で*自分*を見た。","2023/9/9 7:15","2024/8/7 10:02"
2951,2951,"My grandfather was injured in a traffic *accident*.","祖父は交通*事故*でけがをした。","2023/9/9 7:15","2024/8/7 10:02"
2952,2952,"Picasso was a great Spanish *artist*.","ピカソはスペインの偉大な*芸術家*だった。","2023/9/9 7:15","2024/8/7 10:03"
2953,2953,"Let’s make a *wish* on a star.","星に*願い*をかけましょう。","2023/9/9 7:15","2024/8/7 10:03"
2954,2954,"We played volleyball in the *gym* this afternoon.","私たちは今日の午後、*体育館*でバレーボールをした。","2023/9/9 7:15","2024/8/7 10:04"
2955,2955,"Could you tell me your *schedule* for today?","今日のあなたの*予定*を教えていただけますか。","2023/9/9 7:15","2024/8/7 10:05"
2956,2956,"The *coach* told Tom to practice more.","*監督*はトムにもっと練習するように言った。","2023/9/9 7:15","2024/8/7 10:05"
2957,2957,"He turned off the *gas* before he left home.","彼は家を出る前に*ガス*を止めた。","2023/9/9 7:15","2024/8/7 10:06"
2958,2958,"This computer can store a lot of *data*.","このコンピュータはたくさんの*データ*を保存することができる。","2023/9/9 7:15","2024/8/7 10:07"
2959,2959,"Our school is in the *north* of our town.","私たちの学校は町の*北部*にある。","2023/9/9 7:15","2024/8/7 10:08"
2960,2960,"Our class won first prize in the *chorus* contest.","私たちのクラスは*合唱*コンテストで優勝した。","2023/9/9 7:15","2024/8/7 10:08"
2961,2961,"I want the *puppy* in the pet shop.","私はペットショップの*子犬*が欲しい。","2023/9/9 7:15","2024/8/7 10:09"
2962,2962,"There was a *terrible* accident at the station.","駅で*恐ろしい*事故があった。","2023/9/9 7:15","2024/8/7 10:10"
2963,2963,"Some people have a *fear* of spiders.","クモを*恐れ*る人もいる。","2023/9/9 7:15","2024/8/7 10:10"
2964,2964,"*Raise* your hand and tell me the answer.","手*を挙げて*答えを言ってください。","2023/9/9 7:15","2024/8/7 10:11"
2965,2965,"He kept the *records* of the meeting.","彼はその会議の*記録*をとった。","2023/9/9 7:15","2024/8/7 10:12"
2966,2966,"What time did you *wake* up this morning?","今朝は何時に*目が覚め*ましたか。","2023/9/9 7:15","2024/8/7 10:12"
2967,2967,"We can tell the time from the *position* of the sun.","太陽に*位置*から時間が分かる。","2023/9/9 7:15","2024/8/7 10:13"
2968,2968,"She explained her opinion very *clearly*.","彼女は自分の意見をとても*はっきりと*説明した。","2023/9/9 7:15","2024/8/7 10:14"
2969,2969,"I have been to Rome *twice*.","私はローマに*2度*行ったことがある。","2023/9/9 7:15","2024/8/7 10:14"
2970,2970,"*December* 24th is called Christmas Eve.","*12月*24日はクリスマスイブと呼ばれる。","2023/9/9 7:15","2024/8/7 10:15"
2971,2971,"This is the *list* of our guests tonight.","これは今夜の招待客の*リスト*だ。","2023/9/9 7:15","2024/8/7 10:16"
2972,2972,"Air *pollution* is a big problem in our city.","大気*汚染*は私たちの市の大きな問題だ。","2023/9/9 7:15","2024/8/7 10:16"
2973,2973,"This temple is a World Heritage *Site*.","この寺は世界遺産(の*場所*)だ。","2023/9/9 7:15","2024/8/7 10:18"
2974,2974,"My father left home at the *usual* time.","父は*いつもの*時間に家を出た。","2023/9/9 7:15","2024/8/7 10:18"
2975,2975,"I believe this bag is *yours*.","このカバンはきっと*あなたの*だと思う。","2023/9/9 7:15","2024/8/7 10:19"
2976,2976,"Can I use your *camera* this afternoon?","今日の午後、あなたの*カメラ*を使ってもいいですか。","2023/9/9 7:15","2024/8/7 10:20"
2977,2977,"She passed the exam with the *least* effort.","彼女は*最小限の*努力で試験に合格した。","2023/9/9 7:15","2024/8/7 10:21"
2978,2978,"My grandfather has been *dead* for five years.","祖父が*亡くなって*5年になる。","2023/9/9 7:15","2024/8/7 10:21"
2979,2979,"He usually takes a *bath* at eleven o’clock.","彼は普通11時に*入浴*する。","2023/9/9 7:15","2024/8/7 10:22"
2980,2980,"My son was very *shy* when he was little.","息子は幼いころ、とても*内気だ*った。","2023/9/9 7:15","2024/8/7 10:23"
2981,2981,"I made a travel plan at the beginning of *January*.","私は*1月*の始めに旅行の計画を立てた。","2023/9/9 7:15","2024/8/7 10:25"
2982,2982,"Could you *repair* my camera by next Friday?","今度の金曜日までに私のカメラ*を修理して*いただけませんか。","2023/9/9 7:15","2024/8/7 10:26"
2983,2983,"The ball *rolled* on the floor.","そのボールは床の上を*転がった*。","2023/9/9 7:15","2024/8/7 10:27"
2984,2984,"I love *British* rock music.","私は*イギリスの*ロック音楽が大好きだ。","2023/9/9 7:15","2024/8/7 10:27"
2985,2985,"This restaurant *serves* excellent local food.","このレストランは素晴らしい郷土料理*を出す*。","2023/9/9 7:15","2024/8/7 10:28"
2986,2986,"Let’s have dinner at the restaurant *someday*.","*いつか*そのレストランで夕食を食べましょう。","2023/9/9 7:15","2024/8/9 11:16"
2987,2987,"The Internet is necessary for our *everyday* lives.","インターネットは私たちの*毎日の*生活に欠かせない。","2023/9/9 7:15","2024/8/9 11:17"
2988,2988,"The students *respect* all their teachers.","生徒たちは先生全員*を尊敬している*。","2023/9/9 7:15","2024/8/9 11:18"
2989,2989,"Our house faces the sea to the *south*.","私たちの家は*南*は海に面している。","2023/9/9 7:15","2024/8/9 11:19"
2990,2990,"He runs for *forty* minutes in the park every morning.","彼は毎朝、公園で*40*分間走る。","2023/9/9 7:15","2024/8/9 11:19"
2991,2991,"I have to read the *textbook* twice.","私は*教科書*を2度読まなければならない。","2023/9/9 7:15","2024/8/9 11:20"
2992,2992,"Do you like to read *comics*?","*マンガ本*を読むのは好きですか。","2023/9/9 7:15","2024/8/9 11:21"
2993,2993,"Firefighters need to *act* quickly.","消防士は素早く*行動する*必要がある。","2023/9/9 7:15","2024/8/9 11:22"
2994,2994,"Are you a baseball *fan*?","あなたは野球*ファン*ですか。","2023/9/9 7:15","2024/8/9 11:22"
2995,2995,"I’ll go to bed early *tonight*.","私は*今夜は*早く寝る。","2023/9/9 7:15","2024/8/9 11:23"
2996,2996,"Saturday is not a *holiday* at my school.","私の学校では土曜日は*休み*ではない。","2023/9/9 7:15","2024/8/9 11:24"
2997,2997,"I got some *chocolate* on Valentine’s Day.","僕はバレンタインデーに*チョコレート*をもらった。","2023/9/9 7:15","2024/8/9 11:25"
2998,2998,"She went to the *post office* to buy some stamps.","彼女は切符を買うために*郵便局*に行った。","2023/9/9 7:15","2024/8/9 11:26"
2999,2999,"Keigo’s pitching *form* is very beautiful.","ケイゴの投球*フォーム*はとてもきれいだ。","2023/9/9 7:15","2024/8/9 11:27"
3000,3000,"He liked dancing when he was a *teenager*.","彼は*ティーンエージャー*のころ、踊ることが好きだった。","2023/9/9 7:15","2024/8/9 11:28"
3001,3020,"I am *certain* of his success.","私は彼の成功を*確信して*いる。","2023/9/9 7:15","2024/8/10 9:44"
3002,3023,"We *gathered* data.","私たちはデータ*を集めた*。","2023/9/9 7:15","2024/8/10 9:45"
3003,3026,"*wrap* this book","この本*を包む*","2023/9/9 7:15","2024/8/10 9:45"
3004,3040,"She is *dressed* in red.","彼女は赤い*服を着て*いる。","2023/9/9 7:15","2024/8/10 9:46"
3005,3041,"I *expect* a good result.","私はよい結果*を期待している*。","2023/9/9 7:15","2024/8/10 9:47"
3006,3051,"We must *preserve* nature.","自然*を保護し*なければならない。","2023/9/9 7:15","2024/8/10 9:48"
3007,3056,"artificial *intelligence*","人工*知能*","2023/9/9 7:15","2024/8/10 9:49"
3008,3061,"The disease *spread* quickly.","その災害は*素早く*広がった。","2023/9/9 7:15","2024/8/12 11:44"
3009,3075,"play the piano *pretty* well","*かなり*上手にピアノを弾く","2023/9/9 7:15","2024/8/12 11:46"
3010,3082,"*Whose* cap is this?","これは*誰の*帽子ですか。","2023/9/9 7:15","2024/8/12 11:48"
3011,3094,"a *bowl* of rice","ごはん1*杯*","2023/9/9 7:15","2024/8/12 11:49"
3012,3099,"*cross* the road","道*を横切る*","2023/9/9 7:15","2024/8/12 11:54"
3013,3100,"I don’t know *whether* he is fine.","私は彼が大丈夫*かどうか*分からない。","2023/9/9 7:15","2024/8/12 11:55"
3014,3121,"*offer* secret information","秘密の情報*を提供する*","2023/9/9 7:15","2024/8/16 11:38"
3015,3122,"The sun *rises* in the east.","太陽は東から*昇る*。","2023/9/9 7:15","2024/8/16 11:38"
3016,3132,"*survive* the war","戦争*を生き残る*","2023/9/9 7:15","2024/8/16 11:41"
3017,3133,"*shoot* a deer","鹿*を撃つ*","2023/9/9 7:15","2024/8/16 11:42"
3018,3143,"She *shook* her head.","彼女は首*を振った*。","2023/9/9 7:15","2024/8/16 11:43"
3019,3149,"the birth *rate*","出生*率*","2023/9/9 7:15","2024/8/23 15:51"
3020,3150,"*mark* the correct answers","正解に*印を付ける*","2023/9/9 7:15","2024/8/23 15:52"
3021,3151,"*release* a wild bird","野鳥*を解放する*","2023/9/9 7:15","2024/8/23 15:52"
3022,3157,"a *sheet* of paper","1*枚*の紙","2023/9/9 7:15","2024/8/23 15:53"
3023,3170,"10 dollars *per* hour","1時間*につき*10ドル","2023/9/9 7:15","2024/8/23 15:55"
3024,3183,"*earn* a lot of money","大金*を稼ぐ*","2023/9/9 7:15","2024/9/1 15:04"
3025,3190,"*reply* to the question","質問に*答える*","2023/9/9 7:15","2024/9/1 15:05"
3026,3200,"*count* the balls in the box","箱の中のボール*を数える*","2023/9/9 7:15","2024/9/1 15:07"
3027,3201,"*feed* the cat","猫*に餌を与える*","2023/9/9 7:15","2024/9/1 15:08"
3028,3203,"take a *breath*","*呼吸*する","2023/9/9 7:15","2024/9/1 15:08"
3029,3210,"in addition to 〜","〜に*加え*て","2023/9/9 7:15","2024/9/1 15:09"
3030,3212,"*hate* violence","暴力*を憎む*","2023/9/9 7:15","2024/9/1 15:10"
3031,3214,"The dog *scared* the girl.","犬が女の子*を怖がらせた*。","2023/9/9 7:15","2024/9/1 15:11"
3032,3221,"*perform* a play on the stage","舞台で劇を*上演する*","2023/9/9 7:15","2024/9/6 10:08"
3033,3226,"cherry *blossom*","桜の*花*","2023/9/9 7:15","2024/9/6 10:09"
3034,3229,"World *Heritage* Site","世界*遺産*","2023/9/9 7:15","2024/9/6 10:13"
3035,3235,"His story *surprised* me.","彼の話は私*を驚かせた*。","2023/9/9 7:15","2024/9/6 10:14"
3036,3237,"*fry* fish and vegetables.","魚や野菜*を油で揚げる*","2023/9/9 7:15","2024/9/6 10:15"
3037,3248,"the *bottom* of the sea","海の*底*","2023/9/9 7:15","2024/9/6 10:17"
3038,3249,"*suffer* a lot of pain","ひどい苦痛*を受ける*","2023/9/9 7:15","2024/9/6 10:18"
3039,3255,"*fix* a broken table","壊れたテーブル*を修理する*","2023/9/9 7:15","2024/9/6 10:18"
3040,3256,"My grades are *worse* than his.","私の成績は彼の*より悪い*。","2023/9/9 7:15","2024/9/6 10:19"
3041,3257,"Smoking *affects* your health.","喫煙はあなたの健康に*影響する*。","2023/9/9 7:15","2024/9/6 10:20"
3042,3263,"*master* English","英語*を習得する*","2023/9/9 7:15","2024/9/6 10:21"
3043,3272,"fall *asleep*","*寝入る*","2023/9/9 7:15","2024/9/6 10:23"
3044,3277,"*provide* water for us ; *provide* us with water","私たちに水を*供給する*","2023/9/9 7:15","2024/9/6 10:25"
3045,3290,"not 〜 *anymore*","*これ以上〜ない*","2023/9/9 7:15","2024/9/6 10:30"
3046,3300,"be *disappointed* at 〜","〜に*がっかり*する","2023/9/9 7:15","2024/9/6 10:31"
3047,3301,"a *pair* of 〜","*一対*の〜、*一組*の〜","2023/9/9 7:15","2024/9/6 10:32"
3048,3313,"I *injured* my leg in the accident.","私は事故で脚*を怪我した*。","2023/9/9 7:15","2024/9/6 10:34"
3049,3315,"*below* the horizon","水平線*の下に*","2023/9/9 7:15","2024/9/6 10:34"
3050,3317,"at *noon*","*正午*に","2023/9/9 7:15","2024/9/6 10:35"
3051,3320,"*relate* crime to poverty","犯罪*を*貧困に*関係づける*","2023/9/9 7:15","2024/9/10 15:50"
3052,3328,"*apply* for a job","仕事に*応募する*","2023/9/9 7:15","2024/9/10 15:51"
3053,3329,"have good *manners*","*行儀*が良い","2023/9/9 7:15","2024/9/10 15:51"
3054,3345,"*mix* sugar and butter","砂糖とバター*を混ぜる*","2023/9/9 7:15","2024/9/10 15:54"
3055,3360,"*track* and field","*陸上競技*","2023/9/9 7:15","2024/9/10 15:56"
3056,3370,"a *quarter* of a mile","*4分の1*マイル","2023/9/9 7:15","2024/9/10 15:59"
3057,3376,"*celebrate* Christmas","クラスマス*を祝う*","2023/9/9 7:15","2024/9/10 16:00"
3058,3380,"*dig* a tunnel","トンネル*を掘る*","2023/9/9 7:15","2024/9/10 16:01"
3059,3383,"Nagano *Prefecture*","長野*県*","2023/9/9 7:15","2024/9/10 16:02"
3060,3385,"a *couple* of 〜","*２つの*〜、*２、３の*〜","2023/9/9 7:15","2024/9/10 16:03"
3061,3396,"She *remained* silent.","彼女は黙った*ままだった*。","2023/9/9 7:15","2024/9/11 21:26"
3062,3411,"*beat* him at tennis","テニスで彼*を打ち負かす*","2023/9/9 7:15","2024/9/11 21:25"
3063,3412,"I *belongs* to the art club.","私は美術部*に属している*。","2023/9/9 7:15","2024/9/11 21:27"
3064,3415,"*compare* two languages","２つの言語*を比較する*","2023/9/9 7:15","2024/9/11 21:28"
3065,3421,"body and *spirit*","肉体と*精神*","2023/9/9 7:15","2024/9/11 21:29"
3066,3422,"*separate* from my family","家族と*分かれる*","2023/9/9 7:15","2024/9/11 21:30"
3067,3423,"*succeed* in 〜","〜に*成功する*","2023/9/9 7:15","2024/9/11 21:30"
3068,3427,"I lost my *sight*.","私は*視力*を失った。","2023/9/9 7:15","2024/9/11 21:31"
3069,3436,"*Brush* your teeth.","歯*を磨きなさい*。","2023/9/9 7:15","2024/9/11 21:34"
3070,3437,"*Repeat* after me.","私の後について*繰り返しなさい*。","2023/9/9 7:15","2024/9/11 21:35"
3071,3445,"*calculate* the cost","費用*を計算する*","2023/9/9 7:15","2024/9/11 21:39"
3072,3462,"*pack* clothes in the suitcase","スーツケースに衣服*を詰め込む*","2023/9/9 7:15","2024/9/11 21:44"
3073,3464,"keep a *diary*","*日記*をつける","2023/9/9 7:15","2024/9/11 21:44"
3074,3471,"jump *onto* the sofa","ソファ*の上に*飛び乗る","2023/9/9 7:15","2024/9/11 21:47"
3075,3473,"*slide* down the slope","坂を*滑り*降りる","2023/9/9 7:15","2024/9/11 21:47"
3076,3479,"be *satisfied* with 〜","〜に*満足で*ある","2023/9/9 7:15","2024/9/11 21:49"
3077,3484,"This snake is *alive*.","この蛇は*生きている*。","2023/9/9 7:15","2024/9/11 21:50"
3078,3486,"*extra* charge","*追加*料金","2023/9/9 7:15","2024/9/11 21:50"
3079,3488,"*avoid* the heavy traffic","交通渋滞*を避ける*","2023/9/9 7:15","2024/9/11 21:51"
3080,3511,"*knock* on the door","ドアを*ノックする*","2023/9/9 7:15","2024/10/19 14:50"
3081,3519,"*escape* from a cage","檻から*逃げる*","2023/9/9 7:15","2024/10/19 14:51"
3082,3524,"It is *rather* hot today.","今日は*かなり*暑い","2023/9/9 7:15","2024/10/19 14:52"
3083,3537,"Please sit *beside* me.","私*のそばに*座ってください。","2023/9/9 7:15","2024/10/19 14:53"
3084,3539,"ten *degrees* Celsius","摂氏15*度*","2023/9/9 7:15","2024/10/19 14:53"
3085,3540,"*lay* eggs","卵*を産む*","2023/9/9 7:15","2024/10/19 14:54"
3086,3541,"Can you *lend* me a pen?","ペン*を貸して*くれますか","2023/9/9 7:15","2024/10/19 14:55"
3087,3542,"*official* language","*公用*語","2023/9/9 7:15","2024/10/19 14:55"
3088,3543,"A typhoon is *approaching*.","台風が*近づいて*いる。","2023/9/9 7:15","2024/10/19 14:56"
3089,3544,"Oil *floats* on water.","油は水に*浮く*。","2023/9/9 7:15","2024/10/19 14:57"
3090,3545,"This price *includes* tax.","この価格は税*を含む*。","2023/9/9 7:15","2024/10/19 14:57"
3091,3559,"*remove* snow from the roof","屋根から雪*を取り除く*","2023/9/9 7:15","2024/10/19 14:58"
3092,3560,"The wind is *blowing* from the sea.","風が海から*吹いて*いる。","2023/9/9 7:15","2024/10/19 14:59"
3093,3566,"the worst *movie* I’ve ever seen","今までに見た中で*最悪の*映画","2023/9/9 7:15","2024/10/19 15:00"
3094,3570,"*refuse* a request","要求*を拒む*","2023/9/9 7:15","2024/10/19 15:00"
3095,3571,"*arrange* the books","本*を並べる*","2023/9/9 7:15","2024/10/19 15:01"
3096,3574,"*greenhouse* effect","*温室*効果","2023/9/9 7:15","2024/11/16 11:29"
3097,3577,"*None* of them is sick.","彼らは*誰も*病気では*ない*。","2023/9/9 7:15","2024/11/16 11:30"
3098,3579,"entrance *fee*","入場*料金*","2023/9/9 7:15","2024/11/16 11:30"
3099,3585,"We *disagree* with him.","私たちは彼と*意見が合わない*。","2023/9/9 7:15","2024/11/16 11:31"
3100,3598,"The road *bends* to the right.","その道路は右に*曲がっている*。","2023/9/9 7:15","2024/11/16 11:33"
3101,3605,"*award* him the prize","彼*に*賞*を与える*","2023/9/9 7:15","2024/11/16 11:34"
3102,3622,"I was *confused* by his question.","私は彼の質問に*混乱させ*られた。","2023/9/9 7:15","2024/11/16 11:35"
3103,3629,"*native* language","*母国*語","2023/9/9 7:15","2024/11/16 11:35"
3104,3632,"natural *resources*","天然*資源*","2023/9/9 7:15","2024/11/16 11:36"
3105,3646,"*complain* about the weather","天気について*不平を言う*","2023/9/9 7:15","2024/11/16 11:38"
3106,3647,"*discuss* the plan","その計画*について議論する*","2023/9/9 7:15","2024/11/16 11:38"
3107,3652,"a tennis *match*","テニスの*試合*","2023/9/9 7:15","2024/11/16 11:39"
3108,3656,"Yes, *sir*.","はい、*わかりました*。","2023/9/9 7:15","2024/11/16 11:41"
3109,3659,"*display* paintings on the wall","壁に絵*を展示する*","2023/9/9 7:15","2024/11/16 11:42"
3110,3666,"take a *shower*","*シャワー*を浴びる","2023/9/9 7:15","2024/11/16 11:43"
3111,3670,"*operate* the computer","コンピュータ*を操作する*","2023/9/9 7:15","2024/11/16 11:44"
3112,3683,"*prefer* tea *to* coffee","コーヒー*より*紅茶*の方を好む*","2023/9/9 7:15","2024/11/16 11:45"
3113,3692,"*recognize* Tom by his voice","声でトム*とわかる*","2023/9/9 7:15","2024/11/16 11:46"
3114,3699,"the *Pacific* coast","*太平洋*沿岸","2023/9/9 7:15","2024/11/16 11:47"
3115,3701,"I `*believe* that you will succeed`.","私は`あなたが成功することを*信じている*`。","2023/9/9 7:15","2024/6/13 6:19"
3116,3702,"We `*consider* the lion to be the king if beasts`.","私達は`ライオンを百獣の王だと*見なしている*`。","2023/9/9 7:15","2024/6/13 6:39"
3117,3703,"He `*expects* the problem get worse`.","彼は`問題が悪化すると*思っている*`。","2023/9/9 7:15","2024/6/13 3:19"
3118,3704,"I `have *decided* to buy a new car`.","私は`新車を購入しようと*決めた*`。","2023/9/9 7:15","2024/6/14 11:03"
3119,3705,"She did no t `*allow* her daughter to go to the party`.","彼女は`娘がパーティーに行くのを*許さ*なかった`。","2023/9/9 7:15","2024/6/14 11:08"
3120,3706,"I `*remember* visiting Kyoto` when I was a university student.","大学生のころ`京都を訪れたのを*覚えている*`。","2023/9/9 7:15","2024/6/24 23:34"
3121,3707,"You shouldn’t `*worry* about the future`.","`将来のことを*心配する*`べきではない。","2023/9/9 7:15","2024/6/14 11:13"
3122,3708,"`These matters don’t *concern* me`.","`これらの事柄は私に*関係*がない`。","2023/9/9 7:15","2024/6/24 23:35"
3123,3709,"Ken `*suggested* that we should go` to Hawaii this summer.","ケンは今年の夏ハワイに`行くことを*提案した*`。","2023/9/9 7:15","2024/6/14 11:32"
3124,3710,"I `*explained* to the police how the accident happened`.","私は`その事故がどのように起きたかを警察に*説明した*`。","2023/9/9 7:15","2024/6/18 1:42"
3125,3711,"Can you `*describe* your missing dog`?","`いなくなった犬の特徴を*述べ*`ていただけますか。","2023/9/9 7:15","2024/6/18 2:00"
3126,3712,"You can `*improve* your english skills` by keeping a diary in English.","英語で日記を付けることで`英語の技能を*高める*`ことが出来る。","2023/9/9 7:15","2024/6/18 2:03"
3127,3713,"The company `*produces* electric vehicles`.","その会社は`電気自動車を*生産する*`。","2023/9/9 7:15","2024/6/18 2:49"
3128,3714,"SNSs have `*created* new lifestyles` for many people.","SNSは多くの人にとって`新しい生活様式を*生み出した*`。","2023/9/9 7:15","2024/6/18 2:51"
3129,3715,"We `*provided* the children with food and drink`.","私達は`その子どもたちに飲食物を*提供した*`。","2023/9/9 7:15","2024/6/18 2:52"
3130,3716,"The city’s population `has *increased* to over 35,000`.","その都市の人口は35,000人超に増えた。","2023/9/9 7:15","2024/6/18 2:54"
3131,3717,"I want to be a lawyer `when I *grow* up`.","私は`*大人になっ*たら`弁護士になりたい。","2023/9/9 7:15","2024/6/19 11:39"
3132,3718,"The company `*developed* a new automation system`.","その会社は`新たな自動化システムを*開発した*`。","2023/9/9 7:15","2024/6/19 12:14"
3133,3719,"Land `prices have *risen* sharply`.","土地の`価格が急激に*上がった*`。","2023/9/9 7:15","2024/6/19 12:24"
3134,3720,"The government `*raised* the sales tax` to ten percent.","政府は`売上税`を10%に`*引き上げた*`。","2023/9/9 7:15","2024/6/19 12:25"
3135,3721,"`The meal was *followed* by dessert`.","`食事の後にデザートが*続いた*`。","2023/9/9 7:15","2024/6/19 12:27"
3136,3722,"They `*require* Japanese students to take an English course`.","彼らは`日本人学生に英語の講座を受けるよう*求めている*`。","2023/9/9 7:15","2024/6/19 12:28"
3137,3723,"She `*filled* my glass with water`.","彼女は`私のコップを水で*満たした*`。","2023/9/9 7:15","2024/6/19 12:29"
3138,3724,"Most of the people `*supported* the President’s action`.","ほとんどの人は`大統領の行動を*支持した*`。","2023/9/9 7:15","2024/6/19 12:31"
3139,3725,"I will `*share* the room with my little sister.`","私は`その部屋を妹と*共同利用する*`つもりだ。","2023/9/9 7:15","2024/6/19 12:32"
3140,3726,"The world will `*face* a food crisis` sooner or later.","世界は遅かれ早かれ`食糧危機に*直面する*`だろう。","2023/9/9 7:15","2024/6/19 12:33"
3141,3727,"The entire audience `was *touched* by her performance`.","聴衆は皆`彼女の演技に*感動した*`。","2023/9/9 7:15","2024/6/22 3:34"
3142,3728,"Some animals `*store* food` for the long winter.","長い冬に向けて`食料を*貯蔵する*`動物もいる。","2023/9/9 7:15","2024/6/22 3:35"
3143,3729,"I `*paid* 10,000 yen for the repairs`.","私は`その修理に10,000円を*支払った*`。","2023/9/9 7:15","2024/6/22 3:38"
3144,3730,"The doctor taught him how to `*deal* with stress`.","その医者は彼に`ストレスに*対処する*`方法を教えた。","2023/9/9 7:15","2024/6/22 3:44"
3145,3731,"You can `*save* time` with our services.","私たちのサービスで`時間を*節約する*`ことができます。","2023/9/9 7:15","2024/6/22 3:45"
3146,3732,"`A traffic accident *happened*` here.","ここで`交通事故が*起きた*`。","2023/9/9 7:15","2024/6/22 3:46"
3147,3733,"`This type of problem can *occur* anywhere` in the world.","`この種の問題は`世界中の`至る所で*起こり*うる`。","2023/9/9 7:15","2024/6/22 3:48"
3148,3734,"Everything `is *working* smoothly`.","すべてが`順調に*機能して*いる`。","2023/9/9 7:15","2024/6/22 3:48"
3149,3735,"The Internet `has *changed* our lives dramatically`.","インターネットは`私たちの生活を劇的に*変えた*`。","2023/9/9 7:15","2024/6/22 3:49"
3150,3736,"My father `*runs* a small company`.","私の父は`小さな会社を*経営している*`。","2023/9/9 7:15","2024/6/22 3:50"
3151,3737,"Don’t forget to `*turn* off the lights`.","`明かりを*消す*`のを忘れないでください。","2023/9/9 7:15","2024/6/22 3:51"
3152,3738,"It is `time to *return* home`.","`家に*帰る*時間`だ。","2023/9/9 7:15","2024/6/22 3:52"
3153,3739,"I `couldn’t *stand* the noise` anymore.","私はもう`その騒音を*我慢する*ことができなかった`。","2023/9/9 7:15","2024/6/22 3:53"
3154,3740,"He likes to `*lie* on the sofa`.","彼は`ソファで*横になる*`のが好きだ。","2023/9/9 7:15","2024/6/22 3:54"
3155,3741,"Alcohol can affect `both your body and *brain*`.","お酒は`体と*脳*の両方`に影響を与えうる。","2023/9/9 7:15","2024/6/22 3:54"
3156,3742,"You should `keep your parents’ advice in *mind*`.","あなたは`ご両親のアドバイスを*心*に留めておく`べきだ。","2023/9/9 7:15","2024/6/22 3:55"
3157,3743,"Her `native *language*` is Chinese.","彼女の`母*語*`は中国語だ。","2023/9/9 7:15","2024/6/22 3:56"
3158,3744,"A new `*thought* occurred to me`.","新しい`*考え*が心に浮かんだ`。","2023/9/9 7:15","2024/6/22 3:57"
3159,3745,"Translators require `a good *knowledge* of English`.","翻訳者は`十分な英語の*知識*`を必要とする。","2023/9/9 7:15","2024/6/22 3:58"
3160,3746,"We have to `develop communication *skills*`.","私たちは`コミュニケーションの*技術*を身につけ`なければならない。","2023/9/9 7:15","2024/6/22 3:59"
3161,3747,"We live in the age of `information *technology*`.","私たちは`情報*科学技術*`の時代に生きている。","2023/9/9 7:15","2024/6/22 3:59"
3162,3748,"`Japanese popular *culture*` has influenced many aspects of Western culture.","`日本の大衆*文化*`は西洋文化の多くの側面に影響を与えてきた。","2023/9/9 7:15","2024/6/22 4:01"
3163,3749,"You need at least `three years of work *experience*` for this job.","この仕事には少なくとも`3年の実務*経験*`が必要だ。","2023/9/9 7:15","2024/6/22 4:04"
3164,3750,"The teacher graded her students on `the final *results*` of their research.","教師は研究の`最終*結果*`に基づいて生徒に成績を付けた。","2023/9/9 7:15","2024/6/22 4:05"
3165,3751,"I will give you `three *reasons* for my opinion`.","`私の意見についての3つの*理由*`をお伝えします。","2023/9/9 7:15","2024/6/22 4:06"
3166,3752,"There are several `possible *causes* of global warming`.","いくつかの`地球温暖化の考えられる*原因*`がある。","2023/9/9 7:15","2024/6/22 4:07"
3167,3753,"Everything you eat `has some *effect* on your body`.","食べるものすべてが`身体に何らかの*影響*を及ぼす`。","2023/9/9 7:15","2024/6/22 4:08"
3168,3754,"Climate change may become `a *matter* of life and death` for us.","気候変動は私たちにとって`死活*問題*`になりかねない。","2023/9/9 7:15","2024/6/22 4:10"
3169,3755,"Dogs have `a sharp *sense* of smell`.","犬には`鋭い嗅*覚*`が備わっている。","2023/9/9 7:15","2024/6/22 4:11"
3170,3756,"We earn money `in different *ways*`.","私たちは`異なる*方法*で`お金を稼いでいる。","2023/9/9 7:15","2024/6/24 2:20"
3171,3757,"The president serves `a four-year *term*`.","大統領は`4年間の*任期*`だ。","2023/9/9 7:15","2024/6/24 2:21"
3172,3758,"She found herself `in a difficult *situation*`.","彼女は気がついてみると`困難な*状況*`にいた。","2023/9/9 7:15","2024/6/24 2:22"
3173,3759,"They work `under poor *conditions*`.","彼らは`劣悪な*状況*下で`働いている。","2023/9/9 7:15","2024/6/24 2:23"
3174,3760,"I `showed her our *position*` on the map.","私は`彼女に自分たちの*位置*を`地図上で示した。","2023/9/9 7:15","2024/6/24 2:23"
3175,3761,"We should `protect the global *environment*`.","私たちは`地球*環境*を守る`べきだ。","2023/9/9 7:15","2024/6/24 2:24"
3176,3762,"There is `a lot of beautiful *nature*` in the area.","その地域には`たくさんの美しい*自然*`があります。","2023/9/9 7:15","2024/6/24 2:25"
3177,3763,"They `do *research* into the causes of cancer`.","彼らは`癌の原因について*研究*している`。","2023/9/9 7:15","2024/6/24 2:26"
3178,3764,"Despite the fines, they continued to `break the *rules*`.","罰金が科せられるにもかかわらず、彼らは`その*規則*を破り`続けた。","2023/9/9 7:15","2024/6/24 2:27"
3179,3765,"I `have no *interest* in mathematics`.","私は`数学に*興味*がない`。","2023/9/9 7:15","2024/6/24 2:28"
3180,3766,"She `puts a high *value* on friendship`.","彼女は`友情に高い*価値*を置く`。","2023/9/9 7:15","2024/6/24 2:29"
3181,3767,"I `share her *views*` on nuclear power plants.","私は原子力発電所に関して`彼女と*意見*が同じだ`。","2023/9/9 7:15","2024/6/24 2:30"
3182,3768,"I `hear the *sound*` of a door bell.","玄関のベルの`*音*が聞こえた`。","2023/9/9 7:15","2024/6/24 2:31"
3183,3769,"The rock has `the *form* of a human face`.","その岩は`人間の顔の*形*`をしている。","2023/9/9 7:15","2024/6/24 2:32"
3184,3770,"`In most *cases*`, such a mistake is not a big problem.","`ほとんどの*場合*`、そのような失敗は大きな問題ではない。","2023/9/9 7:15","2024/6/24 2:33"
3185,3771,"Teachers `play an important *role* in education`.","教師は`教育において重要な*役割*を果たす`。","2023/9/9 7:15","2024/6/24 2:34"
3186,3772,"She started her career as an actress `at the *age* of 15`.","彼女は`15*歳*の時に`女優としてのキャリアのスタートを切った。","2023/9/9 7:15","2024/6/24 2:35"
3187,3773,"The hospital provides 24-hour `medical *care*`.","この病院は24時間体制で`医*療*`を提供している。","2023/9/9 7:15","2024/6/24 2:36"
3188,3774,"He doesn’t want to `take the *risk* of losing a lot of money`.","彼は`多くのお金を使う*危険*を冒し`たくない。","2023/9/9 7:15","2024/6/24 2:37"
3189,3775,"Freedom is `a basic *human* right`.","自由は`基本的*人*権`だ。","2023/9/9 7:15","2024/6/24 2:38"
3190,3776,"You `are *free* to use everything` in this house.","この家にあるものは`何でも*自由に*使ってください`。","2023/9/9 7:15","2024/6/24 2:39"
3191,3777,"I’`m *sure* that you will pass the exam`.","私は`あなたが試験に受かることを*確信して*いる`。","2023/9/9 7:15","2024/6/24 2:40"
3192,3778,"I’`m *certain* that she’ll say yes to my proposal`.","私は`彼女がプロポーズに同意してくれることを*確信して*いる`。","2023/9/9 7:15","2024/6/24 2:41"
3193,3779,"`The *main* theme` of this book is slavery.","この本の`主*題*`は奴隷制度だ。","2023/9/9 7:15","2024/6/24 2:42"
3194,3780,"The use of smartphones while driving is one of `the *major* causes` of car accidents.","運転中のスマートフォンの使用が自動車事故の`*主要な*原因`の1つだ。","2023/9/9 7:15","2024/6/24 2:43"
3195,3781,"You cannot treat this engine trouble as `a *minor* problem`.","君たちはこのエンジントラブルを`*ささいな*問題`と見なすことはできない。","2023/9/9 7:15","2024/6/24 2:45"
3196,3782,"`It’s *clear* that the driver is responsible` for the accident.","`運転手に`その自己の`責任があるのは*明らかだ*`。","2023/9/9 7:15","2024/6/24 2:46"
3197,3783,"`Those species are *likely* to die out` in the very near future.","`それらの生物種は`非常に近い将来、`絶滅*しそうだ*`。","2023/9/9 7:15","2024/6/24 2:47"
3198,3784,"`It is *possible* that we could discover life` on Mars.","火星に`生命体を発見できると言うことは*あり得る*`。","2023/9/9 7:15","2024/6/24 2:48"
3199,3785,"`Korean grammar is *similar* to Japanese grammar`.","`韓国語の文法は日本語の文法と*似ている*`。","2023/9/9 7:15","2024/6/24 2:49"
3200,3786,"Her birthday `is very *close* to mine`.","彼女の誕生日は`私の誕生日にとても*近い*`。","2023/9/9 7:15","2024/6/24 2:51"
3201,3787,"English is the most `*common* language` in the world.","英語は世界で1番の`*共通*語だ`。","2023/9/9 7:15","2024/6/24 2:52"
3202,3788,"Perfumes became popular among `the *general* public` in the 19th century.","19世紀に香水が`*一般*大衆`に広まった。","2023/9/9 7:15","2024/6/24 2:53"
3203,3789,"Someday, `*ordinary* people` will be able to travel in space.","いつの日か、`*普通の*人々`が宇宙に旅行できるようになるだろう。","2023/9/9 7:15","2024/6/24 2:54"
3204,3790,"He did not gave `a *specific* answer` to the question.","彼はその質問に対して`*明確な*答え`を与えなかった。","2023/9/9 7:15","2024/6/24 2:55"
3205,3791,"I `have nothing *particular* to do` today.","今日`するべき*特別な*ことは何もない`。","2023/9/9 7:15","2024/6/24 2:56"
3206,3792,"The government must protect `*individual* freedom`.","政府は`*個人の*自由`を守らなければならない。","2023/9/9 7:15","2024/6/24 2:56"
3207,3793,"Fingerprints `are *unique* to each individual`.","指紋は`個々人に*特有の*ものだ`。","2023/9/9 7:15","2024/6/24 2:57"
3208,3794,"There are many `*rare* species` of wild animals on this island.","この島には多くの`*珍しい*種`の野生動物がいる。","2023/9/9 7:15","2024/6/24 2:58"
3209,3795,"She was injured and `*therefore*` unable to play.","彼女はけがをして`*その結果*`プレーできなかった。","2023/9/9 7:15","2024/6/24 2:59"
3210,3796,"He is the eldest son; `*thus*`, he will take over his father’s business.","彼は長男だ。`*したがって*`、父の仕事を引き継ぐことになるだろう。","2023/9/9 7:15","2024/6/24 3:00"
3211,3797,"The location is great and, `*moreover*`, the rent is reasonable.","立地が素晴らしく、`*そのうえ*`、家賃も手頃だ。","2023/9/9 7:15","2024/6/24 3:01"
3212,3798,"She passed the entrance exam and, `*furthermore*`, got a scholarship.","彼女は入学試験に合格し、`*そのうえ*`、奨学金を得た。","2023/9/9 7:15","2024/6/24 3:02"
3213,3799,"I was tired. `*Besides*`, I was sleepy.","私は疲れていた。`*そのうえ*`、眠かった。","2023/9/9 7:15","2024/6/24 3:03"
3214,3800,"It was raining. `*Nonetheless*`, I went to the park.","雨が降っていた。`*それでも*`、私は公園に行った。","2023/9/9 7:15","2024/6/24 3:04"
3215,3801,"I `*noticed* that her eyes were red`.","私は`彼女の目が充血していることに*気付いた`*。","2023/9/9 7:15","2024/6/25 0:05"
3216,3802,"Please`*note* that food and drinks are not allowed in the theater`.","`劇場内での飲食は禁じられていることに*留意して*`ください。","2023/9/9 7:15","2024/6/25 0:07"
3217,3803,"The scientists `*discovered* the new plant species`.","その科学者たちは`新種の植物を*発見した*`。","2023/9/9 7:15","2024/6/25 0:08"
3218,3804,"I `*realize* how important it is to learn a foreign language`.","私は`外国語を学ぶことがいかに重要かを*理解している*`。","2023/9/9 7:15","2024/6/25 0:09"
3219,3805,"I `instantly *recognized* his face`, but I couldn’t remember his name.","私は`彼の顔がすぐに*分かった*`が、名前は思い出せなかった。","2023/9/9 7:15","2024/6/25 0:10"
3220,3806,"Our teacher `*encouraged* us to try harder`.","先生は`もっと頑張るよう私たちを*励ました*`。","2023/9/9 7:15","2024/6/25 0:15"
3221,3807,"Her boss often `*forces* her to work overtime`.","彼女の上司はよく`彼女に*無理やり*残業*させる*`。","2023/9/9 7:15","2024/6/25 0:16"
3222,3808,"We `have *ordered* a new carpet from the store`.","私たちは`新しいカーペットをその店に*注文した*`。","2023/9/9 7:15","2024/6/25 0:17"
3223,3809,"Drinking alcohol can `*affect* your physical and mental health`.","お酒を飲むことは`体と心の健康に*影響を及ぼす*ことがある`。","2023/9/9 7:15","2024/6/25 0:18"
3224,3810,"The kind boy `*offered* his seat to an elderly lady`.","その親切な少年は`高齢の女性に席を*譲った*`。","2023/9/9 7:15","2024/6/25 0:19"
3225,3811,"The coach`*demanded* that her team practice harder`.","そのコーチは`彼女のチームがより熱心に練習することを*要求した*`。","2023/9/9 7:15","2024/6/25 0:20"
3226,3812,"Some scientists `*argue* that personality is formed in early childhood`.","`性格は幼児期に形成されると*主張する`*科学者もいる。","2023/9/9 7:15","2024/6/25 0:21"
3227,3813,"He `*claimed* that he knew nothing` about the accident.","彼はその事故について`何も知らないと*主張した*`。","2023/9/9 7:15","2024/6/25 0:22"
3228,3814,"Some countries `*object* to the use of nuclear power`.","`原子力の使用に*反対する*`国もある。","2023/9/9 7:15","2024/6/25 0:23"
3229,3815,"The reporter `*challenged* the President’s claim`.","その記者は`大統領の主張に*異議を唱えた*`。","2023/9/9 7:15","2024/6/25 0:24"
3230,3816,"He `got *involved* in illegal activities`.","彼は`違法行為に*巻き込まれた*`。","2023/9/9 7:15","2024/6/25 0:26"
3231,3817,"The price `*includes* consumption tax`.","その価格は`消費税*を含む*`。","2023/9/9 7:15","2024/6/25 0:27"
3232,3818,"The website `*contains* misleading information`.","このウェブサイトは`誤解を招く情報を*含む*`。","2023/9/9 7:15","2024/6/25 0:27"
3233,3819,"I don’t believe that personality `is *related* to blood type`.","私は性格が`血液型と*関係がある*`とは思わない。","2023/9/9 7:15","2024/6/25 0:28"
3234,3820,"That railway line `*connects* Tokyo with Narita`.","その鉄道路線は`東京を成田と*結んでいる*`。","2023/9/9 7:15","2024/6/25 0:29"
3235,3821,"He `*reffered* to the report` in his speech.","彼は講演の中で`そのレポートに*言及した*`。","2023/9/9 7:15","2024/6/25 0:30"
3236,3822,"I `*contacted* the police` when I saw the accident.","私は事故を目撃したとき`警察に*連絡した*`。","2023/9/9 7:15","2024/6/25 0:43"
3237,3823,"The study `*compares* human beings with other animals`.","その研究は`人間をほかの動物と*比べている*`。","2023/9/9 7:15","2024/6/25 0:44"
3238,3824,"I used a timer to `*measure* reading speed`.","私は`読む速さを*測る*`ためにストップウォッチを使った。","2023/9/9 7:15","2024/6/25 0:45"
3239,3825,"She `*marked* her name on her gym clothes`.","彼女は`体操着に名前を*入れた*`。","2023/9/9 7:15","2024/6/25 0:49"
3240,3826,"A large typhoon `is *approaching* Okinawa`.","大型の台風が`沖縄に*近づいて*いる。`","2023/9/9 7:15","2024/6/25 0:50"
3241,3827,"We `*reached* the island` by ship.","私たちは船で`その島に*到着した`*。","2023/9/9 7:15","2024/6/25 0:50"
3242,3828,"We finally `*achieved* the goal`.","私たちはついに`目標を*達成した*`。","2023/9/9 7:15","2024/6/25 0:51"
3243,3829,"She `*received* a reply from him`.","彼女は`彼から返事を*受け取った*`。","2023/9/9 7:15","2024/6/25 0:51"
3244,3830,"You can `*complete* the task` in a few weeks.","あなたは2、3週間で`その課題を*完成させる*`ことができる。","2023/9/9 7:15","2024/6/25 0:52"
3245,3831,"His shot `*led* his team victory`.","彼のシュートが`チームを勝利に*導いた*`。","2023/9/9 7:15","2024/6/25 0:53"
3246,3832,"She expects to `*win* the race`.","彼女は`レースに*勝つ*`つもりだ。","2023/9/9 7:15","2024/6/25 0:54"
3247,3833,"I `*lost* my key` along the way.","私は道の途中で`鍵を*なくした*`。","2023/9/9 7:15","2024/6/25 0:54"
3248,3834,"They `*failed* to reach an agreement`.","彼らは`合意に達することが*できなかった*`。","2023/9/9 7:15","2024/6/25 0:55"
3249,3835,"I `*missed* the train` by a minute.","私は1分差で`列車に*乗り遅れた*`。","2023/9/9 7:15","2024/6/25 0:56"
3250,3836,"He `*lacked* the experience` to play the role.","彼はその役割を担うには`経験が*不足していた*`。","2023/9/9 7:15","2024/6/25 0:57"
3251,3837,"The employees want to `*reduce* their working hours`.","従業員たちは`労働時間を*減らし*たい`と思っている。","2023/9/9 7:15","2024/6/25 0:57"
3252,3838,"You should try to `*avoid* making mistakes`.","君たちは`間違えることを*避ける*`よう努力すべきだ。","2023/9/9 7:15","2024/6/25 0:58"
3253,3839,"We `*limited* our research to Asian nations`.","私たちは`調査をアジア諸国に*限定した*`。","2023/9/9 7:15","2024/6/25 0:59"
3254,3840,"Bright lights `*prevent* people from falling asleep`.","明るい光は`人が眠りに就くのを*妨げる*`。","2023/9/9 7:15","2024/6/25 1:00"
3255,3841,"He always `*wears* the same clothes`.","彼はいつも`同じ服を*着ている*`。","2023/9/9 7:15","2024/6/25 1:00"
3256,3842,"I `can’t *bear* the noise` any longer.","私はもうこれ以上`騒音を*我慢する*ことができない`。","2023/9/9 7:15","2024/6/25 1:01"
3257,3843,"We should `*focus* our efforts on that problem`.","私たちは`努力をその問題に*集中させる*`べきだ。","2023/9/9 7:15","2024/6/25 1:02"
3258,3844,"`The *author* of Hamlet` is Shakespeare.","`「ハムレット」の*著者*`はシェイクスピアだ。","2023/9/9 7:15","2024/6/25 1:03"
3259,3845,"`*Professor* Smith` is amazingly good at speaking Chinese.","`スミス*教授*`は中国語を話すのが驚くほどうまい。","2023/9/9 7:15","2024/6/25 1:04"
3260,3846,"`The final *sentence* of the passage` is the author’s point of view.","`その一節の最終*文*`は著者の見解だ。","2023/9/9 7:15","2024/6/25 1:05"
3261,3847,"`Read the *passage*`, and answer the questions.","`*文章の一節を*読み`、質問に答えなさい。","2023/9/9 7:15","2024/6/25 1:06"
3262,3848,"`Can I leave a *message*?`","`*伝言*をお願いできますか`。","2023/9/9 7:15","2024/6/25 1:07"
3263,3849,"Which if `the following *statement*` is true?","`次の*陳述*`のうちどれが正しいか。","2023/9/9 7:15","2024/6/25 1:08"
3264,3850,"`The *topic* of today’s debate` is “school uniforms,”","今日の`ディベートの*論題*`は「制服」だ。","2023/9/9 7:15","2024/6/25 1:09"
3265,3851,"`This *article* on education` is worth reading.","`教育についてのこの*記事*`は読む価値がある。","2023/9/9 7:15","2024/6/25 1:13"
3266,3852,"I avoided `political *issules*`.","私は`政治的な*問題*`を避けた。","2023/9/9 7:15","2024/6/25 1:14"
3267,3853,"Charles Darwin is well known for `his *theory* of evolution`.","チャールズ・ダーウィンは`進化*論*`で有名だ。","2023/9/9 7:15","2024/6/25 1:14"
3268,3854,"There is `enough *evidence* to support his theory`.","`彼の理論を支持するのに十分な*証拠*`がある。","2023/9/9 7:15","2024/6/25 1:15"
3269,3855,"I object to `*experiments* on living animals`.","私は`動物の生体*実験*`に反対だ。","2023/9/9 7:15","2024/6/25 1:16"
3270,3856,"We `talked about the *subject*` for hours.","私たちは何時間も`その*話題*について話し合った`。","2023/9/9 7:15","2024/6/25 1:17"
3271,3857,"He says that `the Japanese *government*` should accept more immigrants.","`日本*政府*`はもっと多くの移民を受け入れるべきだと彼は言う。","2023/9/9 7:15","2024/6/25 1:18"
3272,3858,"I don’t agree with `the government’s *policy* on food`.","私は`政府の食糧*政策*`には賛成しない。","2023/9/9 7:15","2024/6/25 1:19"
3273,3859,"It costs a lo to `get a higher *education*``.","`高等*教育*を受ける`には多大な費用がかかる。","2023/9/9 7:15","2024/6/26 6:40"
3274,3860,"His grandfather `started a food *company*`.","彼の祖父は`食品*会社*を設立した`。","2023/9/9 7:15","2024/6/26 6:41"
3275,3861,"`A *colleague* of mine` helped me with the presentation.","`私の*同僚*の1人`がプレゼンテーションを手伝ってくれた。","2023/9/9 7:15","2024/6/26 6:42"
3276,3862,"The country is highly dependent on `the tourist *industry*`.","その国は`観光*産業*`に大きく依存している。","2023/9/9 7:15","2024/6/26 6:43"
3277,3863,"She is engaged international *trade*`.","彼女は`国際*貿易*`に携わっている。","2023/9/9 7:15","2024/6/26 6:44"
3278,3864,"`The world *economy*` depends on `the U.S. *economy*.","`世界*経済*`は`アメリカ*経済*`に左右される。","2023/9/9 7:15","2024/6/26 6:45"
3279,3865,"We must meet our `*customers*’ needs`.","私たちは`*顧客*の要望`に応えなければならない。","2023/9/9 7:15","2024/6/26 6:46"
3280,3866,"I believe that a vegetarian diet `provides health *benefits*`.","私は菜食が`健康上の*利益*をもたらす`と信じている。","2023/9/9 7:15","2024/6/26 6:47"
3281,3867,"`The *figure* below shows` the percentage of population increase.","`下の*図表*は`人口増加の割合を`示している`。","2023/9/9 7:15","2024/6/26 6:48"
3282,3868,"`The unemployment *rate* is decreasong`.","`失業*率*は下がりつつある`。","2023/9/9 7:15","2024/6/26 6:49"
3283,3869,"He has little `*chance* of winning`.","彼が`勝つ*見こみ`*はほとんどない。","2023/9/9 7:15","2024/6/26 6:56"
3284,3870,"I want `an *opportunity* to travel abroad`.","私は`海外旅行をする*機会*`が欲しい。","2023/9/9 7:15","2024/6/26 6:57"
3285,3871,"He `took part in the big *project*` to build a bridge.","彼は橋の建設という`大*事業*に参加した`。","2023/9/9 7:15","2024/6/26 6:58"
3286,3872,"My son `goes to baseball *practice*` every sunday.","私の息子は毎週日曜日に`野球の*練習*にいく`。","2023/9/9 7:15","2024/6/26 6:59"
3287,3873,"My failure was caused by `a lack of *effort*`.","私の失敗は`*努力*不足`が原因だった。","2023/9/9 7:15","2024/6/26 6:59"
3288,3874,"The guests at this hotel are willing to pay for `high *quality*`.","このホテルの客は`高い*品質*`に対してお金を出すのをいとわない。","2023/9/9 7:15","2024/6/26 7:00"
3289,3875,"There was `a large *quantity* of fuel` on board the ship.","その船のうえには`大*量*の燃料`が積まれていた。","2023/9/9 7:15","2024/6/26 7:01"
3290,3876,"I have `only a small *amount* of money` now.","私は今`ほんの少*額*のお金しか`持っていない。","2023/9/9 7:15","2024/6/26 7:02"
3291,3877,"We did `a *scientific* experiment` in class.","私たちは授業で`科学*実験*`をした。","2023/9/9 7:15","2024/6/26 7:03"
3292,3878,"We need `a new *political* party`.","私たちには`新しい*政*党`が必要だ。","2023/9/9 7:15","2024/6/26 7:04"
3293,3879,"He wrote about `the world’s *social* problems`.","彼は`世界の*社会*問題`について書いた。","2023/9/9 7:15","2024/6/26 7:05"
3294,3880,"Some people want to make English `Japan’s second *official* language`.","英語を`日本の第2*公用*語`にしたがっている人もいる。","2023/9/9 7:15","2024/6/26 7:06"
3295,3881,"The city is facing `a *financial* crises`.","その市は`*財政*危機`に直面している。","2023/9/9 7:15","2024/6/26 7:07"
3296,3882,"He likes to buy `*expensive* shoes`*","彼は`*高価な*靴`を買うのが好きだ。","2023/9/9 7:15","2024/6/26 7:07"
3297,3883,"She didn’t accept the offer `for *various* resons`.","彼女は`*様々な*理由から`その申し出を受け入れなかった。","2023/9/9 7:15","2024/6/26 7:08"
3298,3884,"The nurse helped the patient return to `a *normal* life`.","その看護師は患者が`*普通*の生活`に戻れるよう支援した。","2023/9/9 7:15","2024/6/26 7:09"
3299,3885,"The professor `is *familiar* with economic theories`.","その教授は`経済理論を*よく知って*いる`。","2023/9/9 7:15","2024/6/26 7:10"
3300,3886,"Her flashy dress `is not *appropriate* for a funeral`.","彼女の派手なドレスは`葬式に*ふさわしく*ない`。","2023/9/9 7:15","2024/6/26 7:11"
3301,3887,"`It is *necessary* to get enough sleep` to remain healthy.","健康でいるためには`十分な睡眠を取ることが*必要だ*`。","2023/9/9 7:15","2024/6/26 7:12"
3302,3888,"`Your answer to the question is *correct*`.","`その問題に対するあなたの答えは*正しい*`。","2023/9/9 7:15","2024/6/26 7:13"
3303,3889,"The city library `is *available* to all citizens`.","市の図書館は`すべての市民に*利用可能だ*`。","2023/9/9 7:15","2024/6/26 7:13"
3304,3890,"This is `a *typical* example` of Japanese pop music.","これが日本のポップミュージックの`*典型的な*例`です。","2023/9/9 7:15","2024/6/26 7:14"
3305,3891,"She has `a very *positive* attitude` toward everything.","彼女はあらゆることに対してとても`*積極的な*姿勢`だ。","2023/9/9 7:15","2024/6/26 7:15"
3306,3892,"That medicine has `*negative* side effects`.","その薬には`*好ましくない*副作用`がある。","2023/9/9 7:15","2024/6/26 7:16"
3307,3893,"Compared with reading, watching TV is `a *passive* activity`.","読書と比べると、テレビを見ることは`*受動的な*活動`だ。","2023/9/9 7:15","2024/6/26 7:17"
3308,3894,"`*Physical* exercise` prevents heart disease.","`*身体の*運動`は心臓の病気を予防する。","2023/9/9 7:15","2024/6/26 7:18"
3309,3895,"Physical exercise is good for `*mental* health`.","身体の運動は`*精神*衛生`によい。","2023/9/9 7:15","2024/6/26 7:19"
3310,3896,"He `is a salesperson *rather* than an engineer`.","彼は`技師というよりも*むしろ*販売員だ`。","2023/9/9 7:15","2024/6/26 7:20"
3311,3897,"The rice burgers are sold out. Why not try the teriyaki burger, `*instead*`?","ライスバーガーは売り切れです。`*その代わりに*`テリヤキバーガーをいかがですか。","2023/9/9 7:15","2024/6/26 7:21"
3312,3898,"Talk louder; `*otherwise*`, people will not be able to hear you.","もっと大きい声で話しなさい。`*そうしないと*`、人に聞こえないだろう。","2023/9/9 7:15","2024/6/26 7:23"
3313,3899,"I `must finish the homework somehow`.","私は`*どうにかして*宿題を終えなければならない`。","2023/9/9 7:15","2024/6/26 7:23"
3314,3900,"The exam `was *somewhat* easier` than I had expected.","試験は思っていたよりも`*いくぶん*簡単だった`。","2023/9/9 7:15","2024/6/26 7:24"
3315,3901,"I `*wonder* why she doesn’t look at me`.","`どうして彼女は私を見てくれないの*だろうか*`。","2023/9/9 7:15","2024/6/27 4:51"
3316,3902,"I `*suppose* he is over sixty`.","`*たぶん*彼は60才を超えていると`私は`*思う*`。","2023/9/9 7:15","2024/6/27 4:53"
3317,3903,"I cannot `*imagine* what it was like to live during the war`.","私は`戦争中の暮らしがどのようなものだったのか*想像する*`ことができない。","2023/9/9 7:15","2024/6/27 4:54"
3318,3904,"He `*regards* the baseball player as a hero`.","彼は`その野球選手を英雄と*見なしている*`。","2023/9/9 7:15","2024/6/27 4:55"
3319,3905,"He `*wishes* he could speak English`.","彼は`英語を話せたら*いいのにと思っている*`。","2023/9/9 7:15","2024/6/27 4:55"
3320,3906,"He `*determined* his major` at his university.","彼は大学での`専攻を*決めた*`。","2023/9/9 7:15","2024/6/27 4:56"
3321,3907,"The parents `*expressed* concern over school safety`.","その両親は`学校の安全性に関して懸念を*表明した*`。","2023/9/9 7:15","2024/6/27 4:57"
3322,3908,"The rain in this picture `*represents* sorrow`.","この絵の中の雨は`悲しみを*象徴している*`。","2023/9/9 7:15","2024/6/27 4:58"
3323,3909,"The police quickly `*identified* the criminal`.","警察はすぐに`犯人を*特定した*`。","2023/9/9 7:15","2024/6/27 4:59"
3324,3910,"The author `*mentioned* the same point` several times.","筆者は何度か`同じ点について*言及した*`。","2023/9/9 7:15","2024/6/27 5:00"
3325,3911,"The little girl `*solved* the problem` by herself.","その少女は一人で`その問題を*解決した*`。","2023/9/9 7:15","2024/6/27 5:01"
3326,3912,"Scientists must `*prove* that their theories are correct`.","科学者は`自分の理論が正しいことを*証明し*`なければならない。","2023/9/9 7:15","2024/6/27 5:02"
3327,3913,"The actor `*communicates* with his fans` daily.","その俳優は毎日`ファンと*意思疎通をしている*`。","2023/9/9 7:15","2024/6/27 5:03"
3328,3914,"I `*respect* him for his charity work`.","私は`彼を慈善活動の点で*尊敬している*`。","2023/9/9 7:15","2024/6/27 5:04"
3329,3915,"I `*prefer* bread to rice` for breakfast.","私は朝食には`ご飯よりパンの*方が好きだ*`。","2023/9/9 7:15","2024/6/27 5:05"
3330,3916,"The new stadium `is *designed* to seat 80,000 people`.","新スタジアムは`8万人収容できるように*設計されている*`。","2023/9/9 7:15","2024/6/27 5:06"
3331,3917,"His dream is to `*establish* a school` in his home country.","彼の夢は祖国に`学校を*設立する*`ことだ。","2023/9/9 7:15","2024/6/27 5:07"
3332,3918,"He `*founded* the company` in 1903.","彼は1903年に`その会社を*設立した*`。","2023/9/9 7:15","2024/6/27 5:08"
3333,3919,"He `has *published* 24 books` in the last decade.","彼はこの10年間で`24冊の本を*出版している*`。","2023/9/9 7:15","2024/6/27 5:08"
3334,3920,"This tool `*serves* many purposes`.","この道具は`多様な目的に*役立つ*`。","2023/9/9 7:15","2024/6/27 5:09"
3335,3921,"The government decided to `*supply* the refugees with extra food`.","政府は`その難民に追加の食糧を*供給する*`ことに決めた。","2023/9/9 7:15","2024/6/27 5:10"
3336,3922,"I `am *applying* to university` this year.","私は今年`大学に*出願する*予定だ`。","2023/9/9 7:15","2024/6/27 5:11"
3337,3923,"She always `*treats* me like a child`.","彼女はいつも`私を子どものように*扱う*`。","2023/9/9 7:15","2024/6/27 5:12"
3338,3924,"I `*searched* the room for the ring`.","私は`指輪を求めてその部屋を*探した*`。","2023/9/9 7:15","2024/6/27 5:12"
3339,3925,"He `is *preparing* for tomorrow’s presentation`.","彼は`明日の発表の*準備をして*いる`。","2023/9/9 7:15","2024/6/27 5:13"
3340,3926,"We have to `*protect* the environment from destruction and pollution`.","私たちは`破壊と汚染から環境を*保護し*`なければならない。","2023/9/9 7:15","2024/6/27 5:14"
3341,3927,"That was really great. You `*picked* a good restaurant`.","とても美味しかった。`よいレストランを*選んだ*`ね。","2023/9/9 7:15","2024/6/27 5:15"
3342,3928,"`My mother’s old dress *fits* me.`","`母の昔のドレスが私に*ぴったり合う*`。","2023/9/9 7:15","2024/6/27 5:16"
3343,3929,"Kenya `*gained* independence` in 1963.","ケニアは1963年に`独立を*獲得した*`。","2023/9/9 7:15","2024/6/27 5:17"
3344,3930,"American students `*enter* college` in September.","アメリカの学生は9月に`大学に*入る*`。","2023/9/9 7:15","2024/6/27 5:18"
3345,3931,"`The flu *spread* throughout the country`.","`インフルエンザが国中に*広がった*`。","2023/9/9 7:15","2024/6/27 5:18"
3346,3932,"In the past decades, `scientific knowledges has *advanced* greatly`.","過去数十年で、`科学的知識は大きく*進歩した*`。","2023/9/9 7:15","2024/6/27 5:19"
3347,3933,"`Japanese employees *tend* to work long hours`.","`日本人従業員は長時間働く*傾向にある*`。","2023/9/9 7:15","2024/6/27 5:20"
3348,3934,"Japan `*depends* on the Middle East for oil`.","日本は`石油を中東に*依存している*`。","2023/9/9 7:15","2024/6/27 5:21"
3349,3935,"He believes that `ghosts *exist*`.","彼は`幽霊が*存在する*`と信じている。","2023/9/9 7:15","2024/6/27 5:22"
3350,3936,"`The birth rate continues to *decline*`.","`出生率は*減り*続けている`。","2023/9/9 7:15","2024/6/27 5:22"
3351,3937,"Japan’s `population will probably *decrease*` in the future.","将来、日本の`人口はおそらく*減る*だろう`。","2023/9/9 7:15","2024/6/27 5:24"
3352,3938,"You `are *wasting* your time on unimportant things`.","君は`重要でないことに自分の時間を*浪費して*いる`。","2023/9/9 7:15","2024/6/27 5:25"
3353,3939,"`The scandal *damaged* her career`.","`スキャンダルが彼女の経歴に*傷を付けた*`。","2023/9/9 7:15","2024/6/27 5:25"
3354,3940,"He `*suffers* from stress` at work.","彼は仕事場での`ストレスに*苦しんでいる*`。","2023/9/9 7:15","2024/6/27 5:26"
3355,3941,"He `*acted* on her suggestion`.","彼は`彼女の提案に従って*行動した*`。","2023/9/9 7:15","2024/6/27 5:26"
3356,3942,"They `*performed* the opening ceremony` in the gymnasium.","彼らは体育館で`開会式を*行った*`。","2023/9/9 7:15","2024/6/27 5:27"
3357,3943,"He found `a rare *species* of butterfly` in Mexico.","彼はメキシコで`珍*種*のチョウ`を見つけた。","2023/9/9 7:15","2024/6/27 5:28"
3358,3944,"There are `a wide *variety* of plants` in the garden.","その庭園には`多種*多様な*植物`がある。","2023/9/9 7:15","2024/6/27 5:29"
3359,3945,"This problem is my fault `to some *degree*`.","この問題は`ある*程度*`私に責任がある。","2023/9/9 7:15","2024/6/27 5:30"
3360,3946,"They discussed `a wide *range* of issues`.","彼らは`幅広い*範囲*の問題`を話し合った。","2023/9/9 7:15","2024/6/27 5:31"
3361,3947,"`The *standard* of living` is low in this area.","この地域の`生活*水準*`は低い。","2023/9/9 7:15","2024/6/27 5:32"
3362,3948,"`The *media* picked up the story` quickly.","すぐに`*メディア*はその話を取り上げた`。","2023/9/9 7:15","2024/6/27 5:33"
3363,3949,"She has `the *advantage* of speaking three languages` when traveling abroad.","海外旅行をするとき、彼女には`3カ国語を話せるという*有利な点*`がある。","2023/9/9 7:15","2024/6/27 5:34"
3364,3950,"The men were asked to `perform some dangerous *tasks*`.","男たちは`いくつかの危険な*任務*をこなす`よう頼まれた。","2023/9/9 7:15","2024/6/27 5:35"
3365,3951,"I’ll do `the *rest* of my work` tomorrow.","`*残り*の仕事`は明日します。","2023/9/9 7:15","2024/6/27 5:36"
3366,3952,"She came to Tokyo `for the *purpose* of studying Japanese`.","彼女は`日本語を勉強する*目的*で`東京に来た。","2023/9/9 7:15","2024/6/27 5:37"
3367,3953,"Gray hair is `a common *feature* in elderly people`.","白髪は`高齢者によくある*特徴*`だ。","2023/9/9 7:15","2024/6/27 5:37"
3368,3954,"Money is not `a main *factor* in success`.","お金は`成功の主たる*要因*`ではない。","2023/9/9 7:15","2024/6/27 5:38"
3369,3955,"The dresses at this store `come in all *shapes* and sizes`.","この店のドレスは`あらゆる*形*とサイズが揃っている`。","2023/9/9 7:15","2024/6/30 1:57"
3370,3956,"An American friend of mine `has a good *image* of Japan`.","私のアメリカ人の友人は`日本に対してよい*イメージ*を持っている`。","2023/9/9 7:15","2024/6/30 1:58"
3371,3957,"`For further *details*`, check our website.","`さらなる*詳細*については`、ウェブサイトをご覧ください。","2023/9/9 7:15","2024/6/30 2:01"
3372,3958,"He shows `his true *character*` to very few people.","彼は`自分の本当の*性格*`をごく少数の人にしか見せない。","2023/9/9 7:15","2024/6/30 2:02"
3373,3959,"`The main *function* of the stomach` is to digest food.","`胃の主な*機能*`は食べ物を消化することだ。","2023/9/9 7:15","2024/6/30 2:04"
3374,3960,"`The *structure* of society` changed after the war.","戦後、`社会の*構造*`は変化した。","2023/9/9 7:15","2024/6/30 2:04"
3375,3961,"Gold is often discovered `on the surface of the *ground*`.","金はしばしば`*地*表面で`見つかる。","2023/9/9 7:15","2024/6/30 2:05"
3376,3962,"Some comics `have a bad *influence* on children`.","`子どもに悪*影響*を及ぼす`漫画本もある。","2023/9/9 7:15","2024/6/30 2:06"
3377,3963,"Regular exerecise can reduce the risk of `heart *disease*`.","定期的な運動で`心臓*病*`の危険性を減らすことがあり得る。","2023/9/9 7:15","2024/6/30 2:07"
3378,3964,"He `had a sharp *pain* in his stomach`.","彼は`お腹に激しい*痛み*があった`。","2023/9/9 7:15","2024/6/30 2:08"
3379,3965,"I always `take my *medicine*` after breakfast.","私はいつも朝食後に`*薬*を飲む`。","2023/9/9 7:15","2024/6/30 2:09"
3380,3966,"`The immediate cause of his *death*` was heart failure.","`彼の直接の*死*因`は心臓麻痺だった。","2023/9/9 7:15","2024/6/30 2:10"
3381,3967,"He said he `had a deep *fear* of death`.","彼は`死に対して強い*恐怖心*がある`と言った。","2023/9/9 7:15","2024/6/30 2:11"
3382,3968,"The company president `has a very good *memory* for names`.","社長は`名前に関してしても*記憶力*がよい`。","2023/9/9 7:15","2024/6/30 2:12"
3383,3969,"She `showed mixed *emotions*` when I told her the news.","私がその知らせを告げたとき、彼女は`複雑な*感情*を示した`。","2023/9/9 7:15","2024/6/30 2:13"
3384,3970,"We `supported the independence *movement*`.","私たちは`その独立*運動*を支持した`。","2023/9/9 7:15","2024/6/30 2:13"
3385,3971,"Cranberries grow `in the northern *region* of the U.S`.","クランベリーは`アメリカの北部*地域*に`育つ。","2023/9/9 7:15","2024/6/30 2:14"
3386,3972,"We must minimize the damage from `*climate* change`.","私たちは`*気候*変動`による被害を最小限にしなければならない。","2023/9/9 7:15","2024/6/30 2:15"
3387,3973,"The nurse `takes my *temperature*` before breakfast.","朝食の前に看護師が`私の*体温*を測る`。","2023/9/9 7:15","2024/6/30 2:16"
3388,3974,"`The international *community*` must act to ensure world peace.","世界平和を確実にするため、`国際*社会*`は行動を起こさねばならない。","2023/9/9 7:15","2024/6/30 2:17"
3389,3975,"`The world *population*` is increasing at an alarming rate.","`世界の*人口*`は驚くべき速度で増えている。","2023/9/9 7:15","2024/6/30 2:18"
3390,3976,"We must pass this tradition on to `the next *generation*`.","私たちはこの伝統を`次の*世代*`に伝えなければならない。","2023/9/9 7:15","2024/6/30 2:19"
3391,3977,"There were many people `*present* at her funeral`.","多くの人が`彼女の葬儀に*出席してい*`た。","2023/9/9 7:15","2024/6/30 2:19"
3392,3978,"Curling has become increasingly popular `in *recent* years`.","カーリングは`*近*年`ますます人気が高まっている。","2023/9/9 7:15","2024/6/30 2:20"
3393,3979,"The manager seems happy with `her *current* position`.","部長は`*現在の*地位`に満足しているようだ。","2023/9/9 7:15","2024/6/30 2:21"
3394,3980,"I like reading the myths of `*ancient* Greece`.","私は`*古代*ギリシャ`の神話を読むのが好きだ。","2023/9/9 7:15","2024/6/30 2:22"
3395,3981,"I injured my left arm on `the *previous* day` of the competition.","私は試合の`*前*日`に左腕にけがをしてしまった。","2023/9/9 7:15","2024/6/30 2:23"
3396,3982,"I’m not joking. `I’m quite *serious*`.","私は冗談を言ってなんかいないよ。`とても*真剣なんだ*`。","2023/9/9 7:15","2024/6/30 2:24"
3397,3983,"The company `is always *careful* about security`.","その会社は`いつも防犯に*注意を払って*いる`。","2023/9/9 7:15","2024/6/30 2:25"
3398,3984,"Now that you have grown up, your `are *responsible* for your actions`.","あなたは大人になったのだから、`自分の行動に*責任がある*`。","2023/9/9 7:15","2024/6/30 2:25"
3399,3985,"My grandmother `is` still `physically and mentally *active*`.","祖母は今なお`心身ともに*活発だ*`。","2023/9/9 7:15","2024/6/30 2:26"
3400,3986,"Don’t be `*afraid* of making mistakes`.","`間違えることを*恐れて*`はいけない。","2023/9/9 7:15","2024/6/30 2:27"
3401,3987,"Most people `are *aware* of the danger` of using smartphones while walking.","大部分の人は歩きながらスマートフォンを使うことの`危険性に*気づいて*いる`。","2023/9/9 7:15","2024/6/30 2:28"
3402,3988,"Parents need to `be *patient* with their teenage children`.","親は`十代の子どもに*忍耐強く*いる必要がある`。","2023/9/9 7:15","2024/6/30 5:41"
3403,3989,"We cleaned `the *whole* house` on New Year’s Eve.","私たちは大晦日に`家*全体*`を掃除した。","2023/9/9 7:15","2024/6/30 5:42"
3404,3990,"I cannot support myself on such `a *low* income`.","こんな`*低*収入`では生活できない。","2023/9/9 7:15","2024/6/30 5:43"
3405,3991,"`A *huge* wave` hit the small boat.","`*巨大な*波`がその小さな船を襲った。","2023/9/9 7:15","2024/6/30 5:43"
3406,3992,"Please write your name in `the *blank* space` at the top of the page.","ページ最上部の`*空*欄`にお名前を書いてください。","2023/9/9 7:15","2024/7/1 5:17"
3407,3993,"The museum is located in `*central* London`.","その博物館は`ロンドン*中心部*`に位置している。","2023/9/9 7:15","2024/7/1 5:18"
3408,3994,"I put my wallet in `a *safe* place`.","財布を`*安全な*場所`に置いた。","2023/9/9 7:15","2024/7/1 5:18"
3409,3995,"You can see `*wild* animals` in Central Park.","セントラルパークで`*野生の*動物`が見られる。","2023/9/9 7:15","2024/7/1 5:19"
3410,3996,"`*Eventually*`, he went back to his home country.","`*結局*`、彼は祖国へ帰った。","2023/9/9 7:15","2024/7/1 5:20"
3411,3997,"`*Unfortunately*`, I can’t meet you at the airport.","`*残念なことに*`、空港であなたを出迎えることができません。","2023/9/9 7:15","2024/7/1 5:20"
3412,3998,"`*Seemingly*`, the woman was alone.","`*見たところ*`、その女性は一人のようだった。","2023/9/9 7:15","2024/7/1 5:24"
3413,3999,"We went out for a walk, and `*afterward*`, we ate lunch.","私たちは散歩に行き、`*その後で*`昼食を取った。","2023/9/9 7:15","2024/7/1 5:25"
3414,4000,"The place process broke down `*altogether*`.","和平プロセスは`*完全に*`決裂した。","2023/9/9 7:15","2024/7/1 5:23"
3415,4001,"We `*assume* that the human brain works like a computer`.","私たちは`*当然*人間の脳がコンピュータのように機能すると*思っている*`。","2023/9/9 7:15","2024/7/1 5:26"
3416,4002,"I `*guess* she is in her early seventies`.","`彼女は70代前半だと*思う*`。","2023/9/9 7:15","2024/7/1 5:26"
3417,4003,"Most people `*associate* hamburgers with American food`.","たいていの人は`ハンバーガーからアメリカの食べ物を*連想する*`。","2023/9/9 7:15","2024/7/1 5:27"
3418,4004,"He `*desires* to be a movie actor`.","彼は`映画俳優になることを*強く望んでいる*`。","2023/9/9 7:15","2024/7/1 5:28"
3419,4005,"The blood test `*indicates* that her blood type is AB`.","血液検査は`彼女の血液型がAB型であることを*示している*。`","2023/9/9 7:15","2024/7/1 5:29"
3420,4006,"The teacher `*responded* to my question immediately`.","その教師は`私の質問に即座に*応答した*`。","2023/9/9 7:15","2024/7/1 5:29"
3421,4007,"I `*replied* to his invitation by e-mail`.","私は`Eメールで彼の正体に*返信した*`。","2023/9/9 7:15","2024/7/1 5:30"
3422,4008,"The police `*attempted* to arrest the shooting suspect`.","警察は`狙撃事件の容疑者を逮捕することを*試みた*`。","2023/9/9 7:15","2024/7/1 5:31"
3423,4009,"He `*managed* to pass the final interview`.","彼は`*どうにか*最終面接に合格*した*`。","2023/9/9 7:15","2024/7/1 5:32"
3424,4010,"He `*maintained* silence` throughout his trial.","裁判の間ずっと彼は`沈黙を*維持した*`。","2023/9/9 7:15","2024/7/1 5:32"
3425,4011,"He is attempting to `*unite* the two parties`.","彼は`2つの政党を*統合し*`ようとしている。","2023/9/9 7:15","2024/7/1 5:33"
3426,4012,"Why don’t you `*join* our party` tonight?","今夜`私たちのパーティーに*加わり*`ませんか。","2023/9/9 7:15","2024/7/1 5:34"
3427,4013,"The festival `*attracted* over 40,000 visitors`.","その祭典は`4万人を超える来場者を*引き寄せた*`。","2023/9/9 7:15","2024/7/1 5:35"
3428,4014,"`This vest will *match* your jacket`.","このベストはあなたのジャケットに*合う*でしょう。","2023/9/9 7:15","2024/7/1 5:35"
3429,4015,"Two dogs tried to `*attack* my puppy`.","2匹の犬が`私の子犬に*襲いかかろ*`うとした。","2023/9/9 7:15","2024/7/1 5:36"
3430,4016,"Politicians `*seek* solutions` to the economic crisis.","政治家は経済危機の`解決策を*探し求めている*`。","2023/9/9 7:15","2024/7/1 5:36"
3431,4017,"I’ve decided to `*engage* in a campaign for funds`.","`資金募集運動に*従事する*`ことに決めた。","2023/9/9 7:15","2024/7/1 5:37"
3432,4018,"He `*succeeded* in making a huge fortune`.","彼は`莫大な財産を築くことに*成功した*`。","2023/9/9 7:15","2024/7/1 5:38"
3433,4019,"`Will you *marry* me`?","`私と*結婚し*てくれませんか`。","2023/9/9 7:15","2024/7/1 5:39"
3434,4020,"I will `*attend* the meeting` tomorrow.","私は明日`会議に*出席し*`ます。","2023/9/9 7:15","2024/7/1 5:39"
3435,4021,"I `am *satisfied* with the test results`.","私は`試験結果には*満足して*いる`。","2023/9/9 7:15","2024/7/1 5:40"
3436,4022,"My grandfather `*survived* the two wars`.","祖父は`2つの戦争を*生き抜いた*`。","2023/9/9 7:15","2024/7/1 5:40"
3437,4023,"English-language education `*promotes* international understanding`.","英語教育は`国際理解を*促進する*`。","2023/9/9 7:15","2024/7/1 5:41"
3438,4024,"I `*earn* 1,100 yen an hour` at that job.","私はその仕事で`時給1,100円を*稼ぐ*`。","2023/9/9 7:15","2024/7/1 5:42"
3439,4025,"I `*feed* my cat` twice a day.","私は1日に2度、`猫に*餌を与える*`。","2023/9/9 7:15","2024/7/1 5:43"
3440,4026,"`This coffee *tastes* bitter`.","`このコーヒーは苦い*味がする*`。","2023/9/9 7:15","2024/7/1 5:43"
3441,4027,"I like this soap because `it *smells* good`.","`良い*においがする*`ので、私はこの石けんを気に入っている。","2023/9/9 7:15","2024/7/1 5:44"
3442,4028,"My daughter easily `*adapted* to the new surroundings`.","私の娘はすぐに`新しい環境に*順応した*`。","2023/9/9 7:15","2024/7/1 5:45"
3443,4029,"The government `*adopted* a new policy` to stimulate the economy.","政府は経済を刺激するために`新しい政策を*採用した*`。","2023/9/9 7:15","2024/7/1 5:46"
3444,4030,"He `*adjusted* the chair to his height`.","彼は`椅子を自分の身長に合わせて*調節した*`。","2023/9/9 7:15","2024/7/1 5:47"
3445,4031,"The flood `*separated* her from her family`.","洪水が`彼女を家族から*引き離した*`。","2023/9/9 7:15","2024/7/1 5:48"
3446,4032,"I’d like to `*exchange* this sweater for one in a larger size`.","`このセーターをもっと大きいサイズのものと*交換し*`たいのですが。","2023/9/9 7:15","2024/7/1 5:48"
3447,4033,"We `*replaced* the old worn carpet with a new one`.","私たちは`古くてすり切れたカーペットを新しいものに*取り替えた*`。","2023/9/9 7:15","2024/7/1 5:49"
3448,4034,"I `*removed* the picture from its frame`.","私は`額縁からその絵を*取り外した*`。","2023/9/9 7:15","2024/7/1 5:50"
3449,4035,"Many forms of transportation `*release* carbon dioxide`.","多くの輸送形態が`二酸化炭素を*排出する*`。","2023/9/9 7:15","2024/7/1 5:51"
3450,4036,"The train left the station and `*disappeared* from view`.","列車は駅を出発し、`視界から*消えた*`。","2023/9/9 7:15","2024/7/1 5:51"
3451,4037,"The teacher `*observed* how the children handled the problem`.","その教師は`子どもたちがその問題をいかに処理するのかを*観察した*`。","2023/9/9 7:15","2024/7/1 5:52"
3452,4038,"Experts `*estimate* that about 1.5 billion people speak English`.","専門家らは`およそ15億人が英語を話すと*推定している*`。","2023/9/9 7:15","2024/7/1 5:53"
3453,4039,"`A recent survey *revealed* that` 80 percent of smokers wanted to quit.","80パーセントの喫煙者が禁煙したがっている`ことを最近の調査が*明らかにした*`。","2023/9/9 7:15","2024/7/1 5:54"
3454,4040,"Smartphones `*emerged* in the 2000s`.","スマートフォンのは`2000年代に*出現した*`。","2023/9/9 7:15","2024/7/1 5:55"
3455,4041,"`New problems *arise*` every day.","日々`新たな問題が*生じる*`。","2023/9/9 7:15","2024/7/1 5:56"
3456,4042,"She became `a Japanese *citizen*` at the age of twenty.","彼女は20才のときに`日本*国民*`になった。","2023/9/9 7:15","2024/7/1 5:57"
3457,4043,"`His *career* as a musician` started in London.","`彼の音楽家としての*経歴*`はロンドンで始まった。","2023/9/9 7:15","2024/7/1 5:58"
3458,4044,"She supports her family `on her small *income*`.","彼女は`少ない*収入*`で家族を養っている。","2023/9/9 7:15","2024/7/1 5:58"
3459,4045,"The world’s population reached `seven *billion*` in 2011.","世界の人口は2011年に`七*十億*`人に達した。","2023/9/9 7:15","2024/7/1 5:59"
3460,4046,"He `paid the *bill*` and left a tip.","彼は`*勘定*を支払い`、チップを置いていった。","2023/9/9 7:15","2024/7/1 6:00"
3461,4047,"`The cancellation *charge*` will be 30 percent of the fee.","`キャンセル*料金*`は総額の30パーセントになります。","2023/9/9 7:15","2024/7/1 6:01"
3462,4048,"`A large number of *items*` were left on the train.","`多くの*もの*`が列車に置き忘れられた。","2023/9/9 7:15","2024/7/1 6:01"
3463,4049,"Climate change has happened `on a global *scale*`.","気候変動は`地球*規模*で`起きている。","2023/9/9 7:15","2024/7/1 6:02"
3464,4050,"This is `the construction *site*` for the new stadium.","ここが新しいスタジアムの`建設*現場*`だ。","2023/9/9 7:15","2024/7/1 6:03"
3465,4051,"We are going to `separate the room into two *sections*`.","私たちは`その部屋を2つの*部分*に分ける`つもりだ。","2023/9/9 7:15","2024/7/1 6:04"
3466,4052,"The farmers `grow *crops*` for export.","その農家は輸出用の`*作物*を栽培する`。","2023/9/9 7:15","2024/7/1 6:04"
3467,4053,"`A traditional Japanese *diet*` is low in fat but high in salt.","`伝統的な日本の*食事*`は、脂肪分は低いが塩分が高い。","2023/9/9 7:15","2024/7/1 6:05"
3468,4054,"We are still dependent on oil as `a *source* of energy`.","私たちは`エネルギー*源*`として、いまだに石油に依存している。","2023/9/9 7:15","2024/7/1 6:06"
3469,4055,"That country is rich in `natural *resources*`.","その国は`天然*資源*`が豊富だ。","2023/9/9 7:15","2024/7/1 6:07"
3470,4056,"He didn’t say anything `for a *moment*`.","`*一瞬*の間`、彼は沈黙した。","2023/9/9 7:15","2024/7/1 6:07"
3471,4057,"The urban population in this area has doubled `in the last *decade*`.","この地域の都市の人口は`過去*十年間*`で2倍になった。","2023/9/9 7:15","2024/7/1 6:08"
3472,4058,"The project is reaching `the final *stage*`.","プロジェクトは`最終*段階*`に達しつつある。","2023/9/9 7:15","2024/7/1 6:09"
3473,4059,"Digital technology plays an important role in `every *aspect* of daily life`.","デジタル技術は`日常生活のあらゆる*側面*`において重要な役割を果たす。","2023/9/9 7:15","2024/7/4 14:02"
3474,4060,"`What *sort* of music` do you like?","あなたは`どんな*種類*の音楽`が好きですか。","2023/9/9 7:15","2024/7/4 14:03"
3475,4061,"Some students are really good at math. `Take Yoshio, for *instance*`.","数学が本当に得意な生徒がいる。`*たとえば*、ヨシオがそうだ`。","2023/9/9 7:15","2024/7/4 14:05"
3476,4062,"The statistics demonstrate `a *link* between poverty and crime`.","統計値は`貧困と犯罪の*関連*`を実証している。","2023/9/9 7:15","2024/7/4 14:06"
3477,4063,"`The poverty of the local people is in *contrast* to the wealth of the tourists`.","`地元住民の貧しさは観光客の裕福さとは*対照*的だ`。","2023/9/9 7:15","2024/7/4 14:07"
3478,4064,"Students `have free *access* to these computers`.","学生は`これらのコンピュータを自由に*利用*できる`。","2023/9/9 7:15","2024/7/4 14:08"
3479,4065,"`Electronic *devices*` such as smartphones must be turned off during class.","スマートフォンなどの`電子*機器*`は授業中ずっと切っておかなくてはならない。","2023/9/9 7:15","2024/7/4 14:09"
3480,4066,"`A *survey* shows` that most young people are worried about their future.","大半の若者が自分の将来に不安を持っていることを、`ある*調査*が示している`。","2023/9/9 7:15","2024/7/4 14:10"
3481,4067,"`Medical *techniques*` are becoming more and more sophisticated.","`医療*技術*`はますます洗練されつつある。","2023/9/9 7:15","2024/7/4 14:11"
3482,4068,"The police officer began to check `the *contents* of his pockets`.","警察官は`彼のポケットの*中身*`を調べ始めた。","2023/9/9 7:15","2024/7/4 14:13"
3483,4069,"About 70 percent of `the earth’s *surface*` is covered with water.","`地球の*表面*`のおよそ70パーセントは水で覆われている。","2023/9/9 7:15","2024/7/4 14:14"
3484,4070,"I found it difficult to understand `the abstract *concept*`.","`その抽象的な*概念*`を理解するのは難しいと分かった。","2023/9/9 7:15","2024/7/4 14:15"
3485,4071,"We `had *difficulty* finding` the site for our new factory.","私たちは新しい工場用地を`見つけるのに*苦労*した`。","2023/9/9 7:15","2024/7/4 14:15"
3486,4072,"My company `is in financial *trouble*` again.","私の会社は再び`財政*難*に陥っている`。","2023/9/9 7:15","2024/7/4 14:16"
3487,4073,"He confessed that he `committed the *crime*`.","彼は`その*犯罪*を行った`ことを認めた。","2023/9/9 7:15","2024/7/4 14:17"
3488,4074,"The government `took a positive *attitude* to the problem`.","政府は`その問題に対して前向きな*態度*を取った`。","2023/9/9 7:15","2024/7/4 14:18"
3489,4075,"You should `develop well-balanced eating *habits*`.","`バランスの取れた食*習慣*を身につける`べきだ。","2023/9/9 7:15","2024/7/4 14:19"
3490,4076,"I will support you `*whatever* happens`.","`*たとえ何が*起ころう*とも*`私はあなたを支援します。","2023/9/9 7:15","2024/7/4 14:39"
3491,4077,"More and more people are moving to `*urban* areas`.","ますます多くの人が`*都市*部`に移っている。","2023/9/9 7:15","2024/7/4 14:40"
3492,4078,"Schools in `*rural* areas` are often small.","`*田園*地帯`の学校は小規模であることが多い。","2023/9/9 7:15","2024/7/4 14:41"
3493,4079,"I was impressed with the hospitality of `the *local* people`.","私は`*地元の*人`のもてなしに感動した。","2023/9/9 7:15","2024/7/4 14:43"
3494,4080,"`Her *native* language` is Korean, but she speaks perfect Japanese.","`彼女の*母*語`は韓国語だが、完璧な日本語を話す。","2023/9/9 7:15","2024/7/4 14:44"
3495,4081,"The child `is *smart* enough to solve the high school math problem`.","その子どもは`高校の数学の問題を解いてしまうほど*頭がよい*`。","2023/9/9 7:15","2024/7/4 14:45"
3496,4082,"Some scientists believe that `dolphins are as *intelligent* as human beings`.","`イルカは人間と同じくらい*知能が高い*`と考える科学者もいる。","2023/9/9 7:15","2024/7/4 14:46"
3497,4083,"That child has a high level of `*intellectual* curiosity`.","その子どもは高度の`*知的*好奇心`を持っている。","2023/9/9 7:15","2024/7/4 14:47"
3498,4084,"We send free samples to `*potential* customers`.","私たちは`*潜在的な*顧客`に無料サンプルを送っている。","2023/9/9 7:15","2024/7/4 14:47"
3499,4085,"Many people are concerned about the decline in `*moral* standards`.","多くの人が`*道徳*規範`の低下に不安を抱いている。","2023/9/9 7:15","2024/7/4 14:49"
3500,4086,"I take `a *private* lesson` with a golf instructor.","私はゴルフの指導者に`*個人*レッスン`を受けている。","2023/9/9 7:15","2024/7/4 14:49"
3501,4087,"`One liter is *equal* to 1,000 cubic centimeters`.","`1リットルは1,000立方センチメートルに*等しい*`。","2023/9/9 7:15","2024/7/4 14:50"
3502,4088,"The judge `was *fair* to both teams`.","審判は`両チームに対して*公平だ*った`。","2023/9/9 7:15","2024/7/4 14:51"
3503,4089,"She spent `her *entire* life` helping poor people.","彼女は`*全*生涯`を貧しい人を助けることに費やした。","2023/9/9 7:15","2024/7/4 14:52"
3504,4090,"The team overcame `*initial* difficulties` and finished in second place.","チームは`*初期の*難局`を乗り越えて2位に終わった。","2023/9/9 7:15","2024/7/4 14:53"
3505,4091,"Good communication `is *essential* to making new friends`.","良好なコミュニケーションは`新しい友人を作るのに*必要不可欠だ*`。","2023/9/9 7:15","2024/7/4 14:54"
3506,4092,"I cannot find any `*significant* differences` between the two political parties.","私はその2つの政党の間に`*重要な*違い`は何も見いだせない。","2023/9/9 7:15","2024/7/4 14:55"
3507,4093,"I’ve had `a *terrible* headache` since this morning.","私は今朝から`*ひどい*頭痛`がしている。","2023/9/9 7:15","2024/7/4 14:56"
3508,4094,"She wears `a *digital* watch` she runs a marathon.","彼女はマラソンを走るとき、`*デジタル*時計`を身につける。","2023/9/9 7:15","2024/7/4 14:57"
3509,4095,"Climate change has `a *direct* effect` on water supply.","気候変動は水の供給に`*直接の*影響`を及ぼす。","2023/9/9 7:15","2024/7/4 14:58"
3510,4096,"A bicycle `*nearly* hit` her when she was crossing the street.","彼女が道路を横断していたとき、自転車が彼女に`*もう少しで*ぶつかりそうになった`。","2023/9/9 7:15","2024/7/4 15:06"
3511,4097,"Mr. Brown’s students `*merely* pretend to learn`.","ブラウン先生の学生たちは`*単に*学んでいるふりをしている`。","2023/9/9 7:15","2024/7/4 15:07"
3512,4098,"She is so careful that she `*seldom* makes mistakes`.","彼女はとても注意深いので`*滅多に*ミスを*しない*`。","2023/9/9 7:15","2024/7/4 15:08"
3513,4099,"He hasn’t been looking well `*lately*`.","彼は`*最近*`元気がないように見える。","2023/9/9 7:15","2024/7/4 15:09"
3514,4100,"The tow villages `are 30 miles *apart*`.","その2つの村は`30マイル*離れて*いる`。","2023/9/9 7:15","2024/7/4 15:09"
3515,4101,"`I was afraid to *trust* anyone` after the incident.","その一件以来、私は`怖くて誰も*信用する*ことができなくなった`。","2023/9/9 7:15","2024/7/4 21:50"
3516,4102,"She `*promised* to call` me later.","彼女は私にあとで`電話をかけることを*約束した*`。","2023/9/9 7:15","2024/7/4 21:51"
3517,4103,"The expert `*predicts* that his trend will continue`.","専門家は`この傾向は続くということを*予測している*`。","2023/9/9 7:15","2024/7/4 21:52"
3518,4104,"Our way of thinking `*reflects* our language`.","我々の考え方は`我々の言語を*反映している*`。","2023/9/9 7:15","2024/7/4 21:53"
3519,4105,"When I saw the photos, I `*recalled* those happy days`.","私は写真を見て、`あの楽しかった日々を*思い出した*`。","2023/9/9 7:15","2024/7/4 21:54"
3520,4106,"Japan `*relies* on imports for most of its energy needs`.","日本は`エネルギー需要のほとんどを輸入に*頼っている*`。","2023/9/9 7:15","2024/7/4 21:55"
3521,4107,"He was arrested for `*committing* a terrible crime`.","彼は`恐ろしい罪を*犯した*`として逮捕された。","2023/9/9 7:15","2024/7/12 7:09"
3522,4108,"I really `*appreciate* your kindness`.","本当に`あなたのご親切を*ありがたく思います*`。","2023/9/9 7:15","2024/7/5 0:39"
3523,4109,"The teacher `*praised* the student for her effort`.","教師は`その生徒の努力を*褒めた*`。","2023/9/9 7:15","2024/7/5 0:40"
3524,4110,"I `*doubt* if gods exist`.","私は`神が実在するかどうか*疑わしく思う*`。","2023/9/9 7:15","2024/7/5 0:41"
3525,4111,"My sister `is` always `*complaining* about my dirty room`.","姉はいつも`私の汚い部屋について*文句を言って*いる`。","2023/9/9 7:15","2024/7/5 0:43"
3526,4112,"I decided to `*ignore* their advice`.","私は`彼らの助言を*無視する*`ことに決めた。","2023/9/9 7:15","2024/7/5 0:44"
3527,4113,"I `*warned* them that they were in danger`.","私は`彼らに危険な状況にあると*警告した*`。","2023/9/9 7:15","2024/7/5 0:46"
3528,4114,"Dogs use smell to `*gather* information` about their surroundings.","犬は嗅覚を使って周囲の`情報を*収集する*`。","2023/9/9 7:15","2024/7/5 0:47"
3529,4115,"The woman `*acquired* new skills` after she retired.","その女性は退職後に`新たな技能を*身に付けた*`。","2023/9/9 7:15","2024/7/5 0:48"
3530,4116,"They `*examined* the problem` independently.","彼らは独自に`その問題を*調べた*`。","2023/9/9 7:15","2024/7/5 0:49"
3531,4117,"He `*scored* 20 points` in the basketball game.","彼はバスケットボールの試合で`20点を*入れた*`。","2023/9/9 7:15","2024/7/5 0:50"
3532,4118,"You should not `*judge* people by their appearance`.","`人を外見で*判断する*`べきでない。","2023/9/9 7:15","2024/7/5 0:51"
3533,4119,"The woman `*selected* a salad from the menu`.","その女性は`メニューから1つのサラダを*選んだ*`。","2023/9/9 7:15","2024/7/5 0:52"
3534,4120,"The teacher `*divided* the students into four groups.`","教師は`生徒を4つのグループに*分けた*`。","2023/9/9 7:15","2024/7/5 0:53"
3535,4121,"Most people can `*distinguish* salt from sugar` without tasting it.","たいていの人は味見をせずに`塩を砂糖と*区別する*`ことができる。","2023/9/9 7:15","2024/7/5 0:55"
3536,4122,"She `*graduated* from Yale University` in 2018.","彼女は2018年に`イェール大学を*卒業した*`。","2023/9/9 7:15","2024/7/5 0:56"
3537,4123,"The company `*shifted* the emphasis` from manufacturing to sales.","その企業は製造から販売へと`重視するものを*変えた*`。","2023/9/9 7:15","2024/7/5 0:57"
3538,4124,"They `*hid* the truth` from the public.","彼らは世間から`真実を*隠した*`。","2023/9/9 7:15","2024/7/5 0:58"
3539,4125,"I `*mixed* blue with yellow` to make green.","私は緑色を作るために`青色と黄色を*混ぜた*`。","2023/9/9 7:15","2024/7/5 0:59"
3540,4126,"My father `*fixed* the broken table`.","父は`壊れたテーブルを*修理した*`。","2023/9/9 7:15","2024/7/5 1:00"
3541,4127,"She tends to `*display* emotions` more directly than her sister.","彼女は姉に比べてより直接的に`感情を*示す*`傾向がある。","2023/9/9 7:15","2024/7/5 1:01"
3542,4128,"We can `*define* salary as a payment for a person’s work`.","私たちは`給料を人の仕事に対する支払と*定義する*`ことができる。","2023/9/9 7:15","2024/7/5 1:02"
3543,4129,"The `*invented* emoji` to make texting more enjoyable.","携帯メールがより楽しいものになるように、彼らは`絵文字を*発明した*`。","2023/9/9 7:15","2024/7/5 1:03"
3544,4130,"Climates `*vary* from country to country`.","気候は`国によって*異なる*`。","2023/9/9 7:15","2024/7/6 1:09"
3545,4131,"The company `*expanded* its market into Asia`.","その企業は`市場をアジアに*拡大した*`。","2023/9/9 7:15","2024/7/6 1:10"
3546,4132,"One theory states that some dinosaurs `*evolved* into birds`.","ある理論では一部の恐竜は`鳥に*進化した*`という。","2023/9/9 7:15","2024/7/6 1:11"
3547,4133,"Many people `*confuse* the flu with the common cold`.","多くの人が`インフルエンザを普通の風邪と*混同する*`。","2023/9/9 7:15","2024/7/6 1:12"
3548,4134,"This new type of engine `*consumes* much less energy`.","この新型エンジンは`エネルギーを*消費する*量がずっと少ない`。","2023/9/9 7:15","2024/7/6 1:12"
3549,4135,"We have to `*compete* with foreign companies for a share of the market`.","私たちは`市場のシェアを巡って外国企業と*競争し*`なければならない。","2023/9/9 7:15","2024/7/6 1:13"
3550,4136,"They `*repeated* the same experiment` to confirm the data.","彼らはデータを裏付けるために`同じ実験を*繰り返した*`。","2023/9/9 7:15","2024/7/6 1:15"
3551,4137,"I must `have my car *repaired*` as soon as possible.","私はできる限り早く`車を*修理して*もらわ`なければならない。","2023/9/9 7:15","2024/7/6 1:16"
3552,4138,"`This photo *reminds* me of my happy school days`.","`この写真を見ると楽しかった学生時代を*思い出す*`。","2023/9/9 7:15","2024/7/6 1:17"
3553,4139,"He `*refused* to pay by cash`.","彼は`現金で支払うことを*拒んだ*`。","2023/9/9 7:15","2024/7/6 1:17"
3554,4140,"I was upset to hear that he `*rejected* my offer`.","彼が`私の申し出を*拒絶した*`と聞いて動揺した。","2023/9/9 7:15","2024/7/6 1:18"
3555,4141,"He `*denies* breaking the vase`, but I think he did it.","彼は`花瓶を割ったことを*否定している*`が、私は彼がしたと思う。","2023/9/9 7:15","2024/7/6 1:19"
3556,4142,"No other animal `*destroys* the environment` as humans do.","人間ほど`環境を*破壊する*`動物は他にいない。","2023/9/9 7:15","2024/7/6 1:20"
3557,4143,"There was `a large *audience*` in the stadium.","スタジアムには`大*観衆*`が詰めかけた。","2023/9/9 7:15","2024/7/6 1:21"
3558,4144,"`The different *races*` lived in harmony in that country.","その国では`異なる*人種*`が仲良く生活していた。","2023/9/9 7:15","2024/7/6 1:21"
3559,4145,"The company struggled to `avoid *conflict* between management and labor`.","その会社は`経営者側と労働者側の*争い*を避ける`のに苦労した。","2023/9/9 7:15","2024/7/6 1:23"
3560,4146,"`The *debate* about the death penalty` is heating up again.","`死刑を巡る*論争*`が再び過熱している。","2023/9/9 7:15","2024/7/6 1:23"
3561,4147,"`The long *struggle* to achieve racial equality` has not ended.","`人種的平等を実現しようとする長い*奮闘*`は終わっていない。","2023/9/9 7:15","2024/7/6 1:25"
3562,4148,"The government `is developing a long-term economic *strategy*`.","政府は`長期経済*戦略*を立てている`。","2023/9/9 7:15","2024/7/6 1:26"
3563,4149,"She `is making *progress* in speaking English`.","彼女は`英語を話すことにおいて*進歩*しつつある`。","2023/9/9 7:15","2024/7/6 1:26"
3564,4150,"We should stick to `the *principles* of democracy`.","私たちは`民主主義の*原則*`を堅持すべきだ。","2023/9/9 7:15","2024/7/6 1:27"
3565,4151,"Persistence `is the most important *element* of success`.","継続が`成功するための最も重要な*要素*だ`。","2023/9/9 7:15","2024/7/6 1:28"
3566,4152,"The custom `has its *origin* in ancient Rome`.","その慣習は`古代ローマに*起源*がある`。","2023/9/9 7:15","2024/7/6 1:29"
3567,4153,"My wife `gave *birth* to our first child` last month.","妻は先月`私たちの第一子を*出産*した`。","2023/9/9 7:15","2024/7/6 1:30"
3568,4154,"Those two species share `a common *ancestor*`.","その2つの生物種は`共通の*祖先*`を持っている。","2023/9/9 7:15","2024/7/6 1:31"
3569,4155,"`Nerve *cells*` serve as messengers in your body.","`神経*細胞*`は体内で伝達係の役割を果たす。","2023/9/9 7:15","2024/7/6 1:32"
3570,4156,"We `inherit *genes* from our parents`.","私たちは`親から*遺伝子*を受け継ぐ`。","2023/9/9 7:15","2024/7/7 3:08"
3571,4157,"He `stared at the *scene*` with horror.","彼は恐ろしい気持ちで`その*場面*を見つめた`。","2023/9/9 7:15","2024/7/7 3:08"
3572,4158,"`If this economic *trend* continues`, the unemployment rate will decline.","`この経済*動向*が続け`ば、失業率は下がるだろう。","2023/9/9 7:15","2024/7/7 3:09"
3573,4159,"I arrived late because of `the heavy *traffic*`.","私は`交通*渋滞*`のために到着が遅れた。","2023/9/9 7:15","2024/7/7 3:10"
3574,4160,"The photographer followed `the deer’s *tracks*` into the woods.","その写真家は`鹿の*足跡*`を追って森に入った。","2023/9/9 7:15","2024/7/7 3:11"
3575,4161,"We heard `a *series* of noises` and then a loud bang.","`*一連*の物音`のあとで、バーンという大きな音が聞こえた。","2023/9/9 7:15","2024/7/7 3:12"
3576,4162,"The same joke can work `in one *context*` and fail in another.","同じ冗談でも、`ある*状況*では`うまく通じるが、別の状況では通じないこともある。","2023/9/9 7:15","2024/7/7 3:13"
3577,4163,"There are people from `diverse cultural *backgrounds*` living in this area.","この地域には`多様な文化的*背景*`を持つ人々が暮らしている。","2023/9/9 7:15","2024/7/7 3:14"
3578,4164,"It is illegal to discriminate `on the *basis* of color`.","`肌の色を*基*にして`差別するのは違法だ。","2023/9/9 7:15","2024/7/7 3:15"
3579,4165,"Cars may display `the social *status*` of the owner.","車が所有者の`社会的*地位*`を表すこともある。","2023/9/9 7:15","2024/7/7 3:16"
3580,4166,"I `work as a *volunteer*` to teach Japanese to children.","私は子どもたちに日本語を教える`*ボランティア*として働いている`。","2023/9/9 7:15","2024/7/7 3:16"
3581,4167,"The restaurant serves good food and `the *staff* is very nice`.","そのレストランは美味しい料理を出し、そして`*スタッフ*はとても親切だ`。","2023/9/9 7:15","2024/7/7 3:20"
3582,4168,"It is our `civic *duty*` to vote in elections.","選挙で投票するのは我々`市民の*義務*`だ。","2023/9/9 7:15","2024/7/7 3:19"
3583,4169,"The use of machinery has taken the place of `manual *labor*`.","機械の使用が`肉体*労働*`に取って代わった。","2023/9/9 7:15","2024/7/7 3:21"
3584,4170,"Parents often give their children `*rewards* for getting high grades`.","親はしばしば子どもに、`よい成績を取ったことに対する*褒美*を与える`。","2023/9/9 7:15","2024/7/7 3:22"
3585,4171,"`The main *aim* of this class` is to improve your fitness.","`このクラスの主たる*目的*`は健康を改善することだ。","2023/9/9 7:15","2024/7/7 3:23"
3586,4172,"We `had a lot of *fun*` playing video games.","私たちはテレビゲームをして`大いに*楽し*んだ`。","2023/9/9 7:15","2024/7/7 3:23"
3587,4173,"I lost sight of him `in the *crowd*`.","私は`*人混み*の中で`彼を見失った。","2023/9/9 7:15","2024/7/7 3:24"
3588,4174,"`The Industrial *Revolution*` brought many changes to society.","`産業*革命*`は社会に多くの変化をもたらした。","2023/9/9 7:15","2024/7/7 3:25"
3589,4175,"I want to build `a society without *poverty*`.","私は`*貧困*のない社会`を築きたい。","2023/9/9 7:15","2024/7/7 3:26"
3590,4176,"The accident was `the *consequence* of his careless driving`.","その事故は`彼の不注意運転の*結果*`だった。","2023/9/9 7:15","2024/7/7 4:26"
3591,4177,"I numbered the pages `in *sequence*`.","私はページに`*連続*で`番号を振った。","2023/9/9 7:15","2024/7/7 4:26"
3592,4178,"Humans have `many *complex* emotions`.","人間は`多くの*複雑な*感情`を持っている。","2023/9/9 7:15","2024/7/7 4:27"
3593,4179,"The situation `is too *complicated* to explain on the phone`.","状況が`あまりに*複雑で*電話では説明できない`。","2023/9/9 7:15","2024/7/7 4:28"
3594,4180,"`The *false* information` spread quickly over the Internet.","`*誤った*情報`がインターネット上で急速に広がった。","2023/9/9 7:15","2024/7/7 4:29"
3595,4181,"We must develop `*alternative* energy sources`.","私たちは`*代替*エネルギー`を開発しなければならない。","2023/9/9 7:15","2024/7/7 4:30"
3596,4182,"They experienced `*extreme* hunger` during the war.","彼らは戦時中、`*極度の*飢餓`を経験した。","2023/9/9 7:15","2024/7/7 4:31"
3597,4183,"The weather `was *ideal* for sightseeing`.","その天気は`観光に*理想的だ*`った。","2023/9/9 7:15","2024/7/7 11:43"
3598,4184,"`The Prime Minister’s *primary* concern` is the welfare of the people.","`その首相の*最大の*関心事`は国民の福祉だ。","2023/9/9 7:15","2024/7/7 11:43"
3599,4185,"That old temple `is *worth* seeing`.","その古い寺院は`見る*価値がある*`。","2023/9/9 7:15","2024/7/7 11:43"
3600,4186,"`It was *obvious* that` he did not get much sleep.","彼があまり睡眠を取っていない`ことは*明らかだ*った`。","2023/9/9 7:15","2024/7/7 11:37"
3601,4187,"A suspect has `a *legal* right` to remain silent.","容疑者には黙秘する`*法的な*権利`がある。","2023/9/9 7:15","2024/7/7 11:44"
3602,4188,"My company makes many kinds of `*commercial* products`.","私の会社は多くの種類の`*商*品`を製造している。","2023/9/9 7:15","2024/7/7 11:44"
3603,4189,"Some experts say that `*artificial* sweeteners` are bad for the health.","一部の専門家は`*人工*甘味料`が健康によくないと言う。","2023/9/9 7:15","2024/7/7 11:44"
3604,4190,"They use `*chemical* fertilizers` to increase production.","彼らは生産量を上げるために`*化学*肥料`を使用している。","2023/9/9 7:15","2024/7/7 11:44"
3605,4191,"Substantial investments are required to preserve `*biological* diversity`.","`*生物の*多様性`を守るためにかなりの投資が必要とされる。","2023/9/9 7:15","2024/7/7 11:42"
3606,4192,"The retired teacher has kept in touch with `his *former* students`.","その退職した教師は`彼の*元*生徒たち`と連絡を取り続けている。","2023/9/9 7:15","2024/7/7 11:46"
3607,4193,"A new type of `*mobile* device` will go on sale next week.","新型の`*携帯*端末`が来週発売される。","2023/9/9 7:15","2024/7/7 11:47"
3608,4194,"She drew two `*straight* lines` on the blackboard.","彼女は黒板に日本の`*直*線`を引いた。","2023/9/9 7:15","2024/7/7 11:47"
3609,4195,"`*Regular* exercise` is good not only for your body but for your brain.","`*定期的な*運動`は体だけでなく頭脳にもよい。","2023/9/9 7:15","2024/7/7 11:48"
3610,4196,"He `is financially *independent*` and can even support his parents.","`彼は経済的に*自立して*いて`両親を養うことさえできる。","2023/9/9 7:15","2024/7/7 11:50"
3611,4197,"Our niece is still too young to `travel *overseas*` alone.","私たちの姪は1人で`*海外*旅行をする`にはまだ幼すぎる。","2023/9/9 7:15","2024/7/7 11:51"
3612,4198,"`*Unlike* adults`, children are not afraid of making mistakes.","`大人*と違って*`、子どもは間違えることを恐れない。","2023/9/9 7:15","2024/7/7 11:52"
3613,4199,"Could you send me the file `*via* e-mail`?","そのファイルを`Eメール*で*`送っていただけないでしょうか。","2023/9/9 7:15","2024/7/7 11:53"
3614,4200,"Wind power generation is clean, `*whereas*` coal-fired power generation causes pollution.","風力発電はクリーン`*だけれども*`、石炭火力発電は汚染を引き起こす。","2023/9/9 7:15","2024/7/7 11:54"
3615,4201,"We `*perceive* smells` through our nose.","私たちは鼻を通して`匂いを*感知する*`。","2023/9/9 7:15","2024/7/10 3:19"
3616,4202,"Many people `are *fascinated* by the beautiful painting`.","多くの人が`その美しい絵に*魅了さ*れている`。","2023/9/9 7:15","2024/7/10 3:25"
3617,4203,"Today’s `lecture *bored* me`.","今日の`講義は私には*退屈だった*`。","2023/9/9 7:15","2024/7/10 3:26"
3618,4204,"The final exam results `*disappointed* me`.","最終試験の結果に`私は*がっかりした*`。","2023/9/9 7:15","2024/7/10 3:27"
3619,4205,"She `*implies* that global warming is not true`.","彼女は`地球温暖化が真実ではないと*それとなく言っている*`。","2023/9/9 7:15","2024/7/10 3:28"
3620,4206,"The doctor `*recommended* that his patients do light exercise every day`.","その医師は`患者に毎日軽い運動をするように*勧めた*`。","2023/9/9 7:15","2024/7/10 3:29"
3621,4207,"The scientists `*demonstrated* that their theory was right`.","科学者たちは`自分たちの理論が正しいことを*証明した*`。","2023/9/9 7:15","2024/7/10 3:30"
3622,4208,"They `*concluded* that black holes exist`.","彼らは`ブラックホールは存在すると*結論づけた*`。","2023/9/9 7:15","2024/7/10 3:31"
3623,4209,"The president `*announced* that he would seek a second term`.","大統領は`二期目に立候補すると*発表した*`。","2023/9/9 7:15","2024/7/10 3:32"
3624,4210,"His music `*appeals* to the older generation`.","彼の音楽は`年配の世代の*心に訴えかける*`。","2023/9/9 7:15","2024/7/10 3:35"
3625,4211,"We have to `*address* the problem` of child abuse.","私たちは児童虐待の`問題に*取り組ま*`なければならない。","2023/9/9 7:15","2024/7/10 3:36"
3626,4212,"We would like to `*advertise* our service` on your website.","あなたのウェブサイトで`私たちのサービスを*宣伝し*`たいのですが。","2023/9/9 7:15","2024/7/10 3:37"
3627,4213,"She `*invited* me to her birthday party`.","彼女は`私を誕生日パーティーに*招待してくれた*`。","2023/9/9 7:15","2024/7/10 3:38"
3628,4214,"The company `cannot *afford* to build a new factory`.","その会社は`新しい工場を建設する*余裕*がない`。","2023/9/9 7:15","2024/7/10 3:40"
3629,4215,"I can’t afford to `*purchase* such an expensive car`.","私には`そんな高い車を*購入する*`余裕はない。","2023/9/9 7:15","2024/7/10 3:39"
3630,4216,"I’ve decided to `*participate* in the international exchange program`.","私は`国際交流プログラムに*参加する*`ことに決めた。","2023/9/9 7:15","2024/7/10 3:41"
3631,4217,"I `*belong* to the planning section`.","私は`企画部に*所属しています*`。","2023/9/9 7:15","2024/7/10 3:44"
3632,4218,"They `*conducted* research` to learn more about the phenomenon.","彼らはその現象についてもっと知るために`調査を*行った*`。","2023/9/9 7:15","2024/7/10 3:45"
3633,4219,"Children should be disciplined when they `*behave* badly`.","子どもたちが`よくない*振る舞いをし*`たら、しつけをすべきだ。","2023/9/9 7:15","2024/7/10 3:46"
3634,4220,"I want to learn how to `*operate* the new software`.","私は`新しいソフトウエアを*操作する*`方法を学びたい。","2023/9/9 7:15","2024/7/10 4:04"
3635,4221,"The company is planning to `*organize* a huge sporting event`.","その企業は`大きなスポーツイベントを*主催する*`計画を立てている。","2023/9/9 7:15","2024/7/10 4:05"
3636,4222,"We will `*host* a reception` for new members.","私たちは新会員のために`歓迎会を*主催する*`つもりです。","2023/9/9 7:15","2024/7/10 4:06"
3637,4223,"His program `*combines* a special diet and daily physical activity`.","彼のプログラムは`特別な食事法と日々の運動を*組み合わせている*`。","2023/9/9 7:15","2024/7/10 4:07"
3638,4224,"The mailman `*delivered* a package to my apartment`.","郵便集配人が`私のアパートに小包を*配達してくれた*`。","2023/9/9 7:15","2024/7/10 4:09"
3639,4225,"That airport `is *located* in the center of the city`.","その空港は`その市の中心部に*位置し*ている`。","2023/9/9 7:15","2024/7/10 4:10"
3640,4226,"She `*encountered* a polar bear` during the exploration.","彼女は探検中に`ホッキョクグマに*遭遇した*`。","2023/9/9 7:15","2024/7/10 4:12"
3641,4227,"The small village `is *surrounded* by a deep forest`.","その小さな村は`深い森に*囲ま*れている`。","2023/9/9 7:15","2024/7/10 4:13"
3642,4228,"We `*explored* the river` by chance.","私たちはカヌーで`その川を*探検した*`。","2023/9/9 7:15","2024/7/10 4:14"
3643,4229,"He `*stuck* to his original plan`.","彼は`自分の最初の計画に*固執した*`。","2023/9/9 7:15","2024/7/10 4:15"
3644,4230,"`Lightning *struck* the tree` in the park.","公園の`木に雷が*落ちた*`。","2023/9/9 7:15","2024/7/10 4:17"
3645,4231,"I chose my words carefully so as not to `*hurt* her feelings`.","私は`彼女の気持ちを*傷付け*`ないように慎重に言葉を選んだ。","2023/9/9 7:15","2024/7/10 4:18"
3646,4232,"`If a dog *bites* you`, you should see a doctor.","`犬があなたに*噛みつい*`たら、医師に診てもらうべきだ。","2023/9/9 7:15","2024/7/10 4:19"
3647,4233,"Suddenly, he `*tore* the document into pieces`.","突然、彼は`その書類をずたずたに*引き裂いた*`。","2023/9/9 7:15","2024/7/11 3:04"
3648,4234,"The organization is calling for volunteers to `*aid* the flood victims`.","その団体は`洪水の被災者を*援助する*`ボランティアを募集している。","2023/9/9 7:15","2024/7/11 3:05"
3649,4235,"I put the coins in the slot, and `*pressed* the button`.","わたしは投入口に硬貨を入れ、`ボタンを*押した*`。","2023/9/9 7:15","2024/7/11 3:06"
3650,4236,"We `*burn* fossil fuels` to produce electricity.","我々は電気を生み出すために`化石燃料を*燃やす*`。","2023/9/9 7:15","2024/7/11 3:07"
3651,4237,"The river `*flows* through our town into the ocean`.","その川は`私たちの町を通って海へ*流れる*`。","2023/9/9 7:15","2024/7/11 3:09"
3652,4238,"You can `*preserve* meat` with salt.","塩を使って`肉を*保存する*`ことができる。","2023/9/9 7:15","2024/7/11 3:09"
3653,4239,"I forgot to take my wallet to school, so I `*borrowed* 1,000 yen from Yumiko`.","学校に財布を持っていくのを忘れたので、`ユミコから1,000円を*借りた*`。","2023/9/9 7:15","2024/7/11 3:11"
3654,4240,"I `had my bicycle *stolen*` in front of the library.","私は図書館の前で`自転車を*盗まれた*`。","2023/9/9 7:15","2024/7/11 3:12"
3655,4241,"He `*escaped* from poverty` and rose to the very top of the society.","彼は`貧困から*抜け出し*`、社会の最高位にのし上がった。","2023/9/9 7:15","2024/7/11 3:14"
3656,4242,"Sometimes, `a good *neighbor*` becomes a good friend.","ときに、`よい*隣人*`はよい友人になる。","2023/9/9 7:15","2024/7/11 3:15"
3657,4243,"The number of `elderly-couple *households*` has been increasing.","`高齢者夫婦の*世帯*`数が増えている。","2023/9/9 7:15","2024/7/11 3:16"
3658,4244,"I’m `a new *resident* in this area`, and I’d like to get a library card.","私は`この地域の新しい*住人*`で、図書館のカードを作りたいのですが。","2023/9/9 7:15","2024/7/11 3:18"
3659,4245,"In 2009, the company released the world’s first `mass-produced electric *vehicles*`.","2009年に、その会社は世界初の`量産電気*自動車*`を発売した。","2023/9/9 7:15","2024/7/11 3:19"
3660,4246,"You must not `remove your hands from the *wheel*` while driving.","運転中は`*ハンドル*から手を離し`てはいけない。","2023/9/9 7:15","2024/7/11 3:20"
3661,4247,"Trains `are facing major *delays*` after the accident.","事故後に電車には`大幅な*遅れ*が出ている`。","2023/9/9 7:15","2024/7/11 3:21"
3662,4248,"`Fossil *fuels*` are limited in supply.","`化石*燃料*`は供給が限られている。","2023/9/9 7:15","2024/7/11 3:22"
3663,4249,"Electric cars produce no harmful gases and `decrease air *pollution*`.","電気自動車は有害ガスを発生させず、`大気*汚染*を減少させる`。","2023/9/9 7:15","2024/7/11 3:23"
3664,4250,"The café `has a relaxed *atmosphere*`.","そのカフェには`くつろげる*雰囲気*がある`。","2023/9/9 7:15","2024/7/11 3:26"
3665,4251,"Solar power is used to `generate *electricity*`.","太陽エネルギーが`*電気*を作り出す`のに使われている。","2023/9/9 7:15","2024/7/11 3:26"
3666,4252,"It is said that smoking is a major cause of `lung *cancer*`.","喫煙は`肺*癌*`の主な原因と言われている。","2023/9/9 7:15","2024/7/11 3:28"
3667,4253,"`The *plagues* and famines` caused over 100,000 deaths.","`*疫病*と飢饉`で10万人以上が死亡した。","2023/9/9 7:15","2024/7/11 3:28"
3668,4254,"`The *threat* of losing their jobs` worries them.","`職を失う*恐れ*`が彼らを不安にしている。","2023/9/9 7:15","2024/7/11 3:29"
3669,4255,"The heavy rain `has caused *floods*` in many areas.","大雨が多くの地域で`*洪水*を引き起こした`。","2023/9/9 7:15","2024/7/11 3:30"
3670,4256,"`The *earthquake* did much damage` to the infrastructure.","`その*地震*は`インフラに`多大な損害を与えた`。","2023/9/9 7:15","2024/7/11 3:32"
3671,4257,"No country is completely safe from `a natural *disaster*`.","`自然*災害*`から絶対に安全な国は1つもない。","2023/9/9 7:15","2024/7/11 3:33"
3672,4258,"`The economic *crisis*` hit the country in the 1990’s.","1990年代に`経済*危機*`がその国を襲った。","2023/9/9 7:15","2024/7/11 3:33"
3673,4259,"Tourists are potential `*victims* of pickpockets`.","観光客は`スリの*被害*者`になる可能性がある。","2023/9/9 7:15","2024/7/12 6:04"
3674,4260,"He was unhappy in spite of `his great *wealth*`.","彼は`莫大な*富*`があるにもかかわらず不幸だった。","2023/9/9 7:15","2024/7/12 6:04"
3675,4261,"They `are raising *funds*` to help the earthquake victims.","彼らは地震の被災者を助けるために`*資金*を集めている`。","2023/9/9 7:15","2024/7/12 6:05"
3676,4262,"He started a new business `with *capital* of ten million yen`.","彼は`*資本金*1千万円で`新しいビジネスを始めた。","2023/9/9 7:15","2024/7/12 6:07"
3677,4263,"His new business is struggling to `make a *profit*`.","彼の新しいビジネスは`*収益*を上げる`のに苦戦している。","2023/9/9 7:15","2024/7/12 6:07"
3678,4264,"I think that top athletes are born with `a special *talent*`.","一流の運動選手は`特別な*才能*`を持って生まれてきたのだと私は思う。","2023/9/9 7:15","2024/7/12 6:09"
3679,4265,"Children have `the *capacity* to acquire` foreign languages easily.","子どもには外国語を容易に`習得する*能力*`がある。","2023/9/9 7:15","2024/7/12 6:10"
3680,4266,"She was one of `the leading *scholars*` in the field.","彼女はその分野において`一流の*学者*`の1人だった。","2023/9/9 7:15","2024/7/12 6:11"
3681,4267,"`The *traditions* have been handed down` from generation to generation.","`その*伝統*は`代々`引き継がれてきた`。","2023/9/9 7:15","2024/7/12 6:12"
3682,4268,"The Tale of Genji is one of the greatest works of `Japanese *literature*`.","「源氏物語」は日本*文学*で最も偉大な作品の1つだ。","2023/9/9 7:15","2024/7/12 6:14"
3683,4269,"He `gave a *lecture*` on the global economy.","彼は世界経済についての`*講義*を行った`。","2023/9/9 7:15","2024/7/12 6:15"
3684,4270,"Themanager talked to us `in a friendly *manner*`.","部長は私たちに`気さくな*接し方*で`話しかけてきた。","2023/9/9 7:15","2024/7/12 6:17"
3685,4271,"Mount Fuji is `a symbol of *Japan*`.","富士山は`日本の*象徴*`だ。","2023/9/9 7:15","2024/7/12 6:18"
3686,4272,"They `made a close *analysis*` of the economic crisis.","彼らはその経済危機の`詳しい*分析*を行った`。","2023/9/9 7:15","2024/7/12 6:18"
3687,4273,"He made `a film *version* of his stage drama`.","彼は`自分の舞台劇の映画*版*`を制作した。","2023/9/9 7:15","2024/7/12 6:19"
3688,4274,"We should approach the issue `from a different *perspective*`.","我々は`違う*観点*から`その問題に取りかかるべきだ。","2023/9/9 7:15","2024/7/12 6:21"
3689,4275,"The company lacks `a global *vision*`.","その企業には`世界的*展望*`が欠けている。","2023/9/9 7:15","2024/7/12 6:22"
3690,4276,"I felt sick `at the *sight* of blood`.","私は`血を*見*て`気分が悪くなった。","2023/9/9 7:15","2024/7/12 6:23"
3691,4277,"The analysis gives us `a new *insight* into the present economic condition`.","その分析は私たちに`経済の現状への新たな*洞察*`を与えてくれる。","2023/9/9 7:15","2024/7/12 6:25"
3692,4278,"Some parents try to raise their children to be `*bilingual* speakers`.","一部の親は子どもが`*2言語を話す*人`になるように育てようとする。","2023/9/9 7:15","2024/7/12 6:29"
3693,4279,"Brains `are *capable* of processing` information faster than computers.","脳はコンピュータより速く情報を`処理する*ことができる*`。","2023/9/9 7:15","2024/7/12 6:31"
3694,4280,"We `are *willing* to pay extra` to sit together on the plane.","私たちは飛行機で一緒に座るのに`追加料金を払うのを*いとわない*`。","2023/9/9 7:15","2024/7/12 6:32"
3695,4281,"He `is *eager* to come back` to our team as soon as possible.","彼はできる限り早くチームに`復帰することを*熱望して*いる`。","2023/9/9 7:15","2024/7/12 6:33"
3696,4282,"`It’s *amazing* that she can answer all the questions`.","`彼女がすべての質問に答えられるとは*驚きだ*`。","2023/9/9 7:15","2024/7/12 6:34"
3697,4283,"It is important to `stay *calm*` in an emergency.","緊急時には`*冷静で*いる`ことが重要だ。","2023/9/9 7:15","2024/7/12 6:35"
3698,4284,"`Keep *quiet*`, or I can’t concentrate.","`*静かに*していてよ`、集中できないから。","2023/9/9 7:15","2024/7/12 6:36"
3699,4285,"We offer a discount for `*senior* citizens`.","`*ご高齢の*方々`には割引をしています。","2023/9/9 7:15","2024/7/12 6:37"
3700,4286,"I helped `an *elderly* woman` cross a busy street.","私は`*年配の*女性`が混雑した通りを渡るのを手助けした。","2023/9/9 7:15","2024/7/12 6:38"
3701,4287,"I am `a *firm* believer in hard work`.","私は`勤勉はよいことだと*固く*信じる者`だ。","2023/9/9 7:15","2024/7/12 6:39"
3702,4288,"I am suffering from `a *severe* headache` today.","私は今日`*ひどい*頭痛`に苦しんでいる。","2023/9/9 7:15","2024/7/12 6:40"
3703,4289,"It took me five hours to finish `the *tough* assignment.`","私は`その*厳しい*課題`を終わらせるのに5時間かかった。","2023/9/9 7:15","2024/7/12 6:41"
3704,4290,"There are many problems caused by a `*rapid* growth in population`.","`人口の*急速な*増加`によって多くの問題が引き起こされている。","2023/9/9 7:15","2024/7/12 6:42"
3705,4291,"We have to `make an *immediate* decision` on that matter.","私たちはその件について`*即座の*決定をする`必要がある。","2023/9/9 7:15","2024/7/12 6:43"
3706,4292,"`*Vastly* areas of rainforests` were destroyed to make farms.","のうちを作るために`熱帯雨林の*広大な*地域`が破壊された。","2023/9/9 7:15","2024/7/13 1:42"
3707,4293,"Asia has experienced `*enormous* changes` in recent years.","アジアは近年、`*非常に大きな*変化を`経験した。","2023/9/9 7:15","2024/7/13 1:43"
3708,4294,"Sociology covers `a *broad* range of topics`.","社会学は`*幅広い*領域のテーマ`を扱う。","2023/9/9 7:15","2024/7/13 1:44"
3709,4295,"We drove carefully through `the *narrow* street`.","私たちは`その*狭い*通り`を注意深く車で走り抜けた。","2023/9/9 7:15","2024/7/13 1:45"
3710,4296,"I found `a *tiny* insect` in the bathroom.","私は浴室で`*とても小さい*虫`を見つけた。","2023/9/9 7:15","2024/7/13 1:46"
3711,4297,"Our new house is equipped with `energy *efficient* air conditioners`.","私たちの新居には`エネルギー*効率のよい*エアコン`が備え付けられている。","2023/9/9 7:15","2024/7/13 1:47"
3712,4298,"`*Constant* effort` enabled the team to win the championship.","`*絶え間ない*努力`によってチームは優勝することができた。","2023/9/9 7:15","2024/7/13 1:48"
3713,4299,"I often go fishing in `a *nearby* river`.","私は`*近くの*川`によく釣りに行く。","2023/9/9 7:15","2024/7/13 1:48"
3714,4300,"I saw fireworks exploding `in the *distant* sky`.","私は`*遠い*空に`花火が上がっているのを見た。","2023/9/9 7:15","2024/7/13 1:50"
3715,4301,"In spite of my refusal, he `*insisted* on my going there`.","私の拒否にもかかわらず、彼は`私にそこに行くよう*強く求めた*`。","2023/9/9 7:15","2024/7/13 1:51"
3716,4302,"I didn’t `*intend* to lie to you`.","`あなたに嘘をつく*つもり*`はなかったのです。","2023/9/9 7:15","2024/7/13 1:53"
3717,4303,"Good teachers `*inspire* students to keep learning`.","優れた教師は`生徒を学び続けるよう*奮起させる*`。","2023/9/9 7:15","2024/7/13 1:54"
3718,4304,"My doctor `*emphasizes* the importance of a balanced diet`.","私の主治医は`バランスの取れた食事の重要性を*強調する*`。","2023/9/9 7:15","2024/7/13 1:55"
3719,4305,"I `*proposed* to him that we start a new business`.","私は`彼に私たちが新しいビジネスを始めた方がよいと*提案した*`。","2023/9/9 7:15","2024/7/13 1:56"
3720,4306,"I `*persuaded* my parents to let me study abroad`.","私は`両親を*説得し*て留学させてもらった`。","2023/9/9 7:15","2024/7/13 1:58"
3721,4307,"His confident manner `*convinced* me that he was right`.","彼の自信に満ちた振る舞いが`私に彼が正しいことを*確信させた*`。","2023/9/9 7:15","2024/7/13 2:00"
3722,4308,"I have to `*admit* that I have made some mistakes`.","私は`いくつかの間違いを犯してきたことを*認め*`なくてはならない。","2023/9/9 7:15","2024/7/13 2:02"
3723,4309,"All of the committee members `*favored* her proposal`.","委員全員が`彼女の提案に*賛成した*`。","2023/9/9 7:15","2024/7/13 2:03"
3724,4310,"She `*excused* us for being late`.","彼女は`私たちの遅刻を*大目に見てくれた*`。","2023/9/9 7:15","2024/7/13 2:04"
3725,4311,"I `*interpreted* her smile as a sign of agreement`.","私は`彼女の微笑を同意の印と*解釈した*`。","2023/9/9 7:15","2024/7/13 2:05"
3726,4312,"You cannot `*translate* these words into Japanese`.","`これらの言葉を日本語に*翻訳する*`ことはできない。","2023/9/9 7:15","2024/7/13 2:06"
3727,4313,"I can’t `*concentrate* on studying` with all this noise.","私はこの騒音のせいで`勉強に*集中する*`ことが出来ない。","2023/9/9 7:15","2024/7/13 2:07"
3728,4314,"They `severely *criticized* me for the mistake`.","彼らは`私をそのミスのことで厳しく*非難した*`。","2023/9/9 7:15","2024/7/13 2:08"
3729,4315,"His teacher `*blamed* him for neglecting his homework`.","先生は`宿題を怠ったことで彼を*責めた*`。","2023/9/9 7:15","2024/7/13 2:10"
3730,4316,"I `firmly *oppose*` the import of genetically modified foods.","私は遺伝子組み換え食品の輸入には`断固*反対する*`。","2023/9/9 7:15","2024/7/13 2:12"
3731,4317,"The company `*informed* its employees of the new conditions of work`.","その会社は`従業員に新しい労働条件を*知らせた*`。","2023/9/9 7:15","2024/7/13 2:13"
3732,4318,"They `*granted* her a scholarship` to the university.","彼らは`彼女に`その大学に進学する`奨学金を*与えた*`。","2023/9/9 7:15","2024/7/13 2:15"
3733,4319,"We `*obtain* knowledge through learning and experience`.","私たちは`学習と経験によって知識を*得る*`。","2023/9/9 7:15","2024/7/13 2:16"
3734,4320,"Last week’s snow `*transformed* the city into a different world`.","先週のユキは`その都市を違った世界に*変えた*`。","2023/9/9 7:15","2024/7/13 2:17"
3735,4321,"She `*altered* the color of the photograph` to look more natural.","彼女はもっと自然に見えるよう`写真の色を*変えた*`。","2023/9/9 7:15","2024/7/13 2:18"
3736,4322,"We `*arranged* the tables` for our meeting.","私たちは会議のために`テーブルを*並べた*`。","2023/9/9 7:15","2024/7/13 2:19"
3737,4323,"Every organism `*interacts* with other living things`.","あらゆる生き物は`他の生物と*相互に影響している*`。","2023/9/9 7:15","2024/7/13 2:20"
3738,4324,"You have to `*handle* the data with care`.","`そのデータは慎重に*扱わ*`なければならない。","2023/9/9 7:15","2024/7/14 9:28"
3739,4325,"We are going to `*extend* out business hours to 9:00 p.m.`","私たちは`営業時間を午後9時まで*延長する*`つもりです。","2023/9/9 7:15","2024/7/14 9:29"
3740,4326,"It is believed that the Polynesians `*settled* in Hawaii` long ago.","ポリネシア人がずっと昔に`ハワイに*住み着いた*`と考えられている。","2023/9/9 7:15","2024/7/14 9:31"
3741,4327,"Her efforts `*contributed* to the success of the program`.","彼女の努力は`その番組の成功に*貢献した*`。","2023/9/9 7:15","2024/7/14 9:33"
3742,4328,"The government plans to `*construct* a new bridge` across the river.","政府はその川に`新しい橋を*建設する*`計画を立てている。","2023/9/9 7:15","2024/7/14 9:34"
3743,4329,"The league `*consists* of 18 teams`.","そのリーグは`18のチームから*成る*`。","2023/9/9 7:15","2024/7/14 9:35"
3744,4330,"`The blue jacket *suits* him`.","`青いジャケットが彼に*似合っている*`。","2023/9/9 7:15","2024/7/14 9:37"
3745,4331,"He `*tied* his horse to a tee`.","彼は`馬を木に*結び付けた*`。","2023/9/9 7:15","2024/7/14 9:38"
3746,4332,"The new car `*differs* greatly in design from the previous model`.","その新しい車は`デザインが前の型と大きく*異なる*`。","2023/9/9 7:15","2024/7/14 9:39"
3747,4333,"I `*hate* going to the dentist`.","私は`歯医者に行くのが*大嫌いだ*`。","2023/9/9 7:15","2024/7/14 9:40"
3748,4334,"People `*dislike* being criticized`.","人は`批判されることが*嫌いだ*`。","2023/9/9 7:15","2024/7/14 9:41"
3749,4335,"I `*disagree* with her on this point`.","私は`この点で彼女と*意見が合わない*`。","2023/9/9 7:15","2024/7/14 9:42"
3750,4336,"I `*regret* saying` such a rude thing to him.","私は彼にあんなに失礼なことを`言ってしまって*後悔している*`。","2023/9/9 7:15","2024/7/14 9:44"
3751,4337,"That company `*employs* a large number of senior citizens`.","その会社は`多くの高齢者を*雇用している*`。","2023/9/9 7:15","2024/7/14 9:46"
3752,4338,"We have to `*hire* more people` to expand the production line.","私たちは生産ラインを拡大するために`もっと多くの人を*雇わ*`なければならない。","2023/9/9 7:15","2024/7/14 9:47"
3753,4339,"The audience `was *absorbed* in her music`.","聴衆は`彼女の音楽に*夢中にな*った`。","2023/9/9 7:15","2024/7/15 3:30"
3754,4340,"We `*expose* ourselves to a huge amount of information`.","私たちは`膨大な量の情報に身を*さらしている*`。","2023/9/9 7:15","2024/7/15 3:31"
3755,4341,"I `*breathed* deeply` to keep claim.","私は落ち着くために`深*呼吸した*`。","2023/9/9 7:15","2024/7/15 3:32"
3756,4342,"Jazz `has its *roots* in African music`.","ジャズの`*起源*はアフリカ音楽にある`。","2023/9/9 7:15","2024/7/15 3:34"
3757,4343,"The President wants to `regulate *immigration*`.","大統領は`*移住*を規制する`ことを望んでいる。","2023/9/9 7:15","2024/7/15 3:34"
3758,4344,"The Anglo-Saxons belonged to `the Germanic *tribes*`.","アングロサクソン人は`ゲルマン*部族*`に属していた。","2023/9/9 7:15","2024/7/15 3:35"
3759,4345,"The rapid growth of population has changed `the rural *landscape*`.","急激な人口増加によって`田舎の*風景*`が変わってしまった。","2023/9/9 7:15","2024/7/15 3:36"
3760,4346,"I want to be engaged in `organic *agriculture*`.","私は`有機*農業*`に従事したいと思う。","2023/9/9 7:15","2024/7/15 3:37"
3761,4347,"These crops do not grow in `poor *soil*`.","これらの作物は`痩せた*土壌*`では育たない。","2023/9/9 7:15","2024/7/15 3:38"
3762,4348,"That area is known as the site of `a rich diamond *mine*`.","その地域は`豊かなダイヤモンド*鉱山*`の土地として知られている。","2023/9/9 7:15","2024/7/15 3:40"
3763,4349,"His movie did not appeal to `the *masses*`.","彼の映画は*大衆*の興味を引かなかった。","2023/9/9 7:15","2024/7/15 3:41"
3764,4350,"I save `a *quarter* of my salary` every month.","私は毎月`給料の*4分の1*`を貯金する。","2023/9/9 7:15","2024/7/15 3:42"
3765,4351,"We live `in an *era* of rapid urbanization`.","私たちは`急速に都市化する*時代*に`生きている。","2023/9/9 7:15","2024/7/15 3:43"
3766,4352,"`Under no *circumstances*` should you drive after drinking.","`いかなる*状況*でも`飲酒後に`決して`運転すべき`でない`。","2023/9/9 7:15","2024/7/15 3:44"
3767,4353,"The rise of the Internet is `a global *phenomenon*`.","インターネットの台頭は`世界的な*現象*`だ。","2023/9/9 7:15","2024/7/15 3:45"
3768,4354,"Exchanging New Year’s cards is `a Japanese *custom*`.","年賀状のやりとりは`日本の*慣習*`だ。","2023/9/9 7:15","2024/7/15 3:46"
3769,4355,"I believe i God, but I `don’t belong to any *religion*`.","私は神の存在は信じているが、`どの*宗教*にも属していない`。","2023/9/9 7:15","2024/7/15 3:47"
3770,4356,"`One of the earliest *civilizations* emerged` in Mesopotamia.","メソポタミアに`最古の*文明*の1つが起こった。`","2023/9/9 7:15","2024/7/15 5:05"
3771,4357,"It is believed that `the *universe* is still expanding`.","`*宇宙*は今も拡大している`と考えられている。","2023/9/9 7:15","2024/7/15 5:06"
3772,4358,"I am convinced that protecting `linguistic *diversity*` is important.","私は`言語の*多様性*`を守ることが重要だと確信している。","2023/9/9 7:15","2024/7/15 5:07"
3773,4359,"He inherited many of his father’s `personality *traits*`.","彼は父親の`性格*特性*`の多くを受け継いだ。","2023/9/9 7:15","2024/7/15 5:08"
3774,4360,"Her first book did not `get good *reviews*`.","彼女の最初の本は`よい*批評*を受け`なかった。","2023/9/9 7:15","2024/7/15 5:09"
3775,4361,"We have discussed the matter `on several *occasions*`.","私たちはその問題について`何*度*か`話し合った。","2023/9/9 7:15","2024/7/15 5:11"
3776,4362,"`The sales *campaign*` of our new product was a huge success.","我が社の新製品の`販売促進*活動*`は大成功だった。","2023/9/9 7:15","2024/7/15 5:12"
3777,4363,"She was offered `a seat on the *board*`.","彼女は`*委員会*のメンバー`になる打診を受けた。","2023/9/9 7:15","2024/7/15 5:13"
3778,4364,"This hotel has various `excellent *facilities*`.","このホテルには様々な`素晴らしい*施設*`がある。","2023/9/9 7:15","2024/7/15 5:14"
3779,4365,"He was ordered to `appear in *court*`.","彼は`*法廷*に出る`よう命じられた。","2023/9/9 7:15","2024/7/15 5:15"
3780,4366,"He gave evidence `at the *trial*`.","彼は*裁判*で証拠を提示した。","2023/9/9 7:15","2024/7/15 5:16"
3781,4367,"The samples were analyzed `in the *laboratory*`.","その標本は`*研究室*で`分析された。","2023/9/9 7:15","2024/7/15 5:17"
3782,4368,"I can use sign language as `an *instrument* for communication`.","私は手話を`コミュニケーションの*道具*`として用いることができる。","2023/9/9 7:15","2024/7/15 5:18"
3783,4369,"I `followed the *instructions*` step by step.","私は１つずつ`*指示*に従った`。","2023/9/9 7:15","2024/7/15 5:19"
3784,4370,"I `read through the *document*` while checking for errors.","私は間違いが無いか確かめながら`*書類*に目を通した`。","2023/9/9 7:15","2024/7/15 5:20"
3785,4371,"We have achieved our monthly `sales *target*`.","私たちは月間`販売*目標*`を達成した。","2023/9/9 7:15","2024/7/15 5:21"
3786,4372,"The political scandal affected `the *outcome* of the election`.","その政治スキャンダルが`選挙の*結果*`に影響を及ぼした。","2023/9/9 7:15","2024/7/15 5:22"
3787,4373,"This exercise helps `strengthen your back *muscles*`.","この運動は`背*筋*を強化する`のに役立つ。","2023/9/9 7:15","2024/7/16 12:09"
3788,4374,"He `earns a good *wage*` at the factory.","彼は工場で`高い*賃金*をもらっている。`","2023/9/9 7:15","2024/7/16 12:10"
3789,4375,"`Traditional *gender* roles` still remain in this country.","この国には`伝統的な*性別*による役割`が依然として残っている。","2023/9/9 7:15","2024/7/16 12:11"
3790,4376,"Because of his success, he `has gained a lot of *confidence*`.","彼は成功したことで、`たくさんの*自信*を得た`。","2023/9/9 7:15","2024/7/16 12:13"
3791,4377,"I cannot `give *credit* to his story`.","私は`彼の話を*信用*する`ことができない。","2023/9/9 7:15","2024/7/16 12:13"
3792,4378,"He `is not *conscious* of his failure`.","彼は`自分の失敗を*自覚して*いない`。","2023/9/9 7:15","2024/7/16 12:17"
3793,4379,"She `is *anxious* about her husband’s health`.","彼女は`夫の健康を*心配して*いる`。","2023/9/9 7:15","2024/7/16 12:19"
3794,4380,"He `fell *asleep*` with the light on.","彼は明かりを付けたまま`*眠って*しまった`。","2023/9/9 7:15","2024/7/16 12:20"
3795,4381,"I am informed that she `is still *alive*`.","私は彼女が`まだ*生きている*`という情報を得ている。","2023/9/9 7:15","2024/7/16 12:21"
3796,4382,"The two cities `are very much *alike* in size and population`.","その２つの市は`面積と人口の点でとてもよく*似ている*`。","2023/9/9 7:15","2024/7/16 12:23"
3797,4383,"She `is *excellent* at speaking English`.","彼女は`英語を話すことに*秀でている*`。","2023/9/9 7:15","2024/7/16 12:24"
3798,4384,"There is `something *odd*` about the global warming debate.","地球温暖化の議論には`どこか*奇妙な*ところ`がある。","2023/9/9 7:15","2024/7/16 12:26"
3799,4385,"You should `be more *sensitive* to her feelings`.","あなたは`彼女の気持ちにもっと*敏感に*なる`べきだ。","2023/9/9 7:15","2024/7/16 12:28"
3800,4386,"`It is *sensible* of her to refuse the offer`.","`彼女がその申し出を断るのは*賢明だ*`。","2023/9/9 7:15","2024/7/16 12:29"
3801,4387,"`*Violent* crime` is always a real problem.","`*暴力的*犯罪`は常に現実的な問題である。","2023/9/9 7:15","2024/7/16 12:30"
3802,4388,"The President has decided to send `*military* forces` to the region.","大統領はその地域に`*軍*隊`を送ることを決めた。","2023/9/9 7:15","2024/7/16 12:31"
3803,4389,"They gave up building `a *nuclear* power plant` there.","彼らはそこに`*原子力*発電所`を建設することを断念した。","2023/9/9 7:15","2024/7/16 12:32"
3804,4390,"This museum has an amazing display of `*contemporary* art`.","この美術館には`*現代*美術`の見事な展示がある。","2023/9/9 7:15","2024/7/16 12:33"
3805,4391,"She teaches English in `*elementary* school`.","彼女は`*初等*学校 [*小*学校]` で英語を教えている。","2023/9/9 7:15","2024/7/16 12:36"
3806,4392,"`The *annual* car show` took place in Nagoya.","`*年に一度の*自動車ショー`が名古屋で開催された。","2023/9/9 7:15","2024/7/16 12:37"
3807,4393,"`His *chief* concern` is money.","`彼の*最大の*関心事`はお金だ。","2023/9/9 7:15","2024/7/16 12:38"
3808,4394,"`The *actual* situation` is quite different from our expectation.","`*実際の*状況`は我々の予想とかなり異なる。","2023/9/9 7:15","2024/7/16 12:39"
3809,4395,"Computer games create `*virtual* worlds`.","コンピュータゲームは`*仮想*世界`を作り出す。","2023/9/9 7:15","2024/7/16 12:39"
3810,4396,"`*Numerous* experiments` have been carried out to prove the theory.","その理論を証明するために`*数多くの*実験`が行われてきた。","2023/9/9 7:15","2024/7/16 12:40"
3811,4397,"People in the region speak `*multiple* languages`.","その地域の人々は`*多くの*言語`を話す。","2023/9/9 7:15","2024/7/16 12:42"
3812,4398,"The eating trends have caused `*widespread* obesity`.","その食の傾向は`*広範囲にわたる*肥満`を引き起こしている。","2023/9/9 7:15","2024/7/16 12:43"
3813,4399,"We don’t have `*sufficient* time` to deal with the problem.","私たちにはその問題に対処するのに`*十分な*時間`がない。","2023/9/9 7:15","2024/7/16 12:44"
3814,4400,"You must not throw `an *empty* can` on the sidewalk.","歩道に`*空き*缶`を捨ててはいけない。","2023/9/9 7:15","2024/7/16 12:45"
3815,4401,"This study `*confirmed* the previous research`.","この研究が`前回の調査を*裏付けた*`。","2023/9/9 7:15","2024/7/17 7:46"
3816,4402,"He `*illustrated* the problem with a short story`.","彼は`短い話を使ってその問題を*説明した*`。","2023/9/9 7:15","2024/7/17 7:50"
3817,4403,"Make sure you `*spell* the word correctly`.","`その後を正しく*つづっている*`か確かめなさい。","2023/9/9 7:15","2024/7/17 7:51"
3818,4404,"`The cold weather doesn’t *bother* me`.","`私は寒さが*気になる*ことはありません`。","2023/9/9 7:15","2024/7/17 7:52"
3819,4405,"The interviewer’s stupid question `*annoyed* him`.","インタビュアーの馬鹿げた質問が`彼を*いらだたせた*`。","2023/9/9 7:15","2024/7/17 7:53"
3820,4406,"The dog is kept inside `so as not to *disturb* the neighbots`.","`近所の*邪魔になら*ないように`、その犬は室内で飼われている。","2023/9/9 7:15","2024/7/17 7:54"
3821,4407,"He `*discouraged* his daughter from getting into show business`.","彼は`娘に芸能界に入るのを*思いとどまらせた*`。","2023/9/9 7:15","2024/7/17 7:55"
3822,4408,"The question about her private life `*embarrassed* her`.","私的な生活に関する質問が`彼女を*当惑させた*`。","2023/9/9 7:15","2024/7/17 7:56"
3823,4409,"I stroked the rabbit gently `so as not to *frighten* it`.","私は`ウサギを*怖がらせ*ないように`優しくなでた。","2023/9/9 7:15","2024/7/17 7:57"
3824,4410,"His silence `*puzzled* the police officer`.","彼の沈黙が`警察官を*当惑させた*`。","2023/9/9 7:15","2024/7/17 7:58"
3825,4411,"This decision may `*upset* a lot of people`.","この決定は`多くの人を*動揺させる*`かもしれない。","2023/9/9 7:15","2024/7/17 7:59"
3826,4412,"A tax cut will `*stimulate* the economy`.","減税が`経済を*刺激する*`だろう。","2023/9/9 7:15","2024/7/17 8:00"
3827,4413,"The boxer `*beat* his opponent` in the match.","そのボクサーはその試合で`対戦相手を*負かした*`。","2023/9/9 7:15","2024/7/17 8:01"
3828,4414,"`The wind is *blowing*` from the south.","南から`風が*吹いて*いる`。","2023/9/9 7:15","2024/7/17 8:02"
3829,4415,"He `*injured* his right leg` during soccer practice.","彼はサッカーの練習で`右足に*けがをした*`。","2023/9/9 7:15","2024/7/17 8:03"
3830,4416,"They believed that garlic could `*cure* many diseases`.","彼らはニンニクが`多くの病気を*治す*`ことができると信じていた。","2023/9/9 7:15","2024/7/17 8:04"
3831,4417,"I `haven’t *recovered* from jet lag` yet.","私はまだ`時差ぼけから*回復して*いない`。","2023/9/9 7:15","2024/7/17 8:05"
3832,4418,"We can `*overcome* any difficulties`.","私たちは`どんな困難をも*克服する*`ことができる。","2023/9/9 7:15","2024/7/17 8:07"
3833,4419,"I `*quit* my job` due to a health problem.","私は健康上の問題で`仕事を*辞めた*`。","2023/9/9 7:15","2024/7/17 8:08"
3834,4420,"My company `is *transferring* me to the London branch` next month.","会社は来月`私をロンドン支社に*転勤させ*ようとしている`。","2023/9/9 7:15","2024/7/17 8:09"
3835,4421,"They constructed canals to `*transport* food`.","彼らは`食料を*輸送する*`ために運河を建設した。","2023/9/9 7:15","2024/7/17 8:11"
3836,4422,"India `*exports* cotton to China`.","インドは`綿花を中国へ*輸出する*`。","2023/9/9 7:15","2024/7/17 8:12"
3837,4423,"Japan `*imports* oranges from California`.","日本は`オレンジをカリフォルニアから*輸入する*`。","2023/9/9 7:15","2024/7/17 8:14"
3838,4424,"Parents `*invest* a lot of time and money in their children’s education`.","親は`多大な時間とお金を子どもの教育に*投資する*`。","2023/9/9 7:15","2024/7/17 8:15"
3839,4425,"The police `are *investigating* the cause of last month’s accident`.","警察は`先月の事故の原因を*調べて*いる`。","2023/9/9 7:15","2024/7/17 8:16"
3840,4426,"This company `*manufactures* a variety of electronic devices`.","この会社は`多様な電子機器を*製造する*`。","2023/9/9 7:15","2024/7/17 8:17"
3841,4427,"We all `*reacted* positively to her proposal`.","私たちはみな、`彼女の提案に前向きに*反応した*`。","2023/9/9 7:15","2024/7/17 8:18"
3842,4428,"`She was *awarded* a scholarship` to Oxford University.","`彼女は`オックスフォード大学に通うための`奨学金を*授与さ*れた`。","2023/9/9 7:15","2024/7/17 8:19"
3843,4429,"We support `an international treaty to *ban* landmines`.","私たちは`地雷を*禁止する*国際条約`を支持する。","2023/9/9 7:15","2024/7/17 8:24"
3844,4430,"The Constitution `*prohibits* the Emperor from having political influence`.","憲法は`天皇が政治的影響を与えることを*禁じた*`。","2023/9/9 7:15","2024/7/17 8:25"
3845,4431,"His doctor `*forbade* him to drink alcohol`.","主治医は`彼が飲酒することを*禁じた*`。","2023/9/9 7:15","2024/7/17 8:26"
3846,4432,"I feel sad when I see that people `have *abandoned* their pets`.","私は、人が`ペットを*捨てた*`のを知ると悲しくなる。","2023/9/9 7:15","2024/7/17 8:26"
3847,4433,"On the Celsius `water *freezes* at 0˚` and boils at 100˚.","摂氏の目盛では、`水は0度で*凍り*`、100度で沸騰する。","2023/9/9 7:15","2024/7/18 6:59"
3848,4434,"She couldn’t `*lift* the heavy box`.","彼女は`その重い箱を*持ち上げる*`ことができなかった。","2023/9/9 7:15","2024/7/18 7:00"
3849,4435,"He `*hung* the picture on the wall` in his office.","彼は事務所の`壁にその絵を*掛けた*`。","2023/9/9 7:15","2024/7/18 7:01"
3850,4436,"She `*shook* her head` and sighed.","彼女は`首を横に*振り*`、ため息をついた。","2023/9/9 7:15","2024/7/18 7:01"
3851,4437,"I stood up and `*stretched* my back`.","私は立ち上がって`背中を*伸ばした*`。","2023/9/9 7:15","2024/7/18 7:02"
3852,4438,"He `*laid* his books carefully on the desk`.","彼は`机の上に注意して本を*置いた*`。","2023/9/9 7:15","2024/7/18 7:04"
3853,4439,"The child `*stared* at the strangers` as if they were aliens.","その子どもは`見知らぬ人々を`まるで異星人であるかのように`*じっと見つめた*`。","2023/9/9 7:15","2024/7/19 1:47"
3854,4440,"I `*gazed* at her` in admiration.","私は感嘆して`彼女を*見つめた*`。","2023/9/9 7:15","2024/7/19 1:48"
3855,4441,"Plants `*capture* sunlight` and convert it into energy.","植物は`日光を*捕らえ*`てエネルギーに変換する。","2023/9/9 7:15","2024/7/19 1:49"
3856,4442,"`Dairy cows are *bred* to produce milk`.","`乳牛は牛乳を作るよう*繁殖さ*れている`。","2023/9/9 7:15","2024/7/19 1:50"
3857,4443,"`A dolphin is a *mammal*`, not a fish.","`イルカは*哺乳類*であり`、魚類ではない。","2023/9/9 7:15","2024/7/19 1:51"
3858,4444,"Darwin suggested that `humans and *apes*` share a common ancestor.","ダーウィンは`人間と*類人猿*`は共通の祖先を持つと示唆した。","2023/9/9 7:15","2024/7/19 1:59"
3859,4445,"The ladybug is said to be one of `the beneficial *insects*`.","テントウムシは`益*虫*`の1つと言われている。","2023/9/9 7:15","2024/7/19 2:00"
3860,4446,"`Newborn *infants*` recognize their mother’s voice.","`生まれたばかりの*赤ん坊*`は母親の声を認識する。","2023/9/9 7:15","2024/7/19 2:02"
3861,4447,"The heart is one of `the vital *organs*`.","心臓は`生命に不可欠な*臓器*`の1つだ。","2023/9/9 7:15","2024/7/19 2:03"
3862,4448,"You can read the article `on the *web*`.","その記事は`*ウェブ*上で`読める。","2023/9/9 7:15","2024/7/19 2:04"
3863,4449,"Scientists discovered `a dinosaur *fossil*` in the woods.","科学者がその森で`恐竜の*化石*`を見つけた。","2023/9/9 7:15","2024/7/19 2:06"
3864,4450,"In 1815 Napoleon was defeated at `the *Battle* of Waterloo`.","1815年にナポレオンは`ワーテルローの*戦い*`で敗れた。","2023/9/9 7:15","2024/7/19 2:07"
3865,4451,"Sharks have few `natural *enemies*`.","サメには`天*敵*`がほとんどいない。","2023/9/9 7:15","2024/7/19 2:08"
3866,4452,"The use of `chemical *weapons*` has been banned internationally.","`化学*兵器*`の使用は国際的に禁止されている。","2023/9/9 7:15","2024/7/19 2:09"
3867,4453,"She has a baby `in her *arms*`.","彼女は`*腕*に`赤ん坊を抱いている。","2023/9/9 7:15","2024/7/19 2:09"
3868,4454,"He `joined the *army*` and took part in the war.","彼は`*陸軍*に入隊し`て戦争に参加した。","2023/9/9 7:15","2024/7/19 2:10"
3869,4455,"My brother `has been in the *Navy*` for six years.","兄は6年間`*海軍*に在籍している`。","2023/9/9 7:15","2024/7/19 2:11"
3870,4456,"Mount Hiei `is located on the *border* between Kyoto and Shiga Prefectures`.","比叡山は`京都府と滋賀県の*境界線*上に位置している`。","2023/9/9 7:15","2024/7/19 2:12"
3871,4457,"We had difficulty overcoming `the language *barrier*`.","私たちは`言葉の*壁*`を乗り越えるのに苦労した。","2023/9/9 7:15","2024/7/19 2:13"
3872,4458,"`Greek *philosophy*` has had a great influence on Western culture.","`ギリシャ*哲学*`は西洋文化に大きな影響を与えてきた。","2023/9/9 7:15","2024/7/19 2:14"
3873,4459,"`Criminal *psychology*` is the study of crimes and criminals.","`犯罪*心理学*`は犯罪と犯罪者に関する研究だ。","2023/9/9 7:15","2024/7/19 2:16"
3874,4460,"`The fire *alarm* went off`, but no smoke or fire was seen.","`火災*報知器*が鳴った`が、煙も炎も見えなかった。","2023/9/9 7:15","2024/7/19 2:20"
3875,4461,"These websites will `do young people great *harm*`.","これらのウェブサイトは`若者に大きな*害*を及ぼす`だろう。","2023/9/9 7:15","2024/7/19 2:21"
3876,4462,"Great stress can result in `severe *depression*`.","大きなストレスは`深刻な*うつ病*`につながることがある。","2023/9/9 7:15","2024/7/19 2:22"
3877,4463,"If you can’t use the software, you’re `at a huge *disadvantage*`.","そのソフトが使えないと、君は`非常に*不利な立場*に`置かれることになる。","2023/9/9 7:15","2024/7/19 2:24"
3878,4464,"`The *shortage* of laborers` will bring more foreign workers to Japan.","`労働者*不足*`は、より多くの外国人労働者を日本に呼び込むことになる。","2023/9/9 7:15","2024/7/19 2:26"
3879,4465,"The item you ordered is temporarily `out of *stock*`.","ご注文の品は一時的に`*在庫*切れ`です。","2023/9/9 7:15","2024/7/19 2:26"
3880,4466,"I will `pay off the *loan*` in two years.","私は2年で`*ローン*を返済する`つもりだ。","2023/9/9 7:15","2024/7/23 0:33"
3881,4467,"I have to live within `a tight *budget*`.","私は`厳しい*予算*`内で生活しなければならない。","2023/9/9 7:15","2024/7/23 0:34"
3882,4468,"`Technological *innovation*` has changed our lives.","`技術*革新*`は私たちの生活を変えた。","2023/9/9 7:15","2024/7/23 0:35"
3883,4469,"`The labor *union*` is likely to go on strike.","`労働*組合*`がストライキに入りそうだ。","2023/9/9 7:15","2024/7/23 0:36"
3884,4470,"The family is `the smallest *unit*` of society.","家族は社会の`最小*単位*`だ。","2023/9/9 7:15","2024/7/23 0:37"
3885,4471,"The company supplies factories with `raw *materials*`.","その会社は工場に`*原料*`を供給する。","2023/9/9 7:15","2024/7/23 0:38"
3886,4472,"Cholesterol is `a fatty *substance*` found in blood.","コレステロールは血中に見られる`脂肪性の*物質*`だ。","2023/9/9 7:15","2024/7/23 0:39"
3887,4473,"Excuse me, is this `your *stuff*`?","すみませんが、これは`あなたの*持ち物*`ですか。","2023/9/9 7:15","2024/7/23 0:40"
3888,4474,"`A very high *proportion* of the population` doesn’t read the newspaper.","`非常に高い*割合*の人々`が新聞を読まない。","2023/9/9 7:15","2024/7/23 0:42"
3889,4475,"He found himself walking `on the *edge* of the cliff`.","彼は自分が`崖の*縁*を`歩いているのに気づいた。","2023/9/9 7:15","2024/7/23 0:44"
3890,4476,"I think there should be some kind of `dress *code*` at school.","私は学校に何らかの`服装*規定*`があるべきだと思う。","2023/9/9 7:15","2024/7/23 0:45"
3891,4477,"It `remains a *mystery*` why they built this.","彼らがなぜこれを建設したのかは`依然*謎*である`。","2023/9/9 7:15","2024/7/23 0:46"
3892,4478,"The child `is *curious* about everything`.","その子どもは`何にでも*好奇心を抱く*`。","2023/9/9 7:15","2024/7/23 0:48"
3893,4479,"We should impose `*strict* rules` to control smartphone use.","我々はスマートフォンの使用を規制するために`*厳しい*規則`を貸すべきだ。","2023/9/9 7:15","2024/7/23 0:50"
3894,4480,"I `was *frank* with her about my true feelings`.","私は`自分の本当の気持ちを彼女に*率直に*語った`。","2023/9/9 7:15","2024/7/23 3:19"
3895,4481,"She speaks to her parents `in a *polite* manner`.","彼女は両親に`*丁寧な*言葉遣いで`話す。","2023/9/9 7:15","2024/7/23 3:20"
3896,4482,"Playing violent games `makes some children more *aggressive*`.","暴力的なゲームをすると`より*攻撃的に*なる子供もいる`。","2023/9/9 7:15","2024/7/23 3:21"
3897,4483,"His prediction `proved to be fairly *accurate*`.","彼の予測は`かなり*正確で*あると分かった`。","2023/9/9 7:15","2024/7/23 3:23"
3898,4484,"There are no `exact *figures*` on how many children are abused.","どれだけの子どもが虐待されているかに関する`正確な*数値*`はない。","2023/9/9 7:15","2024/7/23 3:24"
3899,4485,"I cannot find `a *proper* gift for her birthday`.","私は`彼女の誕生日に*ふさわしい*贈り物`を見つけることができない。","2023/9/9 7:15","2024/7/23 3:25"
3900,4486,"I only had `a *brief* conversation` with him.","彼とは`*短い*会話`を交わしただけだった。","2023/9/9 7:15","2024/7/23 3:26"
3901,4487,"He has `*extraordinary* musical abilities`.","彼には`*並外れた*音楽の才能`がある。","2023/9/9 7:15","2024/7/23 3:28"
3902,4488,"We can be `*flexible* about working hours` in our office.","私どもは社内での`就業時間について*柔軟な*`対応が可能です。","2023/9/9 7:15","2024/7/23 3:44"
3903,4489,"It’s raining now, but we’ll have `*pleasant* weather` tomorrow.","今は雨が降っているが、あすは`*気持ちのよい*天気`になるだろう。","2023/9/9 7:15","2024/7/23 3:45"
3904,4490,"This bed is `*comfortable* to sleep on`.","このベッドは`寝*心地がよい*`。","2023/9/9 7:15","2024/7/23 3:47"
3905,4491,"The country `is politically *stabel*`.","その国は`政治的に*安定して*いる`。","2023/9/9 7:15","2024/7/23 3:48"
3906,4492,"The old man wore glasses with `*thick* lenses`.","その老人は`*分厚い*レンズ`のメガネを掛けていた。","2023/9/9 7:15","2024/7/23 3:51"
3907,4493,"`He became so *thin*` that I didn’t recognize him at first.","`彼がとても*痩せた*`ので、私は最初彼だと分からなかった。","2023/9/9 7:15","2024/7/23 3:52"
3908,4494,"Humans are the only animals that are capable of `*abstract* thought`.","人間は`*抽象的な*思考`を行える唯一の動物だ。","2023/9/9 7:15","2024/7/23 3:53"
3909,4495,"When you make a speech, use `more *concrete* words`.","スピーチをするときは、`もっと*具体的な*言葉`を使いなさい。","2023/9/9 7:15","2024/7/23 3:54"
3910,4496,"I have `*absolute* confidence` in our teammates.","私にはチームメートに対する`*絶対的な*信頼`がある。","2023/9/9 7:15","2024/7/23 3:55"
3911,4497,"`Their *prime* concern` is the recovery of the economy.","`彼らの*第1の*関心事`は経済の回復だ。","2023/9/9 7:15","2024/7/23 3:56"
3912,4498,"The engine is `a *vital* part` of the car.","エンジンは車の`*極めて重要な*部分`だ。","2023/9/9 7:15","2024/7/23 3:58"
3913,4499,"`*Contrary* to popular belief`, men like shopping as much as women do.","`一般に信じられていることに*反して*`、男性は女性と同じくらい買い物好きだ。","2023/9/9 7:15","2024/7/23 3:59"
3914,4500,"Mail carriers deliver the mail every day `*regardless* of the weather`.","郵便配達員は`天候に*関係なく*`毎日郵便物を配達する。","2023/9/9 7:15","2024/7/23 4:01"
3915,4501,"My father didn’t `*permit* me to study abroad`.","父は私が留学するのを許可しなかった。","2023/9/9 7:15","2024/7/24 22:52"
3916,4502,"I `*suspect* that the man was involved in the crime`.","私は`その男がその犯罪に関わっていたの*ではないかと思う*`。","2023/9/9 7:15","2024/7/24 22:54"
3917,4503,"Every person has the right to `*pursue* happiness`.","いかなる人もみな、`幸福を*追求する*`権利を有する。","2023/9/9 7:15","2024/7/24 22:56"
3918,4504,"I closed my eyes and `*pretended* to be asleep`.","私は目を閉じて`寝ている*ふりをした*`。","2023/9/9 7:15","2024/7/24 22:58"
3919,4505,"In order to `*calculate* the area`, multiply the width by the length.","`面積を*計算する*`には、横の長さに縦の長さを掛ければよい。","2023/9/9 7:15","2024/7/24 23:00"
3920,4506,"They `*guarantee* that their organic foods are safe to eat`.","彼らは`自分たちの有機食品は食べても安全だと*保証している*`。","2023/9/9 7:15","2024/7/24 23:02"
3921,4507,"He didn’t `*acknowledge* his mistakes`.","彼は`自分の間違いを*認め*`なかった。","2023/9/9 7:15","2024/7/24 23:03"
3922,4508,"We `were deeply *impressed* by her speech`.","我々は`彼女の演説に深く*感動し*た`。","2023/9/9 7:15","2024/7/24 23:08"
3923,4509,"One of my professors `urged me to apply to *graduate* school`.","教授の1人が`私に大学院に出願するよう*熱心に勧めた*`。","2023/9/9 7:15","2024/7/24 23:10"
3924,4510,"He `was` obviously `*conveying* a very important message to us`.","彼は明らかに`とても重要なメッセージを私たちに*伝え*ようとしていた`。","2023/9/9 7:15","2024/7/24 23:12"
3925,4511,"Next month, the museum will `*celebrate* its one-hundredth anniversary`.","来月、その美術館は`100周年を*祝う*`。","2023/9/9 7:15","2024/7/24 23:28"
3926,4512,"I `*admired* the author for her literary genius`.","私は`その作家の文化的才能に*感嘆した*`。","2023/9/9 7:15","2024/7/24 23:30"
3927,4513,"He decided to `*devote* more time to studying English`.","`彼はもっと多くの時間を英語の勉強に*充てる*`ことに決めた。","2023/9/9 7:15","2024/7/24 23:32"
3928,4514,"That brand of beverage `has *dominated* the market`.","その飲料の銘柄が`市場を*支配した*`。","2023/9/9 7:15","2024/7/24 23:33"
3929,4515,"It is impossible to `completely *eliminate* crime from the world`.","`犯罪を世界から完全に*取り除く*`ことなど不可能だ。","2023/9/9 7:15","2024/7/24 23:36"
3930,4516,"`Speed is *restricted* to 50 kilometers per hour` here.","ここでは`速度が時速50キロに*制限さ*れている`。","2023/9/9 7:15","2024/7/24 23:38"
3931,4517,"It is often difficult to `*isolate* religion from politics`.","`宗教を政治から*切り離す*`のはしばしば難しい。","2023/9/9 7:15","2024/7/24 23:39"
3932,4518,"The use of English will `*endanger* their own language`.","英語の使用は`彼らの言語を*消滅の危機にさらす*`ことになるだろう。","2023/9/9 7:15","2024/7/24 23:40"
3933,4519,"They `*secure* their water` from the lake.","彼らはその湖から`水を*確保する*`。","2023/9/9 7:15","2024/7/24 23:41"
3934,4520,"I’d like to `*reserve* a single room` for two nights.","`シングルルームを`2泊`*予約し*`たいのですが。","2023/9/9 7:15","2024/7/24 23:42"
3935,4521,"He `*possesses* a great sense of humor`.","彼は`素晴らしいユーモア感覚を*持っている*`。","2023/9/9 7:15","2024/7/24 23:44"
3936,4522,"She `*launched* her own company` to realize her dream.","彼女は夢を実現するために`自分の会社を*始めた*`。","2023/9/9 7:15","2024/7/24 23:45"
3937,4523,"We `*detected* a fault in the sensor`.","私たちは`センサーに欠陥を*見つけた*`。","2023/9/9 7:15","2024/7/24 23:45"
3938,4524,"Perhaps the new law will `*reverse* the trend`.","もしかするとその新しい法律は`流れを*逆転させる*`かもしれない。","2023/9/9 7:15","2024/7/24 23:46"
3939,4525,"Mitochondria `*convert* food into energy`.","ミトコンドリアは`食べ物をエネルギーに*変える*`。","2023/9/9 7:15","2024/7/24 23:48"
3940,4526,"It was likely to rain, and we `*hurried* to our hotel`.","雨が降りそうだったので、私たちは`ホテルへと*急いだ*`。","2023/9/9 7:15","2024/7/24 23:50"
3941,4527,"When we finally arrived, I `*rushed* to the restroom`.","やっとの事で到着すると、私は`トイレに*急いで行った*`。","2023/9/9 7:15","2024/7/24 23:51"
3942,4528,"The ball `*rolled* across the floor`.","ボールは`床を向こうに*転がった*`。","2023/9/9 7:15","2024/7/24 23:52"
3943,4529,"A car `*crashed* into a signpost`.","車が`道路標識に*衝突した*`。","2023/9/9 7:15","2024/7/24 23:53"
3944,4530,"It is said that the pirates `*buried* their treasure around here`.","海賊が`この辺りに宝物を*埋めた*`と言われている。","2023/9/9 7:15","2024/7/24 23:55"
3945,4531,"Scientists `have *dug* up fossils of a bird` that lived 100 million years ago.","科学者たちは1億年前に生息していた`鳥の化石を*掘り*出した`。","2023/9/9 7:15","2024/7/24 23:58"
3946,4532,"They `*attached* price stickers to their products`.","彼らは`製品に価格シールを*付けた*`。","2023/9/9 7:15","2024/7/25 0:00"
3947,4533,"`The snow *melts*` in spring.","`その雪は`春には`*溶ける*`。","2023/9/9 7:15","2024/7/26 3:41"
3948,4534,"The child `is *accompanied* by his mother` wherever he goes.","その子どもはどこへ行くにも`母親が*同伴する*`。","2023/9/9 7:15","2024/7/26 3:42"
3949,4535,"Soon robots will `*assist* us in almost all kinds of work`.","やがてロボットが`私たちをほぼすべての種類の仕事で*手伝う*`ようになるだろう。","2023/9/9 7:15","2024/7/26 3:43"
3950,4536,"She helped me `*cope* with the problem`.","彼女歯私が`その問題に*対処する*`のを手伝ってくれた。","2023/9/9 7:15","2024/7/26 3:44"
3951,4537,"Excuse me, but could you `*lend* me a pen`?","すみませんが、`私にペンを*貸し*`ていただけませんか。","2023/9/9 7:15","2024/7/26 3:46"
3952,4538,"My sister `*rents* an apartment` near the campus.","姉はキャンパスの近くに`アパートを*借りている*`。","2023/9/9 7:15","2024/7/26 3:48"
3953,4539,"Do you remember you `*owe* me 20,000 yen`?","君は僕に`2万円の*借りがある*`ことを覚えているかい。","2023/9/9 7:15","2024/7/26 3:49"
3954,4540,"You must `*apologize* to her for your rude behavior` last night.","あなたは`彼女に`昨夜の`無礼な振る舞いについて*謝ら*`なければならない。","2023/9/9 7:15","2024/7/26 3:51"
3955,4541,"Please `*forgive* me for writing to you suddenly like this`.","`このように突然あなたに手紙を書いていることを*お許し*`ください。","2023/9/9 7:15","2024/7/26 3:52"
3956,4542,"`That ancient *tongue*` has fewer than 3,000 native speakers.","`その古代*言語*`は3,000人に満たない話者しかいない。","2023/9/9 7:15","2024/7/26 3:53"
3957,4543,"Some people say that Cantonese is `a *dialect* of Chinese`.","広東語は`中国語の一*方言*`だという人もいる。","2023/9/9 7:15","2024/7/26 3:54"
3958,4544,"I can tell `from her *accent*` that she is Australian.","私は`彼女の*訛り*から`彼女がオーストラリア人だと分かる。","2023/9/9 7:15","2024/7/26 3:55"
3959,4545,"Malaysia was formerly `a British *colony*`.","マレーシアは依然、`英国の*植民地*`だった。","2023/9/9 7:15","2024/7/26 3:56"
3960,4546,"`The *grain* has to be harvested` within a short period.","`その*穀物*は`短い期間で`収穫しなければならない`。","2023/9/9 7:15","2024/7/26 3:57"
3961,4547,"We have had `a rich *harvest* of rice` this year.","今年は`米が豊*作*`だ。","2023/9/9 7:15","2024/7/26 3:58"
3962,4548,"Vinegar is `a necessary *ingredient*` when making sushi.","素は寿司を作る際に`必要な*材料*`だ。","2023/9/9 7:15","2024/7/26 3:59"
3963,4549,"`A vast *portion* of our planet` remains poorly studied.","`地球の広大な*部分*`が十分に研究されないままだ。","2023/9/9 7:15","2024/7/26 4:00"
3964,4550,"There are still so many people sho `suffer from *hunger*`.","`*飢え*に苦しむ`人たちが今も非常に驚いている。","2023/9/9 7:15","2024/7/26 4:02"
3965,4551,"`People suffering from *obesity*` often lack exercise.","`*肥満*に悩んでいる人々`は運動不足であることが多い。","2023/9/9 7:15","2024/7/26 4:03"
3966,4552,"The consumption tax `is a bigger *burden* on poor people`.","消費税は`貧しい人にとってより大きな*負担*である`。","2023/9/9 7:15","2024/7/26 4:04"
3967,4553,"`In case of an *emergency*`, you must make a quick decision.","`*緊急*の場合には`、君は即座に決断しなければならない。","2023/9/9 7:15","2024/7/26 4:05"
3968,4554,"The company is struggling to `pay off its *debt*`.","その会社は`*借金*を完済する`のに苦労している。","2023/9/9 7:15","2024/7/26 4:06"
3969,4555,"He `signed a five-year *contract*` worth $50 million.","彼は5,000万ドル相当の`5年*契約*を結んだ`。","2023/9/9 7:15","2024/7/26 4:07"
3970,4556,"A new branch will be opened to `serve our *clients*` in Sendai.","仙台の`*得意客*に便宜を図る`ために新しい視点をオープンする。","2023/9/9 7:15","2024/7/26 4:08"
3971,4557,"He `is in group *therapy*`.","彼は`集団*療法*を受けている`。","2023/9/9 7:15","2024/7/26 4:09"
3972,4558,"She `consulted her *physician*` about her health.","彼女は自分の健康のことで`かかりつけの*医師*に相談した`。","2023/9/9 7:15","2024/7/26 4:10"
3973,4559,"We are expecting the country to `move toward *democracy*`.","私たちはその国が`*民主主義*に向かう`ことを期待している。","2023/9/9 7:15","2024/7/26 4:11"
3974,4560,"`The next general *election*` will take place in July next year.","`次の総*選挙*`は来年の7月に行われる。","2023/9/9 7:15","2024/7/29 5:59"
3975,4561,"There were more `votes for *Democrats*` than for Republicans.","共和党員よりも`民主党員に*投じられた票*`の方が多かった。","2023/9/9 7:15","2024/7/29 6:00"
3976,4562,"I want to `vote for the female *candidate*`.","私は`その女性の*候補者*に投票し`たい。","2023/9/9 7:15","2024/7/29 6:01"
3977,4563,"`The Finance *Minister*` vowed to make every effort to stop deflation.","`財務*大臣*`はデフレを止めるためにあらゆる努力をすると誓った。","2023/9/9 7:15","2024/7/29 6:02"
3978,4564,"Representatives from 50 countries `attended the international *conference*`.","50ヵ国の代表が`その国際*会議*に出席した`。","2023/9/9 7:15","2024/7/29 6:03"
3979,4565,"The show is one of the highlights of `the Olympic Games’ closing *ceremony*`.","そのショーは`オリンピックの閉会*式`*の呼び物の1つだ。","2023/9/9 7:15","2024/7/29 6:05"
3980,4566,"He `established a private educational *institution*` 100 years ago.","彼は100年前、`私立の教育*機関*を設立した`。","2023/9/9 7:15","2024/7/29 6:06"
3981,4567,"`Chinese *corporations*` will have more influence on the world economy.","`中国*企業*`が世界経済により大きな影響を及ぼすだろう。","2023/9/9 7:15","2024/7/29 6:07"
3982,4568,"The government works `in *cooperation* with the corporation`.","政府は`その企業と*協力*して`作業を行っている。","2023/9/9 7:15","2024/7/30 6:50"
3983,4569,"`The local *authorities*` are widening roads to improve traffic flow.","`地方*当局*`は交通の流れを改善するために道路を拡張している。","2023/9/9 7:15","2024/7/30 6:51"
3984,4570,"`The *theme* of his article` is global climate change.","`彼の論文の*主題*`は地球規模の気候変動だ。","2023/9/9 7:15","2024/7/30 6:53"
3985,4571,"He seems to `have a *notion* that any problem can be solved`.","彼は`どんな問題も解決できるという*考え*を持っているようだ`。","2023/9/9 7:15","2024/7/31 14:46"
3986,4572,"She repeatedly `tested the *hypothesis*`.","彼女は繰り返し`その*仮説*を検証した`。","2023/9/9 7:15","2024/7/31 14:47"
3987,4573,"The school os criticized for `maintaining very strict *discipline*`.","その学校は`とても厳しい*規律*を継続すること`で批判を受けている。","2023/9/9 7:15","2024/7/31 14:49"
3988,4574,"If you `take this *route*`, you will get caught in a traffic jam.","君が`この*道*を行く`なら、渋滞にはまるだろう。","2023/9/9 7:15","2024/7/31 14:50"
3989,4575,"Jogging before breakfast is `my daily *routine*`.","朝食前にジョギングするのが`私の日々の*日課*`だ。","2023/9/9 7:15","2024/7/31 14:51"
3990,4576,"We will `arrive at our final *destination*` in ten minutes.","我々はあと10分で`最終*目的地*に着く`予定だ。","2023/9/9 7:15","2024/7/31 14:52"
3991,4577,"I try to choose `*domestic* products` when I shop.","私は買い物をするときは`*国内の*製品`を選ぶようにしている。","2023/9/9 7:15","2024/7/31 14:53"
3992,4578,"There are students from `different *ethnic* groups` there.","そこには`異なる*民族*集団`出身の生徒たちがいる。","2023/9/9 7:15","2024/7/31 14:55"
3993,4579,"Their way of life `appears a little *alien* to us`.","彼らの生活様式は`私たちには少し*異質に*見える`。","2023/9/9 7:15","2024/7/31 14:56"
3994,4580,"That tall building `is clearly *visible*` from a distance.","その高層ビルは遠くから`はっきりと*見える*`。","2023/9/9 7:15","2024/7/31 14:57"
3995,4581,"Listen carefully to understand `his verbal *message*`.","`彼の*言葉による*メッセージ`を理解するためによく聞きなさい。","2023/9/9 7:15","2024/7/31 14:58"
3996,4582,"Freedom of expression is `a *fundamental* principle of democracy`.","表現の自由は`民主主義の*基本*原則だ`。","2023/9/9 7:15","2024/7/31 14:59"
3997,4583,"`*Conventional* medicine` did not help the patients.","`*従来の*薬剤`はその患者らの助けにならなかった。","2023/9/9 7:15","2024/7/31 15:00"
3998,4584,"His questions `are highly *relevant* to the matter`.","彼の質問は`その問題に大いに*関係がある*`。","2023/9/9 7:15","2024/7/31 15:01"
3999,4585,"The story is unbelievable; `a more *rational* explanation` is needed.","そんな話は信じられない。`もっと*合理的な*説明`が必要だ。","2023/9/9 7:15","2024/7/31 15:03"
4000,4586,"I told the police `*precise* details` about the accident.","私はその事故についての`*正確な*詳細`を警察に伝えた。","2023/9/9 7:15","2024/7/31 15:04"
4001,4587,"Rare metals are `the country’s *principal* exports`.","希少金属が`その国の*主要な*輸出品`である。","2023/9/9 7:15","2024/7/31 15:05"
4002,4588,"The principal has to make `a *crucial* decision` about the matter.","校長はその問題について`*重大な*決定`を下さなければならない。","2023/9/9 7:15","2024/7/31 15:06"
4003,4589,"Nothing `remains *permanent* and unchanged` in the universe.","宇宙で`*永続的で*変わらないままである`ものは何一つない。","2023/9/9 7:15","2024/7/31 15:07"
4004,4590,"`The pain was so *intense*` that I couldn’t stand up.","`痛みがとても*激しく*`て私は立ち上がることができなかった。","2023/9/9 7:15","2024/7/31 15:08"
4005,4591,"Every year for a dog `is *equivalent* to five to seven human years.`","犬の1年は`人間の5年か7年に*相当する*`。","2023/9/9 7:15","2024/7/31 15:09"
4006,4592,"`The *frequent* and long use of smartphones` is bad for eyes.","`スマートフォンの*頻繁*で長い使用`は目に悪い。","2023/9/9 7:15","2024/7/31 15:10"
4007,4593,"If you meet a wild animal, you should avoid `any *sudden* movement`.","野生動物に遭遇したら、`どんな*急な*動きも`避けるべきだ。","2023/9/9 7:15","2024/7/31 15:11"
4008,4594,"I did `a *temporary* job` during the summer vacation.","私は夏休みの間に`*臨時の*仕事`をした。","2023/9/9 7:15","2024/8/2 0:41"
4009,4595,"The substance has `a complete *internal* structure`.","その物質は`複雑な*内部*構造`を有する。","2023/9/9 7:15","2024/8/2 0:42"
4010,4596,"Many people think happiness depends on `*external* factors`.","多くの人が幸せは`*外的*要因`によるものだと思っている。","2023/9/9 7:15","2024/8/2 0:43"
4011,4597,"Modern technology use `is clearly *distinct* from the early use of tools`.","現代の技術利用は`初期の道具の使用とは明確に*異なる*`。","2023/9/9 7:15","2024/8/2 0:44"
4012,4598,"These animals will `become *extinct*` if more is not done to protect them.","もっと保護対策が講じられないと、これらの動物は`*絶滅して*しまう`だろう。","2023/9/9 7:15","2024/8/2 0:45"
4013,4599,"I`’m totally *exhausted* from a hard day’s work`.","私は`働きづめの一日でぐったりと*疲れ果てた*`。","2023/9/9 7:15","2024/8/2 0:46"
4014,4600,"Scientists must not use their knowledge for `*evil* purpose`.","科学者は自分の知識を`*邪悪な*目的`に使ってはならない。","2023/9/9 7:15","2024/8/2 0:47"
4015,4601,"He `*greeted* me with a nod`.","彼は`私にうなずいて*挨拶した*`。","2023/9/9 7:15","2024/8/2 0:49"
4016,4602,"I `*chatted* with my friends`.","私は`友人と*おしゃべりした*`。","2023/9/9 7:15","2024/8/2 0:49"
4017,4603,"He `*remarked* that he had no idea`.","彼は`分からないと*言った*`。","2023/9/9 7:15","2024/8/2 0:51"
4018,4604,"She `didn’t *utter* a word` during the meeting.","彼女は会議中`一言も*話さ*なかった`。","2023/9/9 7:15","2024/8/2 0:52"
4019,4605,"The captain `*commanded* his men to attack the enemy`.","大尉は`部下に敵を攻撃するよう*命じた*`。","2023/9/9 7:15","2024/8/2 0:52"
4020,4606,"He `*declared* himself to be king`.","彼は`自らを王だと*宣言した*`。","2023/9/9 7:15","2024/8/2 0:53"
4021,4607,"We often `*pronounce* “this” as “dis`.”","私たちはしばしば`thisをdisと*発音する*`。","2023/9/9 7:15","2024/8/2 0:54"
4022,4608,"`Words and actions` often `do not *correspond*`.","`言葉と身振りは`しばしば`*一致し*ない`。","2023/9/9 7:15","2024/8/2 0:57"
4023,4609,"Babies often `*imitate* their parents`.","赤ん坊はよく`親の*まねをする*`。","2023/9/9 7:15","2024/8/2 0:58"
4024,4610,"He `*resembles* his grandfather in appearance`.","彼は`外見が彼のおじいさんに*似ている*`。","2023/9/9 7:15","2024/8/2 0:58"
4025,4611,"The museum `*exhibits* some of Warhol’s works`.","その美術館は`何点かのウォーホルの作品を*展示している*`。","2023/9/9 7:15","2024/8/2 1:00"
4026,4612,"He `*distributed* the papers` during the meeting.","彼は会議中に`その書類を*配布した*`。","2023/9/9 7:15","2024/8/2 1:01"
4027,4613,"He `*attributed* his success to his daughter`.","彼は`自分の成功を娘の*おかげと考えた*`。","2023/9/9 7:15","2024/8/2 1:03"
4028,4614,"We do several tests to `*evaluate* products`.","私たちは`製品を*評価する*`ためにいくつかの検査を行う。","2023/9/9 7:15","2024/8/2 1:04"
4029,4615,"He `*assessed* the situation` to decide what to do.","彼は何をすべきかを判断するために`状況を*見極めた*`。","2023/9/9 7:15","2024/8/2 1:05"
4030,4616,"She `*deserves* to be a company executive`.","彼女は`会社の重役になるに*値する*`。","2023/9/9 7:15","2024/8/2 1:05"
4031,4617,"An adult giant panda `*weighs* more than 80 kilograms`.","成長したジャイアンとパンダは`80キロ以上の*重さがある*`。","2023/9/9 7:15","2024/8/2 1:07"
4032,4618,"Regular exercise will `*strengthen* your willpower as well`.","定期的な運動は`意志の力もまた*強くする*`。","2023/9/9 7:15","2024/8/2 1:08"
4033,4619,"My sister `was *weakened* by her long illness`.","私の姉は`長患いで*衰弱して*いた`。","2023/9/9 7:15","2024/8/2 1:09"
4034,4620,"Our boss didn’t `*approve* of the plan`.","私たちの上司は`その計画に*賛成し*`なかった。","2023/9/9 7:15","2024/8/2 1:10"
4035,4621,"The leader `*assigned* him the important task`.","リーダーは`彼にその重要な任務を*割り当てた*`。","2023/9/9 7:15","2024/8/2 1:11"
4036,4622,"The heart is the vital organ that `*sustains* human life`.","心臓は`人間の生命を*維持する*`極めて重要な器官だ。","2023/9/9 7:15","2024/8/2 1:12"
4037,4623,"I am working hard to `*accomplish* my goal`.","私は`目標を*達成する*`ため一生懸命努力している。","2023/9/9 7:15","2024/8/2 1:13"
4038,4624,"Music can `*relieve* your stress`.","音楽によって`ストレスを*減らす*`こともある。","2023/9/9 7:15","2024/8/2 1:14"
4039,4625,"`What *frustrates* me` is that he always ignores me.","`私が*不満な*の`は、彼がいつも私を無視することだ。","2023/9/9 7:15","2024/8/3 10:22"
4040,4626,"Lightning always `*scares* my dog`.","稲光はいつも`うちの犬を*怖がらせる*`。","2023/9/9 7:15","2024/8/3 10:23"
4041,4627,"I `couldn’t *resist* the chocolates`.","私は`そのチョコレートを*我慢する*ことができなかった`。","2023/9/9 7:15","2024/8/3 10:24"
4042,4628,"They `*protest* against the use of chemical weapons`.","彼らは`化学兵器の使用に*抗議している*`。","2023/9/9 7:15","2024/8/3 10:25"
4043,4629,"Would you mind `*shutting* that door`?","`そのドアを*閉めて*`いただけますか。","2023/9/9 7:15","2024/8/3 10:28"
4044,4630,"He `narrowly *defeated* the champion`.","彼は`チャンピオンを僅差で*負かした*`。","2023/9/9 7:15","2024/8/3 10:29"
4045,4631,"He was criticized for `*neglecting* his duties`.","彼は`職務を*怠ったこと*`で非難された。","2023/9/9 7:15","2024/8/3 10:30"
4046,4632,"My grandfather `has *retired* from his job`.","祖父は`仕事を*引退して*いる`。","2023/9/9 7:15","2024/8/3 10:30"
4047,4633,"`Japan’s education system was *reformed*` after World War II.","第二次大戦後に`日本の教育制度は*改革さ*れた`。","2023/9/9 7:15","2024/8/3 10:32"
4048,4634,"The building `*collapsed* under its own weight`.","その建物は`自らの重さに耐えられず*倒壊した*`。","2023/9/9 7:15","2024/8/3 10:33"
4049,4635,"The rain `*ruined* my vacation plan`.","その雨で`休暇の計画が*台無しになった*`。","2023/9/9 7:15","2024/8/3 10:33"
4050,4636,"`The ship began to *sink*` after hitting a tanker.","タンカーに衝突した後に`その船は*沈み*始めた`。","2023/9/9 7:15","2024/8/3 10:34"
4051,4637,"`Books were *piled* up` on the floor.","床に`本が*積み重ねら*れていた`。","2023/9/9 7:15","2024/8/3 10:35"
4052,4638,"We `*derive* energy from the sun`.","私たちは`太陽からエネルギーを*得ている*`。","2023/9/9 7:15","2024/8/3 10:36"
4053,4639,"The soil `*yields* good crops` every year.","この土壌は毎年`豊かな作物を*産する*`。","2023/9/9 7:15","2024/8/3 10:38"
4054,4640,"The hotel `*occupies* an entire block`.","そのホテルは`1ブロック全体を*占めている*`。","2023/9/9 7:15","2024/8/3 10:39"
4055,4641,"She `*wrapped* the gift in white paper`.","彼女は`贈り物を白い紙で*包んだ*`。","2023/9/9 7:15","2024/8/3 10:40"
4056,4642,"She `*embraced* her daughter gently`.","彼女は`娘を優しく*抱きしめた*`。","2023/9/9 7:15","2024/8/3 10:41"
4057,4643,"The bridge has `an overall *length* of 850 meters`.","その橋は`全*長*850メートルだ`。","2023/9/9 7:15","2024/8/3 10:42"
4058,4644,"An airplane was flying `at a *height* of 5,000 meters`.","飛行機が`5,000メートルの*高度*で`飛んでいた。","2023/9/9 7:15","2024/8/3 10:43"
4059,4645,"`The *volume* of garbage` has increased sharply.","`ゴミの*量*`が急激に増えている。","2023/9/9 7:15","2024/8/3 10:44"
4060,4646,"He paid `a large *sum* of money` in tax.","彼は税金として`多*額*の金`を払った。","2023/9/9 7:15","2024/8/3 10:45"
4061,4647,"I put the picture in `the metal *frame*`.","私はその絵を`金属製の*額縁*`に入れた。","2023/9/9 7:15","2024/8/3 10:45"
4062,4648,"Some rivers flow across `international *boundaries*`.","いくつかの川は`国*境*`を越えて流れる。","2023/9/9 7:15","2024/8/3 10:46"
4063,4649,"People came from `all the neighboring *districts*` for the event.","人々がイベントのために`すべての近隣*地区*`からやって来た。","2023/9/9 7:15","2024/8/3 10:47"
4064,4650,"They `occupied the enemy’s *territory*`.","彼らは`敵の*領土*を占拠した`。","2023/9/9 7:15","2024/8/3 10:48"
4065,4651,"The girl `cut some paper into *squares*`.","女の子は`何枚かの紙を*正方形*に切った`。","2023/9/9 7:15","2024/8/3 10:49"
4066,4652,"`The *empire* expanded` to the east.","`その帝国は`東へ*拡大した*。","2023/9/9 7:15","2024/8/3 10:50"
4067,4653,"Austrians are proud of `their rich musical *heritage*`.","オーストリア人は`豊かな音楽*遺産*`を誇りに思っている。","2023/9/9 7:15","2024/8/3 10:51"
4068,4654,"Visitors are required to `pay an entrance *fee*`.","観覧者は`入場*料*を支払う`ことが必要です。","2023/9/9 7:15","2024/8/3 10:52"
4069,4655,"Can you `give me a small *discount*`, please?","`少し*値引き*し`てくれませんか。","2023/9/9 7:15","2024/8/3 10:53"
4070,4656,"He `gave some money to *charity*`.","彼は`*慈善事業*にいくらかのお金を寄付した`。","2023/9/9 7:15","2024/8/3 10:53"
4071,4657,"`Her *mission* in life` was to help the poor.","`彼女の人生における*使命*`は貧しい人々を助けることだった。","2023/9/9 7:15","2024/8/3 10:54"
4072,4658,"I want to enter `the medical *profession*`.","私は`医療関係の*職*`に就きたい。","2023/9/9 7:15","2024/8/6 2:50"
4073,4659,"They `released the *slaves*`.","彼らは`*奴隷*を解放した`。","2023/9/9 7:15","2024/8/6 2:50"
4074,4660,"`The two independent *witnesses*` agreed.","`2人の別々の*目撃者*`の供述が一致した。","2023/9/9 7:15","2024/8/6 2:52"
4075,4661,"I vividly remember `the childhood *incident*`.","私は`その子ども時代の*出来事*`をはっきりと覚えている。","2023/9/9 7:15","2024/8/6 2:52"
4076,4662,"I `have *insurance* on my car`.","私は`車に*保険*を掛けている`。","2023/9/9 7:15","2024/8/6 2:53"
4077,4663,"The government should spend more money on `social *welfare*`.","政府は`社会*福祉*`にもっと資金を投入すべきだ。","2023/9/9 7:15","2024/8/6 2:54"
4078,4664,"They `were delighted by the *treasure*` that they had found.","彼らは自分たちの見つけた`*宝物*に喜んだ`。","2023/9/9 7:15","2024/8/6 2:55"
4079,4665,"Some people say that `*leisure* is a right`.","`*余暇*は権利である`と言う人がいる。","2023/9/9 7:15","2024/8/6 2:56"
4080,4666,"My health is `my first *priority*`.","健康が`私の最*優先事項*`だ。","2023/9/9 7:15","2024/8/6 2:56"
4081,4667,"That hairdresser `has an excellent *reputation*`.","その美容師は`素晴らしい*評判*を得ていた`。","2023/9/9 7:15","2024/8/6 2:58"
4082,4668,"`It is a great *honor* to meet you`, Mr. Jones.","ジョーンズさん、`あなたにお目にかかれて大変*光栄*です`。","2023/9/9 7:15","2024/8/6 2:59"
4083,4669,"`The *statue* stands` in the middle of the square.","`その*像*は`広場の中心に`立っている`。","2023/9/9 7:15","2024/8/6 3:00"
4084,4670,"He `studied *architecture*` under his father.","彼は父親の元で`*建築*を学んだ`。","2023/9/9 7:15","2024/8/6 3:01"
4085,4671,"I can’t understand `the *logic* behind his argument`.","私は`彼の主張の背後にある*論理*`が理解できない。","2023/9/9 7:15","2024/8/6 3:02"
4086,4672,"No one can explain `the exact *mechanism* of the human brain`.","`人間の脳の正確な*仕組み*`を説明できる人はいない。","2023/9/9 7:15","2024/8/6 3:03"
4087,4673,"The police found `a *clue* to the mystery`.","警察は`その謎への*手がかり*`を見つけた。","2023/9/9 7:15","2024/8/6 3:04"
4088,4674,"I take a hot bath `as a *means* of relaxation`.","私は`くつろぎの*手段*として`熱い風呂に入る。","2023/9/9 7:15","2024/8/6 3:05"
4089,4675,"A rabbit `was caught in a *trap*`.","ウサギが`*罠*にかかった`。","2023/9/9 7:15","2024/8/6 3:06"
4090,4676,"The president played `dirty *tricks*` during his campaign.","大統領は選挙運動中に`汚い*策略*`を使った。","2023/9/9 7:15","2024/8/6 3:07"
4091,4677,"The president arrived `under heavy *guard*`.","大統領は`厳重な*警備*の下で`到着した。","2023/9/9 7:15","2024/8/6 3:08"
4092,4678,"I `believe him to be *innocent*`.","私は`彼が*無罪だ*と信じている`。","2023/9/9 7:15","2024/8/6 3:09"
4093,4679,"They `feel *guilty* about taking time off from work`.","彼らは`休暇を取ることに*罪悪感*を感じる`。","2023/9/9 7:15","2024/8/6 3:10"
4094,4680,"I must apologize for `my son’s *rude* manners`.","私は`息子の*無礼な*作法`に対してお詫びをしなければなりません。","2023/9/9 7:15","2024/8/6 3:11"
4095,4681,"`She is so *shy*` that she can’t talk to anybody.","`彼女はとても*恥ずかしがり*`なので誰にも話しかけることができない。","2023/9/9 7:15","2024/8/6 3:12"
4096,4682,"I try to `take a *liberal* attitude toward religion`.","私は`宗教に対して*寛大な*態度を取る`ようにしている。","2023/9/9 7:15","2024/8/6 3:13"
4097,4683,"`It was *stupid* of me to say such a thing` to my parents.","両親に`そんなことを言うなんて私は*愚かだ*った`。","2023/9/9 7:15","2024/8/6 3:15"
4098,4684,"She seemed to `be *reluctant* to talk` about it.","彼女はそれについて`話すことに*気が進まない*`ようだった。","2023/9/9 7:15","2024/8/6 3:17"
4099,4685,"`It is very *generous* of you to lend him so much money`.","`彼にそんな大金を貸すとは君はなんて*気前がよい*んだ`。","2023/9/9 7:15","2024/8/6 3:18"
4100,4686,"He is a great scientist, but `very *modest* about his achievements`.","彼は偉大な科学者だが、`自分の業績に関してとても*控えめだ*`。","2023/9/9 7:15","2024/8/6 3:19"
4101,4687,"She lives alone but doesn’t `feel *lonely*`.","彼女は独り暮らしだが、`*寂しい*と感じて`いない。","2023/9/9 7:15","2024/8/6 3:20"
4102,4688,"He bought a ring made of `*pure* gold`.","彼は`*純*金`で作られた指輪を買った。","2023/9/9 7:15","2024/8/6 3:21"
4103,4689,"The celebrity lives in `a *grand* house`.","その有名人は`*豪*邸`に住んでいる。","2023/9/9 7:15","2024/8/6 3:22"
4104,4690,"The students are given `*adequate* financial assistance`.","その学生たちは`*十分な*資金援助`を受けている。","2023/9/9 7:15","2024/8/6 3:23"
4105,4691,"`It is *apparent* that she is ill`.","`彼女が病気なのは*明らかだ*`。","2023/9/9 7:15","2024/8/6 3:24"
4106,4692,"<i>Gulliver’s Travels</i> is `a classic *work* of fiction`.","「ガリバー旅行記」は`*第一級の*小説だ`。","2023/9/9 7:15","2024/8/9 11:33"
4107,4693,"You can reach `the *remote* desert` only by helicopter.","`その*遠く離れた*砂漠`にはヘリコプターでしか到達できない。","2023/9/9 7:15","2024/8/9 11:35"
4108,4694,"Ice is `the *solid* state` of water.","氷は水の`*固体の*状態`だ。","2023/9/9 7:15","2024/8/9 11:36"
4109,4695,"I am used to eating `*raw* fish`.","私は`*生の*魚`を食べることに慣れている。","2023/9/9 7:15","2024/8/9 11:37"
4110,4696,"I try to speak in `*plain* English`.","私は`*平易な*英語`で話すようにしている。","2023/9/9 7:15","2024/8/9 11:37"
4111,4697,"In `*primitive* societies`, it was important to control fire.","`*原始*社会`では、火を管理することが重要だった。","2023/9/9 7:15","2024/8/9 11:38"
4112,4698,"There has been `a *steady* increase in demand` for this kind of work.","この種の仕事には`*着実な*需要増加`が見られる。","2023/9/9 7:15","2024/8/9 11:40"
4113,4699,"I have `a *slight* fever` now.","私は今、`*微*熱`がある。","2023/9/9 7:15","2024/8/9 11:40"
4114,4700,"They are similar, but there are `*subtle* differences` between them,","それらは似ているが、両者には`*微妙な*違い`がある。","2023/9/9 7:15","2024/8/9 11:42"
4115,4701,"Artists `*delight* us with their works of art`.","芸術家は`私たちに芸術作品で*大きな喜びを与えてくれる*`。","2023/9/9 7:15","2024/8/9 11:44"
4116,4702,"They `*entertained* the babies with puppet show`.","彼らは`赤ん坊を人形劇で*楽しませた*`。","2023/9/9 7:15","2024/8/9 11:46"
4117,4703,"She `*fulfilled* her desire` to become a singer.","彼女は歌手になりたいという`望みを*叶えた*`。","2023/9/9 7:15","2024/8/9 11:47"
4118,4704,"That good news `*cheered* us up`.","そのよい知らせは`私たちを*元気づけた*`。","2023/9/9 7:15","2024/8/9 11:48"
4119,4705,"He `*amused* the children` by making funny faces.","彼はおもしろい顔をして`子供たちを*笑わせた*`。","2023/9/9 7:15","2024/8/9 11:49"
4120,4706,"Despite the heavy rain, the pilot `*anticipated* no problems`.","大雨にもかかわらず、パイロットは`何も問題はないと*予想した*`。","2023/9/9 7:15","2024/8/9 11:50"
4121,4707,"The country `is *confronted* with a severe food shortage`.","その国は`深刻な食糧不足に*直面し*ている`。","2023/9/9 7:15","2024/8/9 11:52"
4122,4708,"The country `has *undergone* radical changes`  recently.","その国は近年`急激な変化を*経験した*`。","2023/9/9 7:15","2024/8/9 11:53"
4123,4709,"The company’s profit `*exceeded* ten billion yen` last year.","昨年その企業の利益は`100億円を*超えた*`。","2023/9/9 7:15","2024/8/9 11:55"
4124,4710,"She `was *overwhelmed* by grief`.","彼女は`悲しみに*打ちひしが*れた`。","2023/9/9 7:15","2024/8/9 11:55"
4125,4711,"The hunter `*shot* a bear with a rifle`.","その猟師は`クマをライフル銃で*撃った*`。","2023/9/9 7:15","2024/8/9 11:57"
4126,4712,"The man was accused of `*murdering* his wife`.","その男は`妻を*殺害したこと*`の罪で起訴された。","2023/9/9 7:15","2024/8/9 11:57"
4127,4713,"The man `*robbed* her of her purse`.","その男は`彼女からハンドバッグを*奪い取った*`。","2023/9/9 7:15","2024/8/9 11:59"
4128,4714,"Poverty `*deprives* children of educational opportunities`.","貧困は`子供から教育の機会を*奪う*`。","2023/9/9 7:15","2024/8/9 12:00"
4129,4715,"Why don’t you `get *rid* of these old toys`?","`これらの古いオモチャを*処分し*`てはどうですか。","2023/9/9 7:15","2024/8/9 12:02"
4130,4716,"He `*interrupted* the speaker` with an awkward question.","彼は`講演者の話を`厄介な質問で`*さえぎった*`。","2023/9/9 7:15","2024/8/9 12:04"
4131,4717,"Those problems `*interfere* with our plans`.","それらの問題が`私たちの計画を*妨げている*`。","2023/9/9 7:15","2024/8/9 12:05"
4132,4718,"You `must not *bully* your brother`.","`弟を*いじめて*はいけない`。","2023/9/9 7:15","2024/8/9 12:06"
4133,4719,"I just tried to` *defend* myself from being attacked`.","私は`攻撃から身を*守ろ*`うとしただけだ。","2023/9/9 7:15","2024/8/9 12:08"
4134,4720,"He `*rescued* a child from drowning`.","彼は`子供が溺れかけているのを*救った*`。","2023/9/9 7:15","2024/8/9 12:09"
4135,4721,"I `*accused* her of lying to me`.","`私に嘘をついたことで`私は`彼女を*非難した*`。","2023/9/9 7:15","2024/8/9 12:10"
4136,4722,"He `*sued* the company for stealing his idea`.","彼は`自分のアイデアを盗用したことでその会社を*訴えた*`。","2023/9/9 7:15","2024/8/9 12:11"
4137,4723,"She likes `*wandering* on the beach`.","彼女は`浜辺を*ぶらつくこと*`が好きだ。","2023/9/9 7:15","2024/8/9 12:12"
4138,4724,"A cat `was *chasing* a mouse`.","ネコが`ネズミを*追いかけて*いた`。","2023/9/9 7:15","2024/8/9 12:13"
4139,4725,"The police `*arrested* him for reckless driving`.","警察は`彼を無謀運転で*逮捕した*`。","2023/9/9 7:15","2024/8/10 9:51"
4140,4726,"The teacher told us to `*submit* the assignment` by tomorrow.","先生は私たちにあすまでに`課題を*提出する*`ように言った。","2023/9/9 7:15","2024/8/10 9:53"
4141,4727,"The teacher `*punished* the student for being late`.","教師は`その生徒を遅刻したことで*罰した*`。","2023/9/9 7:15","2024/8/10 9:54"
4142,4728,"Politicians wish to `*resolve* those problems`.","政治家は`それらの問題を*解決し*`たいと思っている。","2023/9/9 7:15","2024/8/10 9:55"
4143,4729,"Nothing can `*justify* racial discrimination`.","何事も`人種差別を*正当化する*`ことはできない。","2023/9/9 7:15","2024/8/10 9:56"
4144,4730,"I `*restored* my grandmother’s old house` myself.","私は自分で`祖母の古い家を*修復した*`。","2023/9/9 7:15","2024/8/10 9:57"
4145,4731,"He `*modified* the folktale` to make a movie.","彼は映画を作るために`その民話を*一部作りかえた*`。","2023/9/9 7:15","2024/8/10 9:58"
4146,4732,"Our boss `*imposed* his idea on us`.","上司は`自分の考えを私たちに*押しつけた*`。","2023/9/9 7:15","2024/8/10 9:59"
4147,4733,"The committee `is *composed* of eight women`.","委員会は`８人の女性で*構成さ*れている`。","2023/9/9 7:15","2024/8/10 10:00"
4148,4734,"The `*classify* the book as science fiction`.","彼らは`その本をSF小説として*分類している*`。","2023/9/9 7:15","2024/8/10 10:01"
4149,4735,"The company `*substitutes* new material for plastic`.","その会社は`新しい素材をプラスチックの*代わりに使う*`。","2023/9/9 7:15","2024/8/10 10:02"
4150,4736,"The sweater `*shrunk* slightly` in the wash.","そのセーターは洗ったら`少し*縮んだ*`。","2023/9/9 7:15","2024/8/10 10:03"
4151,4737,"She `*leaned* against the wall`.","彼女は`壁に*寄りかかった*`。","2023/9/9 7:15","2024/8/10 10:04"
4152,4738,"She `*folded* her umbrella` and put it into her bag.","彼女は`傘を*折りたたん*`でカバンに入れた。","2023/9/9 7:15","2024/8/10 10:05"
4153,4739,"He `*loaded* his baggage into the car`.","彼は`手荷物を車に*積み込んだ*`。","2023/9/9 7:15","2024/8/10 10:07"
4154,4740,"She `*poured* wine into the glass`.","彼女は`ワインをグラスに*注いだ*`。","2023/9/9 7:15","2024/8/10 10:08"
4155,4741,"A white cloud `is *floating* in the sky`.","白い雲が`空に*浮かんで*いる`。","2023/9/9 7:15","2024/8/10 10:09"
4156,4742,"The sun `is *shining* brightly`.","太陽が`明るく*輝いて*いる`。","2023/9/9 7:15","2024/8/10 10:10"
4157,4743,"I `submitted a manuscript to the *editor*`.","私は`原稿を*編集者*に提出した`。","2023/9/9 7:15","2024/8/10 10:11"
4158,4744,"She `read the *poetry* aloud`.","彼女は`*詩*を朗読した`。","2023/9/9 7:15","2024/8/10 10:11"
4159,4745,"Those words are no longer `in common *usage*`.","それらの言葉はもはや`一般的に*使われ*て`いない。","2023/9/9 7:15","2024/8/10 10:13"
4160,4746,"Tourism is one of the growing `economic *sectors*`.","観光産業は成長している`経済*部門*`の１つだ。","2023/9/9 7:15","2024/8/10 10:14"
4161,4747,"It is difficult to complete this task `in such a short *span* of time`.","`そんな短い*期間*で`この仕事を終えるのは難しい。","2023/9/9 7:15","2024/8/10 10:15"
4162,4748,"This educational program aims to `increase *literacy*`.","この教育プログラムは`*読み書き能力*を高める`ことを目指す。","2023/9/9 7:15","2024/8/10 10:16"
4163,4749,"Fever is `a common *symptom*` of the flu.","発熱はインフルエンザの`一般的な*症状*`だ。","2023/9/9 7:15","2024/8/10 10:17"
4164,4750,"We have entered `a new *phase* of climate change`.","私たちは`気候変動の新たな*段階*`に入った。","2023/9/9 7:15","2024/8/10 10:19"
4165,4751,"He `underwent *surgery*` for stomach cancer.","彼は胃がんの`*手術*を受けた`。","2023/9/9 7:15","2024/8/10 10:20"
4166,4752,"My daughter `is infected with the flu *virus*`.","私の娘は`インフルエンザ*ウイルス*に感染している`。","2023/9/9 7:15","2024/8/10 10:20"
4167,4753,"`This *poison* takes effect immediately`.","`この*毒*は即座に効く`。","2023/9/9 7:15","2024/8/10 10:21"
4168,4754,"Eggs `are rich in *protein*`.","卵は`*タンパク質*は豊富だ`。","2023/9/9 7:15","2024/8/10 10:22"
4169,4755,"`The *liquid* froze solid`.","`その*液体*は凍って固まった`。","2023/9/9 7:15","2024/8/10 10:22"
4170,4756,"`Blood carries *oxygen*` to body cells.","`血液は`体内の細胞に`*酸素*を送る`。","2023/9/9 7:15","2024/8/10 10:23"
4171,4757,"He set off on `a voyage around the *globe*`.","彼は`*世界*一周の航海`に出発した。","2023/9/9 7:15","2024/8/10 10:24"
4172,4758,"The sea ice around `the North *Pole*` is melting.","`北*極*`周辺の海氷が溶け出している。","2023/9/9 7:15","2024/8/10 10:25"
4173,4759,"I looked down into `the deep *valley*`.","私は`深い*谷*`を見下ろした。","2023/9/9 7:15","2024/8/12 11:57"
4174,4760,"`Wildlife *conservation*` is needed to protect the Earth’s biological diversity.","`野生動物の*保護*`は地球の生物多様性を守るために必要だ。","2023/9/9 7:15","2024/8/12 11:58"
4175,4761,"That information came from `secret *channels*`.","その情報は`秘密の*経路*`から入手された。","2023/9/9 7:15","2024/8/12 11:59"
4176,4762,"`A *glacier* moves very slowly` down a valley.","`*氷河*はとてもゆっくりと`谷をくだって`動く`。","2023/9/9 7:15","2024/8/12 12:00"
4177,4763,"He was `a *pioneer* in computer science`.","彼は`コンピュータサイエンスの*先駆者*`だった。","2023/9/9 7:15","2024/8/12 12:01"
4178,4764,"`There is little *prospect* of the economy improving` this year.","今年は`経済が上向く*見込み*はほとんどない`。","2023/9/9 7:15","2024/8/12 12:03"
4179,4765,"She `has a great *enthusiasm* for the work`.","彼女は`その仕事にとても*熱中*している`。","2023/9/9 7:15","2024/8/12 12:05"
4180,4766,"He spoke `with *passion*` about the importance of life.","彼は生命の重要性について`*情熱*を込めて`語った。","2023/9/9 7:15","2024/8/12 12:06"
4181,4767,"He `made a *fortune*` by selling his artwork.","彼は自分の作品を売って`*一財産*を築いた`。","2023/9/9 7:15","2024/8/12 12:08"
4182,4768,"`The biggest *obstacle* to success` is the fear of making mistakes.","`成功に対する1番大きな*障害*`は間違う事への恐れだ。","2023/9/9 7:15","2024/8/12 12:09"
4183,4769,"He seems to have `some *prejudice* against foreigners`.","彼は`外国人に対するいくらかの*偏見*`を持っているようだった。","2023/9/9 7:15","2024/8/12 12:13"
4184,4770,"They are demanding equal rights and `social *justice*`.","彼らは平等の権利と`社会*正義*`を求めている。","2023/9/9 7:15","2024/8/12 12:14"
4185,4771,"He kept on attacking `his political *opponent*`.","彼は`政*敵*`を攻撃し続けた。","2023/9/9 7:15","2024/8/12 12:15"
4186,4772,"She would `make any *sacrifice*` to save her son.","彼女は息子を救うためなら、`どんな*犠牲*をも払う`だろう。","2023/9/9 7:15","2024/8/12 12:17"
4187,4773,"It was `my *fault*` that we lost the game.","我々がその試合に負けたのは`私の*責任*`だった。","2023/9/9 7:15","2024/8/12 12:18"
4188,4774,"He `was sent to *prison*` for bank robbery.","彼は銀行強盗の罪で`*刑務所*送りになった`。","2023/9/9 7:15","2024/8/12 12:19"
4189,4775,"She volunteered at `a *shelter* for the victims of the storm`.","彼女は`嵐の被災者の*避難所*`でボランティアをした。","2023/9/9 7:15","2024/8/12 12:20"
4190,4776,"`The *committee* meets every Friday`.","`*委員会*は毎週金曜日に開かれる`。","2023/9/9 7:15","2024/8/12 12:21"
4191,4777,"The dance originated in `a religious *ritual*`.","その踊りは`宗教*儀式*`から始まった。","2023/9/9 7:15","2024/8/12 12:22"
4192,4778,"She `looks remarkably *mature*` for her age.","彼女は年齢の割に`驚くほど*大人びて*見える`。","2023/9/9 7:15","2024/8/12 12:23"
4193,4779,"The doctor recommended `*moderate* exercise`.","その医師は`*適度な*運動`を勧めた。","2023/9/9 7:15","2024/8/12 12:24"
4194,4780,"I `remained *neutral*` during their argument.","彼らの議論の間、私は`*中立*を保った`。","2023/9/9 7:15","2024/8/12 12:25"
4195,4781,"She is `highly *optimistic* about her future`.","彼女は`自分の将来についてとても*楽観的だ*`。","2023/9/9 7:15","2024/8/12 12:26"
4196,4782,"Since the accident, he has acquired `a *pessimistic* view of life`.","その事故以降、彼は`*悲観的な*人生観`を持つようになった。","2023/9/9 7:15","2024/8/12 12:27"
4197,4783,"That technology has brought about `*radical* changes` in society.","その技術は社会に`*根本的な*変化`をもたらした。","2023/9/9 7:15","2024/8/12 12:29"
4198,4784,"The road `was *rough* and winding`.","その道路は`*でこぼこ*で曲がりくねっていた`。","2023/9/9 7:15","2024/8/13 1:15"
4199,4785,"This cloth `feels *smooth* and soft`.","この布は`*滑らか*で柔らかな手触りだ`。","2023/9/9 7:15","2024/8/13 1:16"
4200,4786,"She is `a *fluent* speaker of Spanish`.","彼女は`スペイン語の*流暢な*話し手だ`。","2023/9/9 7:15","2024/8/13 1:18"
4201,4787,"The restaurant has `a *casual* atmosphere`.","そのレストランには`*形式張らない*雰囲気`がある。","2023/9/9 7:15","2024/8/13 1:21"
4202,4788,"I `gave an *instant* answer` to her question.","私は彼女の質問に`*即*答した`。","2023/9/9 7:15","2024/8/13 1:22"
4203,4789,"`It’s *incredible* that he survived the disaster`.","`彼がその災害で生き延びたということは*信じられない*`。","2023/9/9 7:15","2024/8/13 1:23"
4204,4790,"This briefcase is made of `*genuine* leather`.","この書類かばんは`*本物の*革`でできている。","2023/9/9 7:15","2024/8/13 1:25"
4205,4791,"The living room of the house was decorated with `*precious* art`.","その家の居間は`*貴重な*美術作品`で飾られていた。","2023/9/9 7:15","2024/8/13 1:26"
4206,4792,"He has played `a *prominent* role` in this project.","彼はこの計画で`*重要な*役割`を果たしている。","2023/9/9 7:15","2024/8/16 11:45"
4207,4793,"He helps `*blind* people` to read books.","彼は`*目の不自由な*人`が本を読むのを手伝う。","2023/9/9 7:15","2024/8/16 11:47"
4208,4794,"Sign language is a language which is used by `*deaf* prople`.","手話は`*耳の不自由な*人`が使う言語だ。","2023/9/9 7:15","2024/8/16 11:48"
4209,4795,"The robots are designed to work in `the *harsh* environment`.","そのロボットは`*厳しい*環境`で仕事をするように設計されている。","2023/9/9 7:15","2024/8/16 11:49"
4210,4796,"`Your *prompt* response` would be greatly appreciated.","`*迅速な*ご回答`がいただければ大変ありがたく思います。","2023/9/9 7:15","2024/8/16 11:50"
4211,4797,"`It is *inevitable* that the whole Cabinet will resign`.","`内閣が総辞職することは*避けられない*`。","2023/9/9 7:15","2024/8/16 11:51"
4212,4798,"Plastic waste is threatening `*marine* animals`.","プラスチックごみが`*海洋*生物`を脅かしている。","2023/9/9 7:15","2024/8/16 11:52"
4213,4799,"`*Tropical* storms` hit the coastline.","`*熱帯*暴風雨`が沿岸を襲った。","2023/9/9 7:15","2024/8/16 11:53"
4214,4800,"`The *Atlantic* Ocean` is frozen most of the year.","`*北極*海は`1年の大半は凍っている。","2023/9/9 7:15","2024/8/16 11:54"
4215,4801,"`Snow is *forecast* for tomorrow`.","`明日は雪の*予報が出さ*れている`。","2023/9/9 7:15","2024/8/16 11:57"
4216,4802,"She `has been *speculating* on her future`.","彼女は`自分の将来についてずっと*あれこれと考えて*いる`。","2023/9/9 7:15","2024/8/16 11:59"
4217,4803,"I `*bet* that you’ll like it`.","私は`*きっと*あなたがそれを気に入ると*思う*`。","2023/9/9 7:15","2024/8/16 12:01"
4218,4804,"He `*quoted* a short passage from the article`.","彼は`その記事から短い文章を*引用した*`。","2023/9/9 7:15","2024/8/16 12:03"
4219,4805,"I `*consulted* a lawyer on the matter`.","私は`その問題について弁護士に*意見を求めた*`。","2023/9/9 7:15","2024/8/16 12:05"
4220,4806,"The players `*disputed* the judge’s decision`.","選手たちは`審判の判定に*異議を唱えた*`。","2023/9/9 7:15","2024/8/16 12:06"
4221,4807,"You may `*accurate* too much information`.","あなたは`情報を*集め*すぎている`のかもしれない。","2023/9/9 7:15","2024/8/16 12:07"
4222,4808,"I `*grasped* her by the shoulders`.","私は`彼女の両肩を*ぎゅっとつかんだ*`。","2023/9/9 7:15","2024/8/16 12:10"
4223,4809,"I `*gripped* a strap tightly`.","私は`つり革を固く*しっかり握った*`。","2023/9/9 7:15","2024/8/16 12:11"
4224,4810,"The police officer `*seized* the gun from that guy`.","警官は`その男から銃を*取り上げた*`。","2023/9/9 7:15","2024/8/16 12:12"
4225,4811,"I `couldn’t *comprehend* what he had said`.","私は`彼が言ったことを*理解する*ことができなかった`。","2023/9/9 7:15","2024/8/16 12:14"
4226,4812,"`18 teams *constitute* the league`.","`18チームがそのリーグを*構成している*`。","2023/9/9 7:15","2024/8/16 12:15"
4227,4813,"These data `*reinforce* the theory`.","これらのデータは`その理論を*強固なものにしている*`。","2023/9/9 7:15","2024/8/16 12:16"
4228,4814,"We must not `*resort* to violence`.","私たちは`暴力に*訴えて*`はならない。","2023/9/9 7:15","2024/8/16 12:17"
4229,4815,"I `*donated* the money to charity`.","私は`そのお金を慈善事業に*寄付した*`。","2023/9/9 7:15","2024/8/16 12:18"
4230,4816,"I refused to `*obey* their orders`.","私は`彼らの命令に*従う*`ことを拒んだ。","2023/9/9 7:15","2024/8/16 12:19"
4231,4817,"She `*dedicated* her life to helping the poor`.","彼女は`人生を貧しい人々を助けることに*捧げた*`。","2023/9/9 7:15","2024/8/16 12:22"
4232,4818,"Stories `are *transmitted* from person to person`.","物語は`人から人へ*伝えら*れる`。","2023/9/9 7:15","2024/8/16 12:23"
4233,4819,"They `are *equipped* with social skills`.","彼らは`社交術を*身に付け*ている`。","2023/9/9 7:15","2024/8/16 12:24"
4234,4820,"I `*bound* the pile of newspapers with string`.","私は`新聞の山をひもで*縛った*`。","2023/9/9 7:15","2024/8/16 12:26"
4235,4821,"That chemical `*posed* a threat to human beings`.","その化学物質は`脅威を人間に*与えた*`。","2023/9/9 7:15","2024/8/16 12:27"
4236,4822,"She `*paused* for a moment` to think about the answer.","彼女は答えを考えるために`少し*間を置いた*`。","2023/9/9 7:15","2024/8/16 12:28"
4237,4823,"I `*hesitate* to help strangers`.","私は`見知らぬ人を助けるのをためらう`。","2023/9/9 7:15","2024/8/16 12:30"
4238,4824,"We `*split* the cost`.","私たちは`費用を*折半した*`。","2023/9/9 7:15","2024/8/16 12:30"
4239,4825,"I feel pain when I `*bend* my knees`.","私は`膝を*曲げる*`ときに痛みを感じる。","2023/9/9 7:15","2024/8/16 12:31"
4240,4826,"He `*tapped* the screen`  to start the app.","彼はアプリを立ち上げるために`画面を*タップした*`。","2023/9/9 7:15","2024/8/20 9:29"
4241,4827,"She `*boiled* water` to make tea.","彼女はお茶を入れるために`お湯を*沸かした*`。","2023/9/9 7:15","2024/8/20 9:29"
4242,4828,"They `*bowed* to one another`.","彼らは`お互いに*おじぎした*`。","2023/9/9 7:15","2024/8/20 9:30"
4243,4829,"He tried to `*conceal* his anger`.","彼は`怒りを*隠そ*`うとした。","2023/9/9 7:15","2024/8/20 9:31"
4244,4830,"She `*disposed* of her cold clothes`.","彼女は`古い服を*処分した*`。","2023/9/9 7:15","2024/8/20 9:32"
4245,4831,"They `*cheated* the children into working for free`.","彼らは`子供を*騙して*ただで働かせた`。","2023/9/9 7:15","2024/8/20 9:33"
4246,4832,"The beautiful view can `*distract* drivers’ attention`.","その美しい眺めは`運転手の注意を*そらして*`しまうことがある。","2023/9/9 7:15","2024/8/20 9:35"
4247,4833,"They tried to `*exclude* foreigners from the market`.","彼らは`外国人を市場から*締め出そ*`うとした。","2023/9/9 7:15","2024/8/20 9:36"
4248,4834,"His failure `*astonished* everyone`.","彼の失敗は`皆を*驚かせた*`。","2023/9/9 7:15","2024/8/20 9:40"
4249,4835,"The motor race `*thrilled* the spectators`.","自動車レースは`観客を*わくわくさせた*`。","2023/9/9 7:15","2024/8/20 9:41"
4250,4836,"She `*leaped* for joy`.","彼女は`うれしくて*跳びはねた*`。","2023/9/9 7:15","2024/8/20 9:42"
4251,4837,"They’ve decided to `*postpone* the meeting` until next Wednesday.","彼らは次の水曜日まで`会議を*延期する*`ことに決めた。","2023/9/9 7:15","2024/8/20 9:43"
4252,4838,"The manager `*dismissed* him from his job`.","支配人は`彼を*解雇した*`。","2023/9/9 7:15","2024/8/20 9:44"
4253,4839,"`The foreign minister *resigned*` last Monday.","この前の月曜日、`外務大臣が*辞任した*`。","2023/9/9 7:15","2024/8/20 9:45"
4254,4840,"They `*withdrew* from the Chinese market`.","彼らは`中国市場から*撤退した*`。","2023/9/9 7:15","2024/8/20 9:46"
4255,4841,"`Her smile *faded*` when she heard the news.","その知らせを聞くと、`彼女の微笑みが*消えていった*`。","2023/9/9 7:15","2024/8/20 9:47"
4256,4842,"Many species `have *vanished* from the island`.","多くの生物種が`その島から*消えた*`。","2023/9/9 7:15","2024/8/20 9:48"
4257,4843,"English is widely used on `the European *continent*`.","英語は`ヨーロッパ*大陸*`で広く使われている。","2023/9/9 7:15","2024/8/20 9:49"
4258,4844,"`*Geography* and history` are closely related.","`*地理*と歴史`は密接に関連している。","2023/9/9 7:15","2024/8/20 9:50"
4259,4845,"`The *ecology* of the area` was affected by the highway construction.","`その地域の*生態系*`は幹線道路の建設に影響を受けた。","2023/9/9 7:15","2024/8/20 9:51"
4260,4846,"More than half `the world’s *inhabitants*` live in cities.","`世界の*住民*`の半分以上が都市に住んでいる。","2023/9/9 7:15","2024/8/20 9:52"
4261,4847,"I live in `a *suburb* of Tokyo`.","私は`東京の*郊外*`に住んでいる。","2023/9/9 7:15","2024/8/20 9:52"
4262,4848,"I bought `some pieces of *furniture*` for my new apartment.","私は新しいアパートのために`いくつかの*家具*`を買った。","2023/9/9 7:15","2024/8/20 9:53"
4263,4849,"I put the dessert `in the *refrigerator*`.","私はデザートを`*冷蔵庫*に`入れた。","2023/9/9 7:15","2024/8/20 9:54"
4264,4850,"I `took out the *garbage*` when I went out.","私は家を出るとき、`*ごみ*を出した`。","2023/9/9 7:15","2024/8/20 9:58"
4265,4851,"You can `reduce *trash*` by recycling.","リサイクルによって`*ごみ*を減らす`ことができる。","2023/9/9 7:15","2024/8/20 9:59"
4266,4852,"Volunteers `cleaned up the roadside *litter*`.","ボランティアが`道端の*散らかったごみ*を片付けた`。","2023/9/9 7:15","2024/8/20 10:01"
4267,4853,"She `has no *trace* of a Kansai accent`.","彼女には`関西弁の*名残*がない`。","2023/9/9 7:15","2024/8/20 10:02"
4268,4854,"I sat in `the front *row*` of the theater.","私は劇場の`最前*列*`に座った。","2023/9/9 7:15","2024/8/20 10:03"
4269,4855,"`The *core* of the earth` is believed to be mostly iron.","`地球の*核*`は大部分は鉄であると信じられている。","2023/9/9 7:15","2024/8/20 10:04"
4270,4856,"The artificial satellite `went into *orbit*`.","その人工衛星は`*軌道*に乗った`。","2023/9/9 7:15","2024/8/20 10:05"
4271,4857,"I observe `distant *galaxies*` through a telescope.","私は望遠鏡で`はるか彼方の*銀河*`を観察する。","2023/9/9 7:15","2024/8/20 10:06"
4272,4858,"The novel is based on `a Greek *myth*`.","その小説は`ギリシャ*神話*`を基にしている。","2023/9/9 7:15","2024/8/20 10:07"
4273,4859,"We shouldn’t `put too much *faith* in experts`.","我々は`専門家に過度の*信頼*を置く`べきではない。","2023/9/9 7:15","2024/8/21 17:13"
4274,4860,"The political leader `is lacking in *wisdom* and insight`.","その政治指導者は`*知恵*と洞察力が欠落している`。","2023/9/9 7:15","2024/8/21 17:14"
4275,4861,"Parents have `an *obligation* to educate their children`.","親は`自分の子供を教育する*義務*`を負う。","2023/9/9 7:15","2024/8/21 17:15"
4276,4862,"Members can `enjoy all these *provileges*`.","会員は`すべてのこれらの*特典*を享受する`ことができる。","2023/9/9 7:15","2024/8/21 17:20"
4277,4863,"There is still `*discrimination* against ethnic minorities`.","`少数民族に対する*差別*`がいまだに存在する。","2023/9/9 7:15","2024/8/21 17:23"
4278,4864,"He has `an *ambition* to become a great scientist`.","彼には`偉大な科学者になりたいという*野望*`がある。","2023/9/9 7:15","2024/8/21 17:24"
4279,4865,"She has `the *illusion* that she is sick`.","彼女は`自分が病気であると*錯覚*`している。","2023/9/9 7:15","2024/8/21 17:25"
4280,4866,"Beavers build dams `by *instinct*`.","ビーバーは`*本能*で`ダムを作る。","2023/9/9 7:15","2024/8/21 17:26"
4281,4867,"`It’s a *shame* that you can’t come to the party`.","`あなたがパーティーに来られないのは*残念なこと*だ`。","2023/9/9 7:15","2024/8/21 17:27"
4282,4868,"She has `a very good sense of *humor*`.","彼女には`とてもよい*ユーモア*のセンス`がある。","2023/9/9 7:15","2024/8/21 17:28"
4283,4869,"She `had the *courage* to ask his name`.","彼女は`*勇気*を出して彼の名前を尋ねた`。","2023/9/9 7:15","2024/8/21 17:29"
4284,4870,"Nobody `has any *sympathy* for the poor girl`.","誰も`そのかわいそうな少女に*同情*し`ない。","2023/9/9 7:15","2024/8/21 17:30"
4285,4871,"`A terrible *tragedy* happened` in the middle of the city.","その都市の中心で`恐ろしい*悲惨な出来事*が起こった`。","2023/9/9 7:15","2024/8/21 17:31"
4286,4872,"It was `his *fate* to die young`.","`若くして死ぬことが彼の*運命*`だった。","2023/9/9 7:15","2024/8/21 17:31"
4287,4873,"Your dream can `determine your *destiny*`.","夢が`*運命*を決する`こともある。","2023/9/9 7:15","2024/8/21 17:32"
4288,4874,"We have to provide education on `drug *abuse*`.","我々は`薬物*乱用*`に関する教育を行わなければならない。","2023/9/9 7:15","2024/8/21 17:33"
4289,4875,"The doctor `treated his *wound*`.","医者が`彼の*傷*を手当てした`。","2023/9/9 7:15","2024/8/21 17:34"
4290,4876,"I had `a slight *fever*` this morning.","私は今朝`微*熱*`があった。","2023/9/9 7:15","2024/8/21 17:35"
4291,4877,"He’s got `a bad *infection*`.","彼は`悪性の*伝染病*`にかかった。","2023/9/9 7:15","2024/8/21 17:36"
4292,4878,"`It was *brave* of her to be honest with her both`.","`上司に包み隠さず言うとは彼女は*勇気があ*った`。","2023/9/9 7:15","2024/8/21 17:37"
4293,4879,"She came up with `a *brilliant* idea`.","彼女は`*素晴らしい*考え`を思いついた。","2023/9/9 7:15","2024/8/21 17:38"
4294,4880,"She `is *gentle* with children`.","彼女は`子供に*優しい*`。","2023/9/9 7:15","2024/8/21 17:39"
4295,4881,"The poor girl was actually `of *noble* birth`.","その貧しい少女は実は`*高貴な*生まれ`だった。","2023/9/9 7:15","2024/8/21 17:40"
4296,4882,"`The *royal* wedding` was broadcast on TV.","`*王室の*結婚式`はテレビで放送された。","2023/9/9 7:15","2024/8/21 17:41"
4297,4883,"That hill `is *sacred* to that tribe`.","あの岡は`その部族にとって*神聖だ*`。","2023/9/9 7:15","2024/8/21 17:42"
4298,4884,"This area is regarded as `a *holy* place` by the locals.","この地域は地元の人たちに`*神聖な*場所`と見なされている。","2023/9/9 7:15","2024/8/21 17:43"
4299,4885,"You should wear `a more *decent* suit`.","あなたは`もっと*きちんとした*服装`をすべきだ。","2023/9/9 7:15","2024/8/21 17:44"
4300,4886,"We `are *grateful* to you for your quick response`.","私たちは`あなたの迅速な扁桃に*感謝します*`。","2023/9/9 7:15","2024/8/21 17:47"
4301,4887,"She `is quite *fond* of sports`.","彼女は`スポーツが*大好き*だ`。","2023/9/9 7:15","2024/8/21 17:48"
4302,4888,"He behaved `in a *selfish* way`.","彼は`*自分勝手な*`振る舞いをした。","2023/9/9 7:15","2024/8/21 17:48"
4303,4889,"She asked me `an *awkward* question`.","彼女は私に`*厄介な*質問`をした。","2023/9/9 7:15","2024/8/21 17:49"
4304,4890,"`His handwriting is so *awful*` that I can’t read it.","`彼の手書き文字はとても*ひどい*`ので私は読めない。","2023/9/9 7:15","2024/8/21 17:50"
4305,4891,"`Our *ultimate* goal` is to achieve world peace.","`私たちの*最終的な*目標`は世界平和を成し遂げることだ。","2023/9/9 7:15","2024/8/21 17:51"
4306,4892,"She is `a *dynamic* personality` in the field of economics.","彼女は経済学の分野で`*精力的な*人物だ`。","2023/9/9 7:15","2024/8/21 17:52"
4307,4893,"He has `a *tremendous* influence` on young people.","彼は若者に`*とてつもない*影響力`がある。","2023/9/9 7:15","2024/8/21 17:53"
4308,4894,"There is `an *abundant* supply` of labor in the country.","その国では労働力の`*豊富な*供給`がある。","2023/9/9 7:15","2024/8/21 17:54"
4309,4895,"`It is *dull* to sit still` for hours.","何時間も`じっと座っているのは*退屈だ*`。","2023/9/9 7:15","2024/8/22 7:23"
4310,4896,"He `is in *urgent* need of surgery`.","彼は`手術が*緊急に*必要だ`。","2023/9/9 7:15","2024/8/22 7:24"
4311,4897,"I have `a *spare* ticket` for the concert.","私はそのコンサートの`*余分の*チケットを1枚`持っている。","2023/9/9 7:15","2024/8/22 7:25"
4312,4898,"These shoes are  `too *tight*`.","この靴は`*きつ*すぎ`る。","2023/9/9 7:15","2024/8/22 7:26"
4313,4899,"The pool `is too *shallow* for diving`.","そのプールは`飛び込むには*浅*すぎる`。","2023/9/9 7:15","2024/8/22 7:27"
4314,4900,"I have only `*superficial* knowledge` of physics.","私は物理学については`*浅い*知識`しかない。","2023/9/9 7:15","2024/8/22 7:28"
4315,4901,"She `*whispered* something to her husband`.","彼女は`何かを彼女の夫に*ささやいた*`。","2023/9/9 7:15","2024/8/22 8:47"
4316,4902,"The man `*yelled* at a boy` across the street.","その男性は通りの反対側にいる`少年に向かって*叫んだ*`。","2023/9/9 7:15","2024/8/22 8:48"
4317,4903,"People `*screamed* in terror` when they heard the gunshots.","人々は銃声を聞いて`恐怖で*叫び声を上げた*`。","2023/9/9 7:15","2024/8/22 8:49"
4318,4904,"She `*nodded* in agreement` with his words.","彼女は彼の言葉に`同意して*うなずいた*`。","2023/9/9 7:15","2024/8/22 8:50"
4319,4905,"Don’t `*swallow* too much food` at one time.","一度に`あまり多くの食べ物を*飲み込ん*`ではいけない。","2023/9/9 7:15","2024/8/22 8:51"
4320,4906,"She stretched and `*yawned* widely`.","彼女は伸びをして`大きく*あくびをした*`。","2023/9/9 7:15","2024/8/22 8:52"
4321,4907,"Doctor, `I’m *coughing*` and running a fever.","先生、`*咳が出て*いて`熱もあります。","2023/9/9 7:15","2024/8/22 8:53"
4322,4908,"She `*hugged* her son tightly`.","彼女は`息子をきつく*抱き締めた*`。","2023/9/9 7:15","2024/8/22 8:54"
4323,4909,"They `*sweep* the floor` after class.","彼らは授業後に`床を*掃除する*`。","2023/9/9 7:15","2024/8/22 8:58"
4324,4910,"The cleaning robot `*polishes* the floor`.","その掃除ロボットが`床を*磨く*`。","2023/9/9 7:15","2024/8/22 8:59"
4325,4911,"The students `*decorated* the classroom with their paintings`.","生徒たちは`教室を自分たちの絵で*飾った*`。","2023/9/9 7:15","2024/8/22 9:00"
4326,4912,"`A lot of blood was *shed*` in the battle.","その戦いで`多くの血が*流さ*れた`。","2023/9/9 7:15","2024/8/22 9:01"
4327,4913,"I `*dragged* the desk into my room`.","私は`机を部屋に*引きずっ*て入れた`。","2023/9/9 7:15","2024/8/22 9:02"
4328,4914,"The stormy weather `*spoiled* our holiday`.","荒れた天気が`私たちの休暇を*台無しにした*`。","2023/9/9 7:15","2024/8/22 9:04"
4329,4915,"`The balloon `burst`` with a loud bang.","大きな音を立てて`風船が*破裂した*`。","2023/9/9 7:15","2024/8/22 9:07"
4330,4916,"The volcano `*exploded* violently`.","火山が`激しく*爆発した*`。","2023/9/9 7:15","2024/8/22 9:54"
4331,4917,"The employer `*compromised* with the workers` to avoid a strike.","経営者はストライキを回避するため`従業員と*妥協した*`。","2023/9/9 7:15","2024/8/22 9:56"
4332,4918,"The media tends to `*exaggerate* negative events`.","メディアは`好ましくない出来事を*誇張する*`傾向がある。","2023/9/9 7:15","2024/8/22 9:57"
4333,4919,"The company was criticized `*exploiting* its workers`.","その会社は`従業員を*搾取していること*`で非難された。","2023/9/9 7:15","2024/8/22 9:58"
4334,4920,"More and more companies `are *utilizing* AI`.","ますます多くの会社が`AIを*利用して*いる`。","2023/9/9 7:15","2024/8/22 10:00"
4335,4921,"`His way of talking *irritated* me`.","`彼の話し方に私は*いらいらした*`。","2023/9/9 7:15","2024/8/22 10:00"
4336,4922,"He `publicly *insulted* me`.","彼は`公然と私を*侮辱した*`。","2023/9/9 7:15","2024/8/22 10:01"
4337,4923,"They `*deceived* people into investing`.","彼らは`人々を*騙して*投資させた`。","2023/9/9 7:15","2024/8/22 10:03"
4338,4924,"He was arrested for `*violating* the election laws`.","彼は`選挙法に*違反したこと*`で逮捕された。","2023/9/9 7:15","2024/8/22 10:06"
4339,4925,"`This bad smell *disgusts* me`.","`このひどい匂いに私は*嫌悪感を抱く*`。","2023/9/9 7:15","2024/8/23 9:40"
4340,4926,"I can’t `*endure* the knee pain`.","私は`膝の痛みを*我慢する*`ことができない。","2023/9/9 7:15","2024/8/23 9:42"
4341,4927,"I `can’t *tolerate* working under dangerous conditions`.","私は`危険な状況で働くことに*耐えら*れない`。","2023/9/9 7:15","2024/8/23 9:42"
4342,4928,"We have to `*suspend* the project for a while`.","私たちは`しばらくの間プロジェクトを*中止し*`なければならない。","2023/9/9 7:15","2024/8/23 9:44"
4343,4929,"The company `has *ceased* the production` of compact cars.","その会社は小型車の`生産を*やめて*しまった`。","2023/9/9 7:15","2024/8/23 9:45"
4344,4930,"`She *appointed* him as manager`.","`彼女は彼を支配人に*任命した*`。","2023/9/9 7:15","2024/8/23 9:46"
4345,4931,"I have decided to `*undertake* the business`.","私は`その仕事を*引き受ける*`ことに決めた。","2023/9/9 7:15","2024/8/23 9:46"
4346,4932,"She `*overtook* the leader` just before the finish line.","彼女はゴール直前で`先頭走者に*追いついた*`。","2023/9/9 7:15","2024/8/23 9:49"
4347,4933,"Let’s `*proceed* to the new topic`.","`次の話題に*移ろ*`う。","2023/9/9 7:15","2024/8/23 9:52"
4348,4934,"I `*commute* to the office` by subway.","私は地下鉄で`会社へ*通勤する*`。","2023/9/9 7:15","2024/8/23 9:53"
4349,4935,"`Multinational corporations are flourishing`.","`多国籍企業が*繁盛して*いる`。","2023/9/9 7:15","2024/8/23 9:54"
4350,4936,"`New businesses *thrive*` in that country.","その国では`新しい事業が*栄えている*`。","2023/9/9 7:15","2024/8/23 9:55"
4351,4937,"She `*ventured* into agriculture`.","彼女は`*思いきって*農業に*乗り出した*`。","2023/9/9 7:15","2024/8/23 9:57"
4352,4938,"I `am *accustomed* to living in a big city`.","私は`大都市で暮らすことに*慣れ*ている`。","2023/9/9 7:15","2024/8/23 9:58"
4353,4939,"I `have *reared* three children`.","私は`3人の子供を*育てた*`。","2023/9/9 7:15","2024/8/23 9:59"
4354,4940,"He `*inherited* a large fortune from his father`.","彼は`父親から莫大な財産を*相続した*`。","2023/9/9 7:15","2024/8/23 10:00"
4355,4941,"`Cherry trees *blossom*` in spring.","春に`桜の木は*開花する*`。","2023/9/9 7:15","2024/8/23 10:02"
4356,4942,"She `is highly *esteemed*` in the world of education.","彼女は教育の世界で`大いに*尊敬さ*れている`。","2023/9/9 7:15","2024/8/23 10:03"
4357,4943,"We `bought the parts from a *merchant*`.","私たちは`部品をある*商人*から買った`。","2023/9/9 7:15","2024/8/23 10:04"
4358,4944,"`How much is the *fare*`?","`*運賃*はいくらですか`。","2023/9/9 7:15","2024/8/23 10:04"
4359,4945,"He `went on a *voyage*` to Hawaii.","彼はハワイに向けて`*航海*に出た`。","2023/9/9 7:15","2024/8/23 10:05"
4360,4946,"The ship `sank with her *crew*`.","船は`その*乗組員*とともに沈没した`。","2023/9/9 7:15","2024/8/23 10:06"
4361,4947,"I only have `a piece of *luggage*`.","私は`*手荷物*は1つ`しか持っていません。","2023/9/9 7:15","2024/8/23 10:07"
4362,4948,"A thick cloud appeared `on the *horizon*`.","厚い雲が`*水平線*上に`現れた。","2023/9/9 7:15","2024/8/23 10:08"
4363,4949,"There was `a flash of *lightning*` before the thunder.","雷鳴の前に`*稲妻*の光`があった。","2023/9/9 7:15","2024/8/23 10:09"
4364,4950,"The animal is most active `at *dawn*`.","その動物は`*明け方*に`最も活動的だ。","2023/9/9 7:15","2024/8/23 10:14"
4365,4951,"`The new telescope completely changed *astronomy*`.","`その新しい望遠鏡が*天文学*をすっかり変えてしまった`。","2023/9/9 7:15","2024/8/23 10:15"
4366,4952,"`The *statistics* show` that GDP has grown since last year.","`*統計*が示すところでは`GDPが昨年から伸びている。","2023/9/9 7:15","2024/8/23 10:17"
4367,4953,"Technology has added `a new *dimension*` to agriculture.","科学技術は農業に`新たな*一面*`を加えた。","2023/9/9 7:15","2024/8/23 10:18"
4368,4954,"She has `a great *faculty* for making everybody happy`.","彼女には`すべての人を幸せにする素晴らしい*才能*`がある。","2023/9/9 7:15","2024/8/23 10:19"
4369,4955,"They `carried out the *scheme*`.","彼らは`その*計画*を実行した`。","2023/9/9 7:15","2024/8/23 10:22"
4370,4956,"The islands are important `from the *viewpoint* of our country’s security`.","その島々は`我が国の安全保障の*見地*から`重要である。","2023/9/9 7:15","2024/8/23 10:23"
4371,4957,"`The *output* of products` has increased by 5 percent.","`製品の*生産量*`が5パーセント増加した。","2023/9/9 7:15","2024/8/23 10:24"
4372,4958,"The company has `a positive *outlook* for the future`.","その会社は`その将来の前向きな*見通し*`を持っている。","2023/9/9 7:15","2024/8/24 9:36"
4373,4959,"She is working part-time to `pay *tuition*`.","彼女は`*授業料*を支払う`ためにアルバイトをしている。","2023/9/9 7:15","2024/8/24 9:37"
4374,4960,"“Time is money,” `as the *proverb* goes`.","`*ことわざ*にあるとおり`、「時は金なり」だ。","2023/9/9 7:15","2024/8/24 9:38"
4375,4961,"We `read a *biography* of Albert Einstein` at school.","私たちは学校で`アルバート・アインシュタインの*伝記*を読んだ`。","2023/9/9 7:15","2024/8/24 9:40"
4376,4962,"He gave `a *narrative* of his last journey`.","彼は`自分の最近の旅の*話*`をした。","2023/9/9 7:15","2024/8/24 9:40"
4377,4963,"Please read `*chapter* six` before our next class.","次の授業までに`第6*章*`を読んできてください。","2023/9/9 7:15","2024/8/24 9:41"
4378,4964,"She `tied up a package with *string*`.","彼女は`包みを*ひも*で縛った`。","2023/9/9 7:15","2024/8/24 9:42"
4379,4965,"He put `a name *tag*` on his jacket.","彼は上着に`名*札*`を付けた。","2023/9/9 7:15","2024/8/24 9:43"
4380,4966,"`The *peasants* need a good harvest` for survival.","`*小作農*たちは`生きていくために`十分な作物の収穫が必要だ`。","2023/9/9 7:15","2024/8/24 9:44"
4381,4967,"`A lot of *livestock* are raised` on the farm.","その農場では`多くの*家畜*が飼われている`。","2023/9/9 7:15","2024/8/24 10:02"
4382,4968,"The people in the region are suffering from `severe *famine*`.","その地域の人々は`深刻な*飢饉*`に苦しんでいる。","2023/9/9 7:15","2024/8/24 10:03"
4383,4969,"Naps are effective in `*preventing* fatigue`.","昼寝は`*疲労*の防止`に効果がある。","2023/9/9 7:15","2024/8/24 10:05"
4384,4970,"He did not have `a *motive* to commit the crime`.","彼には`その罪を犯す*動機*`はなかった。","2023/9/9 7:15","2024/8/24 10:05"
4385,4971,"He `was soaked in *sweat*`.","彼は`*汗*でびっしょりになっていた`。","2023/9/9 7:15","2024/8/24 10:06"
4386,4972,"Children `learn a lot from their *peers*`.","子供たちは`*仲間*からたくさんのことを学ぶ`。","2023/9/9 7:15","2024/8/24 10:07"
4387,4973,"I recognized her `at a *glance*`.","私は`*ちらりと見*ただけで`彼女だと分かった。","2023/9/9 7:15","2024/8/24 10:09"
4388,4974,"I `caught a *glimpse* of the ocean` from the window.","窓から`海が*ちらりと見え*た`。","2023/9/9 7:15","2024/8/24 10:10"
4389,4975,"He `spends too much money on *luxuries*`.","彼は`*贅沢品*にお金を使いすぎる`。","2023/9/9 7:15","2024/8/24 10:11"
4390,4976,"The country `is enjoying great *prosperity*`.","その国は`大いなる*繁栄*を享受している`。","2023/9/9 7:15","2024/8/24 10:12"
4391,4977,"Everyone in Hollywood `is seeking *fame*`.","ハリウッドにいる人は皆`*名声*を追い求めている`。","2023/9/9 7:15","2024/8/24 10:13"
4392,4978,"She `is quite *keen* on studying English`.","彼女は`英語の勉強にとても*熱中して*いる`。","2023/9/9 7:15","2024/8/24 10:14"
4393,4979,"I `am *inclined* to believe his story`.","私は`彼の話を信じ*たい*`。","2023/9/9 7:15","2024/8/24 10:16"
4394,4980,"She is `a highly *competent* interpreter`.","彼女は`非常に*有能な*通訳`だ。","2023/9/9 7:15","2024/8/24 10:17"
4395,4981,"The new products `are far *superior* to the previous ones`.","新製品は`以前の製品よりもずっと*優れている*`。","2023/9/9 7:15","2024/8/24 10:18"
4396,4982,"I `feel *inferior* to others` in my class.","私はクラスの`他の人より*劣っている*と感じる`。","2023/9/9 7:15","2024/8/24 10:20"
4397,4983,"They `were *cruel* to animals`.","彼らは`動物に*残酷だ*った`。","2023/9/9 7:15","2024/8/24 10:21"
4398,4984,"Some people `are *indifferent* to politics`.","一部の人々は`政治に*無関心だ*`。","2023/9/9 7:15","2024/8/24 10:22"
4399,4985,"I feel `*ashamed* of what I said to her`.","私は`彼女に言ったことを*恥ずかしく*`思う。","2023/9/9 7:15","2024/8/24 10:24"
4400,4986,"She has decided to take `*bold* action`.","彼女は`*大胆な*行動`をとることに決めた。","2023/9/9 7:15","2024/8/24 10:24"
4401,4987,"`His idea is quite *ridiculous*`.","`彼の考えはまったく*馬鹿げて*いる`。","2023/9/9 7:15","2024/8/24 10:25"
4402,4988,"She is wearing `*ugly* clothes` for a Halloween party.","彼女はハロウィーンパーティーのために`*不格好な*服装`をしている。","2023/9/9 7:15","2024/8/24 10:27"
4403,4989,"I asked him if he was sick because he `looked *pale*`.","彼は`顔が*青ざめて*見えた`ので、私は具合が悪いのかと彼に尋ねた。","2023/9/9 7:15","2024/8/24 10:28"
4404,4990,"`Female and *male* brains` are said to be different.","`女性と*男性の*脳`は違うと言われている。","2023/9/9 7:15","2024/8/24 10:29"
4405,4991,"These jobs require `*manual* skills`.","これらの仕事は`*手先の*技術`を必要とする。","2023/9/9 7:15","2024/8/24 10:30"
4406,4992,"Good friendships are based on `*mutual* respect`.","よい友人関係は`*相互に*敬意を示すこと`に基づいている。","2023/9/9 7:15","2024/8/24 10:31"
4407,4993,"`Those political topics are extremely *delicate*`.","`それらの政治的話題は極めて*取り扱いが難しい*`。","2023/9/9 7:15","2024/8/24 10:32"
4408,4994,"He made `a *deliberate* error`.","彼は`*故意の*間違い`をした。","2023/9/9 7:15","2024/8/26 19:42"
4409,4995,"There has been `a *gradual* decline` in population.","人口が`*徐々に*減少`している。","2023/9/9 7:15","2024/8/26 19:43"
4410,4996,"She is wearing `a *loose* shirt`.","彼女は`*ゆったりとした*シャツ`を着ている。","2023/9/9 7:15","2024/8/26 19:44"
4411,4997,"That story reminded me of `my *bitter* experiences`.","その話で私は`*つらい*経験`を思いだした。","2023/9/9 7:15","2024/8/26 19:45"
4412,4998,"`The climate of Japan is *milder*` than that of England.","`日本の気候は`イングランドの気候より`*温暖だ*`。","2023/9/9 7:15","2024/8/26 19:46"
4413,4999,"There is `a *dense* forest` near the village.","村の近くに`*密生した*森`がある。","2023/9/9 7:15","2024/8/26 19:47"
4414,5000,"There were a few moments of `*tense* silence`.","しばらくの`*張り詰めた*沈黙`があった。","2023/9/9 7:15","2024/8/26 19:48"
4415,5001,"He `*conceived* the bright idea` while walking.","彼は散歩中に`その素晴らしい考えを*思いついた*`。","2023/9/9 7:15","2024/8/26 19:49"
4416,5002,"They `*confessed* their secret to her`.","彼らは`自分たちの秘密を彼女に*告白した*`。","2023/9/9 7:15","2024/8/26 19:50"
4417,5003,"Most students `*conform* to school rules`.","たいていの生徒は`校則に*従う*`。","2023/9/9 7:15","2024/8/26 19:51"
4418,5004,"His rude question `*offended* the speaker`.","彼の失礼な質問に`講演者は*怒った*`。","2023/9/9 7:15","2024/8/26 19:52"
4419,5005,"I `*envy* Kate for her beauty`.","私は`ケイトの美貌を*うらやましく思う*`。","2023/9/9 7:15","2024/8/26 19:53"
4420,5006,"He `is always *boasting* about his academic background`.","彼は`いつも学歴を*自慢して*いる`。","2023/9/9 7:15","2024/8/26 19:54"
4421,5007,"Nobody `*dared* to ask him questions`.","`彼に*あえて*質問*する*`人は誰もいなかった。","2023/9/9 7:15","2024/8/26 19:56"
4422,5008,"Our teacher `*confined* the essay to those topics`.","先生は`小論文を、それらのテーマに*限定した*`。","2023/9/9 7:15","2024/8/26 19:57"
4423,5009,"`His actions *contradict* his words`.","`彼の行動は彼の言葉と*矛盾する*`。","2023/9/9 7:15","2024/8/26 19:58"
4424,5010,"The government `*compensated* them for the loss`.","政府は`彼らに損害に対して*補償した*`。","2023/9/9 7:15","2024/8/26 19:59"
4425,5011,"`My mother’s birthday *coincides* with Mother’s Day` this year.","今年は`母の誕生日が母の日と*重なる*`。","2023/9/9 7:15","2024/8/26 20:00"
4426,5012,"The lawyer `*assured* me that we would win the case`.","弁護士は`私にその訴訟に勝つと言って*安心させた*`。","2023/9/9 7:15","2024/8/26 20:02"
4427,5013,"At last he was able to `*attain* his goal`.","ついに彼は`目標を*達成する*`ことができた。","2023/9/9 7:15","2024/8/26 20:02"
4428,5014,"She `*inquired* what to do next`.","彼女は`次に何をすべきかを*尋ねた*`。","2023/9/9 7:15","2024/8/26 20:03"
4429,5015,"Napoleon `*invaded* Russia` in 1812.","1812年にナポレオンは`ロシアに*侵攻した*`。","2023/9/9 7:15","2024/8/26 20:04"
4430,5016,"The British `*conquered* India`.","イギリス人は`インドを*征服した*`。","2023/9/9 7:15","2024/8/26 20:05"
4431,5017,"They `*persisted* in criticizing the government`.","彼らは`政府を*しつこく*非難し*続けた*`。","2023/9/9 7:15","2024/8/26 20:07"
4432,5018,"The party `*lasted* until the evening`.","そのパーティーは`夕方まで*続いた*`。","2023/9/9 7:15","2024/8/26 20:07"
4433,5019,"They `*surrendered* their weapons to the police`.","彼らは`武器を警察に*引き渡した*`。","2023/9/9 7:15","2024/8/26 20:08"
4434,5020,"My close friend `*betrayed* me`.","親友は`私を*裏切った*`。","2023/9/9 7:15","2024/8/26 20:09"
4435,5021,"He carefully `*strained* the rope`.","彼は慎重に`そのロープを*ぴんと張った*`。","2023/9/9 7:15","2024/8/26 20:10"
4436,5022,"I `*refrained* from criticizing him in public`.","私は`彼を公然と批判するのを*控えた*`。","2023/9/9 7:15","2024/8/26 20:12"
4437,5023,"We `*scattered* his ashes in the ocean`.","私たちは`彼の遺灰を海に*撒いた*`。","2023/9/9 7:15","2024/8/26 20:13"
4438,5024,"I `*spilled* coffee on my keyboard`.","私は`コーヒーをキーボードに*こぼしてしまった*`。","2023/9/9 7:15","2024/8/26 20:14"
4439,5025,"Peace `*prevails* in the country`.","平和が`その国に*広がっている*`。","2023/9/9 7:15","2024/8/27 14:25"
4440,5026,"I`’m simply *starving*`.","私は`ただただ*腹ぺこだ*`。","2023/9/9 7:15","2024/8/27 14:27"
4441,5027,"Many bacteria help to `*digest* food`.","多くの最近は`食べ物を*消化する*`のを助ける。","2023/9/9 7:15","2024/8/27 14:28"
4442,5028,"She `*disguised* herself as a witch`.","彼女は`魔法使いに*変装した*`。","2023/9/9 7:15","2024/8/27 14:30"
4443,5029,"They `were *stripped* of their citizenship`.","彼らは`市民権を*剥奪さ*れた`。","2023/9/9 7:15","2024/8/27 14:32"
4444,5030,"Try not to `*scratch* the bites`.","`刺されたところを*掻か*`ないようにしなさい。","2023/9/9 7:15","2024/8/27 14:33"
4445,5031,"Don’t `*bathe* your dog` too often.","あまり頻繁に`犬を*水浴びさせて*`はいけない。","2023/9/9 7:15","2024/8/27 14:34"
4446,5032,"She `*soaks* clothes in water` before washing them.","彼女は洗濯する前に`服を水に*浸す*`。","2023/9/9 7:15","2024/8/27 14:35"
4447,5033,"I `*stirred* my coffee with a spoon`.","私は`スプーンでコーヒーを*かき回した*`。","2023/9/9 7:15","2024/8/27 14:36"
4448,5034,"`The road *winds* along the mountain`.","`その道路は山に沿って*曲がりくねっている*`。","2023/9/9 7:15","2024/8/27 14:37"
4449,5035,"`This cream will *heal* the sore` on your arm.","`このクリームは`あなたの腕の`痛みを*治す*でしょう`。","2023/9/9 7:15","2024/8/27 14:38"
4450,5036,"She `is *knitting* a scarf out of wool`.","彼女は`毛糸でマフラーを*編んで*いる`。","2023/9/9 7:15","2024/8/27 14:39"
4451,5037,"I `*sewed* a new button on the shirt`.","私は`シャツに新しいボタンを*縫い付けた*`。","2023/9/9 7:15","2024/8/27 14:40"
4452,5038,"She `*dyes* her hair` every month.","彼女は毎月`髪を*染めている*`。","2023/9/9 7:15","2024/8/27 14:41"
4453,5039,"He `*begged* me to leave him alone`.","彼は`私に放っておいてくれと*懇願した*`。","2023/9/9 7:15","2024/8/27 14:42"
4454,5040,"We `*prayed* for world peace`.","私たちは`世界平和を*祈った*`。","2023/9/9 7:15","2024/8/27 14:43"
4455,5041,"I `*congratulate* you on passing the entrance examination`.","`入試に合格されたことを*お祝い申し上げます*`。","2023/9/9 7:15","2024/8/27 15:06"
4456,5042,"We managed to `reach the *summit*`.","私たちはどうにか`*頂上*に到達した`。","2023/9/9 7:15","2024/8/27 15:07"
4457,5043,"He will `run for *mayor* of Yokohama`.","彼は`横浜*市長*に立候補する`だろう。","2023/9/9 7:15","2024/8/27 15:08"
4458,5044,"I’ll `have my *secretary* e-mail you`.","私は`*秘書*にあなたにEメールを送らせ`ます。","2023/9/9 7:15","2024/8/27 15:08"
4459,5045,"`The city *council*` approved the building plan.","`市*議会*`は建築計画を承認した。","2023/9/9 7:15","2024/8/27 15:09"
4460,5046,"`The *panel* of judges` consists of several scientists.","`審査*委員会*`は数人の科学者から成る。","2023/9/9 7:15","2024/8/27 15:10"
4461,5047,"I have never `served on a *jury*`.","私は`*陪審*を務めた`ことが一度もない。","2023/9/9 7:15","2024/8/27 15:11"
4462,5048,"They often `have *quarrels* over trivial matters`.","彼らはしょっちゅう`たわいもないことで*口論する*`。","2023/9/9 7:15","2024/8/27 15:12"
4463,5049,"She has decided to `get a *divorce*`.","彼女は`*離婚*する`ことを決めた。","2023/9/9 7:15","2024/8/27 15:12"
4464,5050,"`*Thieves* broke into the office`.","`*泥棒*が事務所に押し入った`。","2023/9/9 7:15","2024/8/28 14:28"
4465,5051,"I `took *refuge* from the sudden storm` in the store.","私はその店に`突然の嵐から*避難*した`。","2023/9/9 7:15","2024/8/28 14:30"
4466,5052,"The soldiers `showed no *mercy* to the enemy`.","その兵士たちが`敵に*情け*をかけることはなかった`。","2023/9/9 7:15","2024/8/28 14:31"
4467,5053,"She always `drives with *caution*`.","彼女はいつも`*慎重*に運転する`。","2023/9/9 7:15","2024/8/28 14:32"
4468,5054,"`It’s a *pity* that you can’t come`.","`あなたが来られないのは*残念*だ`。","2023/9/9 7:15","2024/8/28 14:33"
4469,5055,"I `felt deep *sorrow*` at his death.","私は彼の死に対して`深い*悲しみ*を感じた`。","2023/9/9 7:15","2024/8/28 14:37"
4470,5056,"I `felt real *grief*` at her departure.","私は私は彼女が去ってしまうことに`心から*深い悲しみ*を感じた`。","2023/9/9 7:15","2024/8/28 14:38"
4471,5057,"He left his hometown `in *despair*`.","彼は`*絶望*して`故郷を去った。","2023/9/9 7:15","2024/8/28 14:39"
4472,5058,"We are working to `prevent *suicides*`.","我々は`*自殺*を防止`するために尽力しています。","2023/9/9 7:15","2024/8/28 14:40"
4473,5059,"He was taken to the hospital `in an *ambulance*`.","彼は`*救急車*で`病院に運ばれた。","2023/9/9 7:15","2024/8/28 14:42"
4474,5060,"I `attended his *funeral*`.","私は`彼の*葬式*に参列した`。","2023/9/9 7:15","2024/8/28 14:42"
4475,5061,"I `visited his *grave*`.","私は`彼の*墓*参りをした`。","2023/9/9 7:15","2024/8/28 14:43"
4476,5062,"Courage is one of `the supreme *virtues*`.","勇気は`最高の*美徳*`の一つだ。","2023/9/9 7:15","2024/8/28 14:44"
4477,5063,"`According to *legend*`, he lived for 969 years.","`*伝説*によれば`、彼は969歳まで生きた。","2023/9/9 7:15","2024/8/28 17:31"
4478,5064,"`The country’s *prestige* has declined` in recent years.","近年`その国の*威信*は衰えた`。","2023/9/9 7:15","2024/8/28 17:32"
4479,5065,"He dreamed of `future *glory* as an actor`.","彼は`俳優としての将来の*栄光*`を夢見ていた。","2023/9/9 7:15","2024/8/28 17:33"
4480,5066,"They treat children `with *dignity*`.","彼らは`*尊厳*を持って`子供たちに接している。","2023/9/9 7:15","2024/8/28 17:34"
4481,5067,"`The *worship* of the old gods` is still seen in rural areas.","農村地域では今もなお`古い神々への*崇拝*`が見られる。","2023/9/9 7:15","2024/8/28 17:35"
4482,5068,"Our products `meet the *criteria*`.","私たちの製品は`その*基準*に適合している`。","2023/9/9 7:15","2024/8/28 17:36"
4483,5069,"I `took his silence as *consent*`.","私は`彼の沈黙を*同意*とみなした`。","2023/9/9 7:15","2024/8/28 19:11"
4484,5070,"The team gained `a great *triumph*`.","そのチームは`大*勝利*`を手に入れた。","2023/9/9 7:15","2024/8/28 19:12"
4485,5071,"`Good blood *circulation*` helps the brain stay healthy.","`良好な*血行*`は脳を健康に保つのを助ける。","2023/9/9 7:15","2024/8/28 19:14"
4486,5072,"The scholarship `is based on *merit*`.","奨学金の支給は`*成績*に基づいている`。","2023/9/9 7:15","2024/8/28 19:15"
4487,5073,"I `lose my *appetite*` in summer.","私は夏に`*食欲*を失う`。","2023/9/9 7:15","2024/8/28 19:15"
4488,5074,"`Proper *nutrition*` is important for health.","`適切な*栄養摂取*`は健康のために重要である。","2023/9/9 7:15","2024/8/28 19:16"
4489,5075,"`Tooth *decay*` often results from eating sweets.","`*虫歯*`は甘いものを食べることが原因で起こることが多い。","2023/9/9 7:15","2024/8/28 19:18"
4490,5076,"`A group of *atoms*` constitutes molecule.","`*原子*の集合体`が分子を構成する。","2023/9/9 7:15","2024/8/29 19:30"
4491,5077,"`The housing *boom*` of the 1970s gave rise to moving services.","1970年代の`住宅建設*ブーム*`は引越し業を生み出した。","2023/9/9 7:15","2024/8/29 19:31"
4492,5078,"I have `a *valid* reason` for being late.","私には遅刻の`*正当な*理由`がある。","2023/9/9 7:15","2024/8/29 19:32"
4493,5079,"Our train `is *due* to arrive` at Kyoto Station soon.","我々の電車はじきに京都駅に`着く*予定だ*`。","2023/9/9 7:15","2024/8/29 19:34"
4494,5080,"There was no `*vacant* seat` on the train.","列車に`*空いている*席`はなかった。","2023/9/9 7:15","2024/8/29 19:35"
4495,5081,"I walked on the beach `in my *bare* feet`.","私は砂浜を`*素*足で`歩いた。","2023/9/9 7:15","2024/8/29 19:36"
4496,5082,"The boys `were *naked* to the waist`.","少年たちは`上半身*裸だ*った`。","2023/9/9 7:15","2024/8/29 19:37"
4497,5083,"The teacher gave `an *obscure* explanation` to the students.","その先生は生徒に`*わかりにくい*説明`をした。","2023/9/9 7:15","2024/8/29 19:42"
4498,5084,"This kind of problem `is *peculiar* to Japan`.","この種の問題は`日本に*特有の*ものだ`。","2023/9/9 7:15","2024/8/29 19:43"
4499,5085,"`His room was much *tidier*` than I thought.","`彼の部屋は`私が思っていたよりも`ずっと*整然として*いた`。","2023/9/9 7:15","2024/8/29 19:45"
4500,5086,"The golfer was aware of `*minute* changes` in the wind.","そのゴルファーは風の`*わずかな*変化`に気づいた。","2023/9/9 7:15","2024/8/29 19:46"
4501,5087,"He has only `a *vague* idea` of what he wants to do in the future.","彼は将来したいことについての`*漠然とした*考え`しかない。","2023/9/9 7:15","2024/8/29 19:47"
4502,5088,"As we climbed higher, `the path became *steeper*`.","私たちが高く登るにつれ、`道は*急に*なっていった`。","2023/9/9 7:15","2024/8/29 19:48"
4503,5089,"The climate here `is hot and *humid*`.","ここの気候は`高温*多湿だ*`。","2023/9/9 7:15","2024/8/29 19:49"
4504,5090,"He made `*earnest* efforts` to meet our expectations.","彼は我々の期待に応えようと`*真剣な*努力`をした。","2023/9/9 7:15","2024/8/29 19:50"
4505,5091,"Such beliefs `seem *absurd* to me`.","そのような信条は`私には*ばかげた*ものに思える`。","2023/9/9 7:15","2024/8/29 19:51"
4506,5092,"They took `a *hostile* attitude` toward newcomers.","彼らは新参者に`*敵意のある*態度`をとった。","2023/9/9 7:15","2024/8/29 19:53"
4507,5093,"How many hours of `*idle* time` do you have?","`*何もしていない*時間`は何時間ありますか。","2023/9/9 7:15","2024/8/29 19:54"
4508,5094,"Honestly, I`’m so *jealous* of her success`.","正直に言うと、私は`彼女の成功にとても*嫉妬して*いる`。","2023/9/9 7:15","2024/8/29 19:55"
4509,5095,"Dogs `are` usually `*loyal* to their masters`.","犬は大抵`飼い主に*忠実だ*`。","2023/9/9 7:15","2024/8/29 19:56"
4510,5096,"The President has `*supreme* power`.","大統領は`*最高*権力`を有する。","2023/9/9 7:15","2024/8/29 19:57"
4511,5097,"I believe humans have `*infinite* creativity`.","私は人間には`*無限の*創造力`があると信じている。","2023/9/9 7:15","2024/8/29 19:58"
4512,5098,"Stock prices `remain *static*`.","株価は`*変化がない*ままだ`。","2023/9/9 7:15","2024/8/29 19:58"
4513,5099,"The security at the airport `was very *thorough*`.","空港の安全警備は`非常に*徹底して*いた`。","2023/9/9 7:15","2024/8/29 19:59"
4514,5100,"You have `*immense* power of concentration`.","あなたには`*計り知れない*集中力`がある。","2023/9/9 7:15","2024/8/29 20:00"
4515,5101,"*follow* her advice","彼女の助言*に従う*","2023/9/9 7:15","2024/7/11 12:22"
4516,5102,"*consider* the problem seriously","真剣にその問題*を考える*。","2023/9/9 7:15","2024/7/11 12:22"
4517,5103,"*increase by* 20%","20%*増加する*","2023/9/9 7:15","2024/7/11 12:31"
4518,5104,"*expect* you *to* arrive soon","君がすぐつくこと*を予期する*。","2023/9/9 7:15","2024/7/11 12:32"
4519,5105,"*decide to* tell the truth","真実を語る*決意をする*。","2023/9/9 7:15","2024/7/11 12:32"
4520,5106,"*develop* a unique ability","特異な能力*を発達させる*。","2023/9/9 7:15","2024/7/11 12:26"
4521,5107,"*provide* him *with* information","彼に情報*を与える*。","2023/9/9 7:15","2024/7/11 12:32"
4522,5108,"*continue to* grow fast","急速に成長し*続ける*","2023/9/9 7:15","2024/7/11 12:33"
4523,5109,"The list *includes* his name.","リストは彼の名前*を含んでいる*。","2023/9/9 7:15","2024/7/11 12:28"
4524,5110,"*remain* silent","黙った*ままでいる*。","2023/9/9 7:15","2024/7/11 12:29"
4525,5111,"*reach* the mountain top","山頂*に達する*。","2023/9/9 7:15","2024/7/11 12:30"
4526,5112,"*allow* him *to* go out","彼に外出*を許可する*","2023/9/9 7:15","2024/7/11 12:33"
4527,5113,"*be forced to* work","働くよう*強制される*","2023/9/9 7:15","2024/7/11 12:34"
4528,5114,"*offer* help *to* the poor","貧しい人に援助*を申し出る*。","2023/9/9 7:15","2024/7/11 12:35"
4529,5115,"*realize* the error","間違い*を悟る*。","2023/9/9 7:15","2024/7/11 12:35"
4530,5116,"*suggest* a new way","新しいやり方*を提案する*。","2023/9/9 7:15","2024/7/11 12:36"
4531,5117,"*require* more attention","もっと注意*を必要とする*","2023/9/9 7:15","2024/7/11 12:36"
4532,5118,"*worry about* money","お金のことを*心配する*","2023/9/9 7:15","2024/7/11 12:37"
4533,5119,"*wonder* where he has gone","彼はどこに行ったの*かと思う*","2023/9/9 7:15","2024/7/11 12:38"
4534,5120,"The car *cost* me $50,000.","その車には5万ドル*かかった*","2023/9/9 7:15","2024/7/11 12:40"
4535,5121,"*tend to* get angry","腹を立て*がちである*","2023/9/9 7:15","2024/7/11 12:40"
4536,5122,"Everything *depends on* him.","すべては彼*次第だ*。","2023/9/9 7:15","2024/7/11 12:41"
4537,5123,"*share* a room *with* a friend","友人と部屋*を共有する*。","2023/9/9 7:15","2024/7/11 12:42"
4538,5124,"*demand* more freedom","もっと自由*を要求する*","2023/9/9 7:15","2024/7/11 12:42"
4539,5125,"*support* the president","大統領*を支持する*","2023/9/9 7:15","2024/7/11 12:44"
4540,5126,"*hire* many young people","多くの若者*を雇う*","2023/9/9 7:15","2024/7/11 12:44"
4541,5127,"*regard* him *as* a friend","彼を友だちだ*と見なす*","2023/9/9 7:15","2024/7/11 12:45"
4542,5128,"This story *is based on* fact.","この話は事実に*基づいている*","2023/9/9 7:15","2024/7/11 12:46"
4543,5129,"*improve* living conditions","生活状態*を向上させる*","2023/9/9 7:15","2024/7/11 12:46"
4544,5130,"*recognize* the importance","重要性*を認める*","2023/9/9 7:15","2024/7/11 12:47"
4545,5131,"*notice* the color change","色彩の変化*に気づく*","2023/9/9 7:15","2024/7/11 12:47"
4546,5132,"You *are supposed to* wear a seat belt.","シートベルトを締める*ことになっている*","2023/9/9 7:15","2024/7/11 12:48"
4547,5133,"*raise* both hands","両手*を上げる*","2023/9/9 7:15","2024/7/11 12:49"
4548,5134,"*prefer* tea *to* coffee","コーヒーよりお茶*を好む*","2023/9/9 7:15","2024/7/11 12:51"
4549,5135,"*cheer up* the patients","患者たち*を元気づける*","2023/9/9 7:15","2024/7/12 2:09"
4550,5136,"*suffer* heavy damage","ひどい損害*を受ける*","2023/9/9 7:15","2024/7/12 2:10"
4551,5137,"*describe* the lost bag","なくしたバッグ*の特徴を言う*","2023/9/9 7:15","2024/7/12 2:11"
4552,5138,"*prevent* him *from* sleeping","彼が眠るの*を妨げる*","2023/9/9 7:15","2024/7/12 2:12"
4553,5139,"*reduce* energy costs","エネルギー費*を減らす*","2023/9/9 7:15","2024/7/12 2:13"
4554,5140,"*mistake* salt *for* sugar","塩を砂糖と*間違える*","2023/9/9 7:15","2024/7/12 2:13"
4555,5141,"*prepare* a room *for* a guest","客のために部屋*を準備する*","2023/9/9 7:15","2024/7/12 2:14"
4556,5142,"*encourage* children *to* read","子どもに読書*を勧める*","2023/9/9 7:15","2024/7/12 2:15"
4557,5143,"*prove to be* true","本当*だとわかる*","2023/9/9 7:15","2024/7/12 2:15"
4558,5144,"*treat* him like a child","子どもみたいに彼*を扱う*","2023/9/9 7:15","2024/7/12 2:16"
4559,5145,"*establish* a company","会社*を設立する*","2023/9/9 7:15","2024/7/12 2:16"
4560,5146,"stress-*related* illness","ストレスと*関係のある*病気","2023/9/9 7:15","2024/7/12 2:17"
4561,5147,"*compare* Japan *with* china","日本と中国*を比較する*","2023/9/9 7:15","2024/7/12 2:18"
4562,5148,"*spread* the tablecloth","テーブルクロス*を広げる*","2023/9/9 7:15","2024/7/12 2:18"
4563,5149,"What does this word *refer to*?","この語は何を*指示する*か","2023/9/9 7:15","2024/7/12 2:19"
4564,5150,"*supply* the city *with* water","その都市に水*を供給する*","2023/9/9 7:15","2024/7/12 2:20"
4565,5151,"*gain* useful knowledge","有益な知識*を得る*","2023/9/9 7:15","2024/7/12 2:20"
4566,5152,"*destroy* forests","森林*を破壊する*","2023/9/9 7:15","2024/7/12 2:21"
4567,5153,"*apply* the rule *to* every case","すべての場合に規則*を当てはめる*","2023/9/9 7:15","2024/7/12 2:22"
4568,5154,"*seek* help from the police","警察に助け*を求める*","2023/9/9 7:15","2024/7/12 2:22"
4569,5155,"*search for* the stolen car","盗難車を*捜す*","2023/9/9 7:15","2024/7/12 2:23"
4570,5156,"He *claims* that he saw a UFO.","彼はUFOを見た*と主張する*","2023/9/9 7:15","2024/7/12 2:24"
4571,5157,"*draw* a map","地図*を描く*","2023/9/9 7:15","2024/7/12 2:25"
4572,5158,"*refuse to* give up hope","希望を捨てるの*を拒む*","2023/9/9 7:15","2024/7/12 2:25"
4573,5159,"*respond to* questions","質問に*答える*","2023/9/9 7:15","2024/7/12 2:26"
4574,5160,"Never *mention* it again.","二度とそのこと*を口にする*な。","2023/9/9 7:15","2024/7/12 2:27"
4575,5161,"*judge* a person *by* his looks","人を外見で*判断する*","2023/9/9 7:15","2024/7/12 2:27"
4576,5162,"The plane is *approaching* Chicago.","飛行機はシカゴ*に接近している*。","2023/9/9 7:15","2024/7/12 2:28"
4577,5163,"I *admit that* I was wrong","自分が間違っていた*と認める*。","2023/9/9 7:15","2024/7/12 2:31"
4578,5164,"*reflect* the mood of the times","時代の気分*を反映する*","2023/9/9 7:15","2024/7/12 2:31"
4579,5165,"*perform* the job","仕事*を遂行する*","2023/9/9 7:15","2024/7/12 2:32"
4580,5166,"a very *boring* movie","すごく*退屈な*映画","2023/9/9 7:15","2024/7/12 2:32"
4581,5167,"*survive* in the jungle","ジャングルで*生き残る*","2023/9/9 7:15","2024/7/12 2:33"
4582,5168,"Words *represent* ideas.","言葉は考え*を表す*。","2023/9/9 7:15","2024/7/12 2:33"
4583,5169,"*argue that* he is right","彼は正しい*と主張する*","2023/9/9 7:15","2024/7/12 2:34"
4584,5170,"*take* freedom *for granted*","自由を*当然と考える*","2023/9/9 7:15","2024/7/12 23:42"
4585,5171,"The data *indicate that* he is right.","データは彼が正しいこと*を示す*。","2023/9/9 7:15","2024/7/12 23:43"
4586,5172,"The book *belongs to* Howard.","その本はハワード*のものだ*。","2023/9/9 7:15","2024/7/12 23:43"
4587,5173,"*acquire* a language","言語*を習得する*。","2023/9/9 7:15","2024/7/12 23:44"
4588,5174,"*reply to* his letter","彼の手紙に*返事をする*","2023/9/9 7:15","2024/7/12 23:45"
4589,5175,"*feed* a large family","大勢の家族*を養う*","2023/9/9 7:15","2024/7/12 23:45"
4590,5176,"*escape from* reality","現実から*逃避する*","2023/9/9 7:15","2024/7/12 23:46"
4591,5177,"*replace* the old system","古い制度*に取って代わる*","2023/9/9 7:15","2024/7/12 23:47"
4592,5178,"*reveal* a surprising fact","驚くべき事実*を明らかにする*","2023/9/9 7:15","2024/7/12 23:47"
4593,5179,"Japan *is surrounded* by the sea.","日本は海に*囲まれている*。","2023/9/9 7:15","2024/7/12 23:48"
4594,5180,"The job *suits* you.","その仕事は君*に合っている*。","2023/9/9 7:15","2024/7/12 23:48"
4595,5181,"the *estimated* population of Japan","日本の*推定*人口","2023/9/9 7:15","2024/7/12 23:49"
4596,5182,"*aim at* the Asian market","アジア市場を*狙う*","2023/9/9 7:15","2024/7/12 23:50"
4597,5183,"*earn* money for the family","家族のためにお金*を稼ぐ*","2023/9/9 7:15","2024/7/12 23:50"
4598,5184,"My memory began to *delcine*.","記憶力が*低下し*始めた。","2023/9/9 7:15","2024/7/12 23:51"
4599,5185,"*can’t afford to* buy a Ford.","フォードの車を買う*余裕がない*","2023/9/9 7:15","2024/7/12 23:52"
4600,5186,"be *confused* by her anger","彼女の怒りに*当惑する*","2023/9/9 7:15","2024/7/13 0:03"
4601,5187,"*graduate from* high school","高校を*卒業する*","2023/9/9 7:15","2024/7/13 0:04"
4602,5188,"*vary* from country to country","国によって*変わる*","2023/9/9 7:15","2024/7/13 0:04"
4603,5189,"*remove* the cover","カバー*を取り除く*","2023/9/9 7:15","2024/7/13 0:04"
4604,5190,"*insist on* going to France","フランスに行くと*言い張る*","2023/9/9 7:15","2024/7/13 0:05"
4605,5191,"*examine* every record","あらゆる記録*を調べる*","2023/9/9 7:15","2024/7/13 0:05"
4606,5192,"*remind* him *of* the promise","彼に約束*を思い出させる*","2023/9/9 7:15","2024/7/13 0:07"
4607,5193,"*contribute to* world peace","世界平和に*貢献する*","2023/9/9 7:15","2024/7/13 0:08"
4608,5194,"*warn* him *of* the danger","彼に危険を*警告する*","2023/9/9 7:15","2024/7/13 0:09"
4609,5195,"*connect* the computer *to* the Internet","コンピュータをインターネットに*繋ぐ*","2023/9/9 7:15","2024/7/13 0:09"
4610,5196,"*match* him in power","力で彼*に匹敵する*","2023/9/9 7:15","2024/7/13 0:10"
4611,5197,"*focus on* the problem","その問題に*焦点を合わせる*","2023/9/9 7:15","2024/7/13 0:10"
4612,5198,"*reject* the proposal","提案*を拒否する*","2023/9/9 7:15","2024/7/13 0:11"
4613,5199,"*convince* him *that* it is true","それは本当だと彼*に確信させる*","2023/9/9 7:15","2024/7/13 0:12"
4614,5200,"Health is *associated with* happiness.","健康は幸福と*関連している*","2023/9/9 7:15","2024/7/13 0:12"
4615,5201,"*rush* into the hospital","病院へ*急いで行く*","2023/9/9 7:15","2024/7/13 0:13"
4616,5202,"*stress* the need for information","情報の必要性*を強調する*","2023/9/9 7:15","2024/7/13 0:13"
4617,5203,"*attract* his attention","彼の注意*を引きつける*","2023/9/9 7:15","2024/7/14 5:59"
4618,5204,"*rely on* their power","彼らの力に*頼る*","2023/9/9 7:15","2024/7/14 6:00"
4619,5205,"*regret* leaving home","家を出たの*を後悔する*","2023/9/9 7:15","2024/7/14 6:01"
4620,5206,"*adopt* a new system","新しいシステム*を採用する*","2023/9/9 7:15","2024/7/14 6:01"
4621,5207,"*shake* the bottle well","ビンをよく*振る*","2023/9/9 7:15","2024/7/14 6:02"
4622,5208,"*hurt* her feelings","彼女の気持ち*を傷付ける*","2023/9/9 7:15","2024/7/14 6:02"
4623,5209,"*operate* a computer with a mouse","マウスでコンピータ*を操作する*","2023/9/9 7:15","2024/7/14 6:03"
4624,5210,"Exercise *extends* life.","運動は寿命*を延ばす*。","2023/9/9 7:15","2024/7/14 6:04"
4625,5211,"*blame* others *for* the failure","失敗を他人*のせいにする*","2023/9/9 7:15","2024/7/14 6:05"
4626,5212,"The book *consists of* six lessons.","その本は6課で*構成されている*。","2023/9/9 7:15","2024/7/14 6:06"
4627,5213,"*persuade* them *to* go back","彼ら*を説得して*帰らせる","2023/9/9 7:15","2024/7/14 6:07"
4628,5214,"*admire* her work","彼女の仕事*に感嘆する*","2023/9/9 7:15","2024/7/14 6:08"
4629,5215,"be *disappointed with* the test results","試験の結果に*失望する*","2023/9/9 7:15","2024/7/14 6:08"
4630,5216,"*expand* business overseas","海外へ事業*を拡大する*","2023/9/9 7:15","2024/7/14 6:09"
4631,5217,"*preserve* forests","森林*を保護する*","2023/9/9 7:15","2024/7/14 6:10"
4632,5218,"*struggle to* get free","自由になろうと*もがく*","2023/9/9 7:15","2024/7/14 6:10"
4633,5219,"*arrange* the meeting","会議*の手はずを整える*","2023/9/9 7:15","2024/7/14 6:11"
4634,5220,"*disturb* his sleep","彼の睡眠*を妨げる*","2023/9/9 7:15","2024/7/14 6:12"
4635,5221,"*employ* foreign workers","外国人労働者*を雇う*","2023/9/9 7:15","2024/7/14 6:13"
4636,5222,"*engage in* volunteer activities","ボランティア活動に*従事する*","2023/9/9 7:15","2024/7/14 6:15"
4637,5223,"an *abandoned* pet","*捨てられた*ペット","2023/9/9 7:15","2024/7/14 6:15"
4638,5224,"*display* prices","価格*を示す*","2023/9/9 7:15","2024/7/14 6:16"
4639,5225,"*encounter* many difficulties","数々の困難*に出会う*","2023/9/9 7:15","2024/7/14 6:17"
4640,5226,"*amuse* students with jokes","冗談で学生*を笑わせる*","2023/9/9 7:15","2024/7/14 6:17"
4641,5227,"Sorry to *bother* you, but ...","*お邪魔して*すみませんが･･･","2023/9/9 7:15","2024/7/14 6:19"
4642,5228,"*concentrate on* what he is saying","彼の話に*集中する*","2023/9/9 7:15","2024/7/14 6:19"
4643,5229,"*adapt to* a new culture","新しい文化に*適応する*","2023/9/9 7:15","2024/7/14 6:20"
4644,5230,"be *puzzled* by the problem","その問題に*頭を悩ませる*","2023/9/9 7:15","2024/7/14 6:20"
4645,5231,"*appeal to* his feelings","彼の感情に*訴えかける*","2023/9/9 7:15","2024/7/14 6:22"
4646,5232,"*combine* song and dance","歌と踊り*を組み合わせる*","2023/9/9 7:15","2024/7/14 6:22"
4647,5233,"*delay* his arrival","彼の到着*を遅らせる*","2023/9/9 7:15","2024/7/14 6:23"
4648,5234,"*repair* the car","車*を修理する*","2023/9/9 7:15","2024/7/14 6:23"
4649,5235,"a *fascinating* story","*夢中にさせる*物語","2023/9/9 7:15","2024/7/15 2:09"
4650,5236,"*Pardon* me.","*ごめんなさい*。","2023/9/9 7:15","2024/7/15 2:10"
4651,5237,"*import* food from abroad","海外から食料*を輸入する*","2023/9/9 7:15","2024/7/15 2:10"
4652,5238,"*remark* that he is kind","彼は親切だ*と述べる*","2023/9/9 7:15","2024/7/15 2:11"
4653,5239,"*reserve* a room at a hotel","ホテルの部屋*を予約する*","2023/9/9 7:15","2024/7/15 2:12"
4654,5240,"at an *amazing* speed","*驚異的な*速さで","2023/9/9 7:15","2024/7/15 2:12"
4655,5241,"*frightening* experiences","*ぞっとするような*経験","2023/9/9 7:15","2024/7/15 2:13"
4656,5242,"*release* him *from* work","仕事から彼*を解放する*","2023/9/9 7:15","2024/7/15 2:14"
4657,5243,"*rent* an apartment","アパート*を借りる*","2023/9/9 7:15","2024/7/15 2:14"
4658,5244,"*recover from* illness","病気から*回復する*","2023/9/9 7:15","2024/7/15 2:15"
4659,5245,"I *suspect* that he is a spy.","私は彼がスパイ*ではないかと思う*。","2023/9/9 7:15","2024/7/15 2:16"
4660,5246,"*deliver* a message *to* a friend","友人に伝言*を渡す*","2023/9/9 7:15","2024/7/15 2:17"
4661,5247,"*identify* people by their eyes","目で人*の本人確認をする*","2023/9/9 7:15","2024/7/15 2:18"
4662,5248,"The office *is located in* the area.","オフィスはその地域に*ある*。","2023/9/9 7:15","2024/7/15 2:19"
4663,5249,"a car *manufacturing* company","車*を製造する*会社","2023/9/9 7:15","2024/7/15 2:20"
4664,5250,"*occupy* a high position","高い地位*を占める*","2023/9/9 7:15","2024/7/15 2:20"
4665,5251,"*own* a house","家*を所有している*","2023/9/9 7:15","2024/7/15 2:21"
4666,5252,"be *exposed to* danger","危険に*さらされる*","2023/9/9 7:15","2024/7/15 2:21"
4667,5253,"*translate* a novel *into* English","小説を英語に*翻訳する*","2023/9/9 7:15","2024/7/15 2:22"
4668,5254,"*cure* him *of* his illness","彼の病気*を治す*","2023/9/9 7:15","2024/7/15 2:23"
4669,5255,"*perceive* danger","危険*に気づく*","2023/9/9 7:15","2024/7/15 2:23"
4670,5256,"*adjust to* a new school","新しい学校に*慣れる*","2023/9/9 7:15","2024/7/15 2:24"
4671,5257,"be *alarmed* by the noise","その音に*ぎょっとする*","2023/9/9 7:15","2024/7/15 2:25"
4672,5258,"*assist* him in his work","彼の仕事を*手伝う*","2023/9/9 7:15","2024/7/15 2:26"
4673,5259,"a *frozen* stream","*凍った*小川","2023/9/9 7:15","2024/7/15 2:26"
4674,5260,"*spoil* the party","パーティー*を台無しにする*","2023/9/9 7:15","2024/7/15 2:27"
4675,5261,"*shift* gears","ギア*を変える*","2023/9/9 7:15","2024/7/15 2:27"
4676,5262,"be *embarrassed* by the mistake","その間違いが*恥ずかしい*","2023/9/9 7:15","2024/7/15 2:27"
4677,5263,"*approve of* their marriage","2人の結婚を*承認する*","2023/9/9 7:15","2024/7/15 2:28"
4678,5264,"*weigh* 65 kilograms","65キロ*の重さがある*","2023/9/9 7:15","2024/7/15 2:29"
4679,5265,"*stretch* my legs","脚*を広げる*","2023/9/9 7:15","2024/7/15 2:30"
4680,5266,"*participate in* the meeting","会議に*参加する*","2023/9/9 7:15","2024/7/15 2:30"
4681,5267,"*exhibit* Picasso’s works","ピカソの作品*を展示する*","2023/9/9 7:15","2024/7/15 2:31"
4682,5268,"I *owe* my success *to* you.","私の成功はあなた*のおかげだ*。","2023/9/9 7:15","2024/7/15 2:31"
4683,5269,"*celebrate* his birthday","彼の誕生日*を祝う*","2023/9/9 7:15","2024/7/15 2:32"
4684,5270,"trees *decorated with* lights","電球で*飾られた*木々","2023/9/9 7:15","2024/7/15 2:33"
4685,5271,"*forgive* him *for* being late","彼の遅刻*を許す*","2023/9/9 7:15","2024/7/15 2:33"
4686,5272,"*be seated* on the bench","ベンチで*座っている*","2023/9/9 7:15","2024/7/15 2:34"
4687,5273,"*be injured* in the accident","その事故で*負傷する*","2023/9/9 7:15","2024/7/15 2:34"
4688,5274,"*sew* a wedding dress","ウエディングドレス*を縫う*","2023/9/9 7:15","2024/7/15 2:35"
4689,5275,"the *result* of the test","テストの*結果*","2023/9/9 7:15","2024/7/16 3:46"
4690,5276,"*features* of human language","人類の言語の*特徴*","2023/9/9 7:15","2024/7/16 3:47"
4691,5277,"the problems of modern *society*","現代*社会*の問題","2023/9/9 7:15","2024/7/16 3:48"
4692,5278,"a water *wheel*","水*車*","2023/9/9 7:15","2024/7/16 3:48"
4693,5279,"put a high *value* on education","教育に高い*価値*を置く","2023/9/9 7:15","2024/7/16 3:49"
4694,5280,"the greenhouse *effect* of CO2","二酸化炭素の温室*効果*","2023/9/9 7:15","2024/7/16 3:50"
4695,5281,"*individuals* in society","社会の中の*個人*","2023/9/9 7:15","2024/7/16 3:50"
4696,5282,"*have* a bad *influence on* children","子どもに悪い*影響*を与える","2023/9/9 7:15","2024/7/16 3:51"
4697,5283,"charge a *fee* for the service","サービス*料*を請求する","2023/9/9 7:15","2024/7/16 3:52"
4698,5284,"*at* the *rate* of 40% a year","年40%の*割合*で","2023/9/9 7:15","2024/7/16 3:53"
4699,5285,"a *sign* of spring","春の*兆し*","2023/9/9 7:15","2024/7/16 3:53"
4700,5286,"water and gas *service*","水道とガスの*事業*","2023/9/9 7:15","2024/7/16 3:53"
4701,5287,"*advances* in technology","科学技術の*進歩*","2023/9/9 7:15","2024/7/16 3:54"
4702,5288,"*Laughter* is the best medicine.","*笑い*は最高の良薬だ。","2023/9/9 7:15","2024/7/16 3:54"
4703,5289,"produce new *materials*","新しい*物質*を作る","2023/9/9 7:15","2024/7/16 3:55"
4704,5290,"a center of heavy *industry*","重*工業*の中心地","2023/9/9 7:15","2024/7/16 3:55"
4705,5291,"an *attempt* to break the record","記録を破ろうとする*試み*","2023/9/9 7:15","2024/7/16 3:56"
4706,5292,"US *trade* with France","アメリカとフランスの*貿易*","2023/9/9 7:15","2024/7/16 3:56"
4707,5293,"You’ve *made progress in* English.","君の英語は*進歩*した。","2023/9/9 7:15","2024/7/16 3:57"
4708,5294,"*make* an *excuse* to leave early","早く帰るための*言い訳*をする","2023/9/9 7:15","2024/7/16 3:58"
4709,5295,"the *custom* of tipping","チップを払う*習慣*","2023/9/9 7:15","2024/7/16 3:58"
4710,5296,"Read the following *passage*.","次の*一節*を読みなさい。","2023/9/9 7:15","2024/7/16 3:59"
4711,5297,"the market *economy*","市場*経済*","2023/9/9 7:15","2024/7/16 3:59"
4712,5298,"the *tracks* of a lion","ライオンの*足跡*","2023/9/9 7:15","2024/7/16 4:00"
4713,5299,"use public *transportation*","公共*交通機関*を使う","2023/9/9 7:15","2024/7/16 4:00"
4714,5300,"a government *official*","政府の*役人*","2023/9/9 7:15","2024/7/16 4:00"
4715,5301,"love at first *sight*","*一目*惚れ","2023/9/9 7:15","2024/7/16 4:01"
4716,5302,"a *taste* of lemon","レモンの*味*","2023/9/9 7:15","2024/7/16 4:01"
4717,5303,"a wide *range* of information","広*範囲*の情報","2023/9/9 7:15","2024/7/16 4:01"
4718,5304,"make an *appointment* with the doctor","医者に*予約*する","2023/9/9 7:15","2024/7/16 4:02"
4719,5305,"a doctor and a *patient*","医者と*患者*","2023/9/9 7:15","2024/7/16 4:03"
4720,5306,"a business *project*","事業*計画*","2023/9/9 7:15","2024/7/16 4:03"
4721,5307,"Would you *do* me a *favor*?","*頼み*を聞いてもらえませんか","2023/9/9 7:15","2024/7/16 4:04"
4722,5308,"differ in *appearance*","*外見*が違う","2023/9/9 7:15","2024/7/16 4:04"
4723,5309,"*run the risk* of losing money","お金を失う*危険*を冒す","2023/9/9 7:15","2024/7/16 4:04"
4724,5310,"costs and *benefits* of the business","仕事のコストと*利益*","2023/9/9 7:15","2024/7/16 4:05"
4725,5311,"*residents* of New York","ニューヨークの*住民*","2023/9/9 7:15","2024/7/16 4:05"
4726,5312,"their *relatives* and friends","彼らの*親戚*と友だち","2023/9/9 7:15","2024/7/16 4:06"
4727,5313,"a mountain *region*","山岳*地方*","2023/9/9 7:15","2024/7/16 4:06"
4728,5314,"unique *characteristics*","ユニークな*特徴*","2023/9/9 7:15","2024/7/16 4:07"
4729,5315,"feel a sharp *pain*","鋭い*痛み*を感じる","2023/9/9 7:15","2024/7/16 4:07"
4730,5316,"a pair of `identical *twins*`","一組の`一卵性*双生児*`","2023/9/9 7:15","2024/7/16 4:08"
4731,5317,"`on` special `*occasions*`","特別な`*場合*に`","2023/9/9 7:15","2024/7/16 4:09"
4732,5318,"the *principle* of free trade","自由貿易の*原則*","2023/9/9 7:15","2024/7/16 4:10"
4733,5319,"the history *department*","歴史*学科*","2023/9/9 7:15","2024/7/16 4:10"
4734,5320,"It is my *duty* to help you.","君を助けるのが私の*義務*だ","2023/9/9 7:15","2024/7/16 4:11"
4735,5321,"the *scene* of the accident","事故の*現場*","2023/9/9 7:15","2024/7/16 4:11"
4736,5322,"avoid `traffic *jams*`","`交通*渋滞*`を避ける","2023/9/9 7:15","2024/7/16 4:12"
4737,5323,"the *spirit* of fair play","フェアプレーの*精神*","2023/9/9 7:15","2024/7/16 4:12"
4738,5324,"the *medium* of communication","コミュニケーションの*手段*","2023/9/9 7:15","2024/7/16 4:13"
4739,5325,"*mass* production","*大量*生産","2023/9/9 7:15","2024/7/16 4:14"
4740,5326,"gather a large *audience*","大勢の*観客*を集める","2023/9/9 7:15","2024/7/17 4:31"
4741,5327,"The most important *element*","最も重要な*要素*","2023/9/9 7:15","2024/7/17 4:32"
4742,5328,"global *climate* change","地球規模の*気候*変動","2023/9/9 7:15","2024/7/17 4:32"
4743,5329,"the French *Revolution*","フランス*革命*","2023/9/9 7:15","2024/7/17 4:33"
4744,5330,"the first *quarter* of this century","今世紀の最初の*4分の1*","2023/9/9 7:15","2024/7/17 4:34"
4745,5331,"a room with little *furniture*","*家具*の少ない部屋","2023/9/9 7:15","2024/7/17 4:34"
4746,5332,"the human *brain*","人間の*脳*","2023/9/9 7:15","2024/7/17 4:35"
4747,5333,"CO2 in the earth’s *atmosphere*","地球の*大気*中の二酸化炭素","2023/9/9 7:15","2024/7/17 4:35"
4748,5334,"private *property*","私有*財産*","2023/9/9 7:15","2024/7/17 4:36"
4749,5335,"a `reward for` hard work.","努力の*報酬*","2023/9/9 7:15","2024/7/17 4:36"
4750,5336,"national `security`","国家の*安全保障*","2023/9/9 7:15","2024/7/17 4:37"
4751,5337,"give a cry of *delight*","*喜び*の声をあげる","2023/9/9 7:15","2024/7/17 4:38"
4752,5338,"a *deserted* road in the *desert*","*砂漠*の*人影のない*道","2023/9/9 7:15","2024/7/17 5:56"
4753,5339,"people from different *backgrounds*","*経歴*の違う人々","2023/9/9 7:15","2024/7/17 5:57"
4754,5340,"`a *trend* toward` fewer children","少子化の`*傾向*`","2023/9/9 7:15","2024/7/17 5:58"
4755,5341,"get 20% of the *vote*","20%の*票*を得る","2023/9/9 7:15","2024/7/17 5:58"
4756,5342,"a negative `*impact* on` the environment","環境`に対する`悪い`*影響*`","2023/9/9 7:15","2024/7/17 6:00"
4757,5343,"educational *institutions*","教育*機関*","2023/9/9 7:15","2024/7/17 6:00"
4758,5344,"social `*interaction* with` others","他人`との`社会的`*交流*`","2023/9/9 7:15","2024/7/17 6:01"
4759,5345,"`an *alternative* to` oil","石油の`*代わりになるもの*`","2023/9/9 7:15","2024/7/17 6:02"
4760,5346,"`do` no `*harm* to` children","子ども`に*害*を与え`ない","2023/9/9 7:15","2024/7/17 6:03"
4761,5347,"a travel *agency*","旅行*代理店*","2023/9/9 7:15","2024/7/17 6:04"
4762,5348,"people’s great `*capacity* to` learn","人間の素晴らしい学習`*能力*`","2023/9/9 7:15","2024/7/17 6:05"
4763,5349,"the Italian *minister*","イタリアの*大臣*","2023/9/9 7:15","2024/7/17 6:06"
4764,5350,"a hospital *volunteer*","病院で働く*ボランティア*","2023/9/9 7:15","2024/7/17 6:06"
4765,5351,"`have *access* to` the Internet","インターネット`を*利用*できる`","2023/9/9 7:15","2024/7/17 6:07"
4766,5352,"large `*quantities* of` data","膨大な`*量*の`データ","2023/9/9 7:15","2024/7/17 6:08"
4767,5353,"`a *branch* of` science","化学の`一*分野*`","2023/9/9 7:15","2024/7/17 6:09"
4768,5354,"a *common* language","*共通の*言語","2023/9/9 7:15","2024/7/17 6:10"
4769,5355,"a *rough* sketch","*大ざっぱな*スケッチ","2023/9/9 7:15","2024/7/17 6:10"
4770,5356,"He `is *likely* to` win.","彼が勝つ`*可能性が高い*`。","2023/9/9 7:15","2024/7/17 6:11"
4771,5357,"*serious* social problems","*深刻な*社会問題","2023/9/9 7:15","2024/7/17 6:11"
4772,5358,"a *particular* character","*特有の*性質","2023/9/9 7:15","2024/7/17 6:12"
4773,5359,"information `*available* to` everyone","みんなが`*利用できる*`情報","2023/9/9 7:15","2024/7/17 6:12"
4774,5360,"*bilingual* children","*二言語使用の*子どもたち","2023/9/9 7:15","2024/7/17 6:13"
4775,5361,"I `am *ready* to` start.","出発`の*準備ができて*いる`。","2023/9/9 7:15","2024/7/17 6:14"
4776,5362,"the *correct* answer","*正しい*答え","2023/9/9 7:15","2024/7/17 6:15"
4777,5363,"be `*familiar* with` Japanese culture","日本の文化`に*詳しい*`","2023/9/9 7:15","2024/7/17 6:16"
4778,5364,"*physical* beauty","*肉体*美","2023/9/9 7:15","2024/7/17 6:16"
4779,5365,"The book is `*worth* reading`.","その本は`読む*価値がある*`。","2023/9/9 7:15","2024/7/17 6:17"
4780,5366,"be `*involved* in` the accident","事故`に*巻き込まれている*`","2023/9/9 7:15","2024/7/17 6:18"
4781,5367,"I had a *fantastic* time.","私は*素晴らしい*時を過ごした。","2023/9/9 7:15","2024/7/17 6:19"
4782,5368,"her *private* life","彼女の*私*生活","2023/9/9 7:15","2024/7/17 6:19"
4783,5369,"an *obvious* mistake","*明白な*間違い","2023/9/9 7:15","2024/7/18 4:44"
4784,5370,"a *native* language","*母*語","2023/9/9 7:15","2024/7/18 4:44"
4785,5371,"a *complex* system","*複雑な*システム","2023/9/9 7:15","2024/7/18 4:44"
4786,5372,"I`’m *willing* to` pay for good food.","美味しいものにお金を払っ`*ても構わない*`。","2023/9/9 7:15","2024/7/18 4:46"
4787,5373,"the *current* international situation","*今日の*国際状況","2023/9/9 7:15","2024/7/18 4:46"
4788,5374,"*male* workers","*男性の*労働者","2023/9/9 7:15","2024/7/18 4:47"
4789,5375,"the *proper* use of words","言葉の*適切な*使い方","2023/9/9 7:15","2024/7/18 4:47"
4790,5376,"He is `*capable* of` doing the job.","彼はその仕事をする`*能力がある*`。","2023/9/9 7:15","2024/7/18 4:48"
4791,5377,"He is `*independent* of` his parents.","彼は親`から*独立している*`。","2023/9/9 7:15","2024/7/18 4:49"
4792,5378,"*positive* thinking","*積極的な*考え方","2023/9/9 7:15","2024/7/18 4:49"
4793,5379,"a *pleasant* experience","*楽しい*経験","2023/9/9 7:15","2024/7/18 4:50"
4794,5380,"a *significant* difference","*重要な*違い","2023/9/9 7:15","2024/7/18 4:50"
4795,5381,"the *former* president","*前*大統領","2023/9/9 7:15","2024/7/18 4:51"
4796,5382,"a *chemical* reaction","*化学*反応","2023/9/9 7:15","2024/7/18 4:51"
4797,5383,"be *upset* by the accident","事故で*動揺している*","2023/9/9 7:15","2024/7/18 4:51"
4798,5384,"form the *previous* year","*前の*年から","2023/9/9 7:15","2024/7/18 4:52"
4799,5385,"keep *calm*","*冷静で*いる","2023/9/9 7:15","2024/7/18 4:52"
4800,5386,"a *specific* individual","*特定の*個人","2023/9/9 7:15","2024/7/18 4:53"
4801,5387,"health-*conscious* Americans","健康を*意識する*アメリカ人","2023/9/9 7:15","2024/7/18 4:53"
4802,5388,"be `*superior* to` others","他の人`*より優れて*いる`","2023/9/9 7:15","2024/7/18 4:54"
4803,5389,"an *efficient* use of energy","*効率のよい*エネルギーの使い方","2023/9/9 7:15","2024/7/18 4:55"
4804,5390,"*fundamental* human rights","*基本的*人権","2023/9/9 7:15","2024/7/18 4:55"
4805,5391,"a *narrow* street","*狭い*通り","2023/9/9 7:15","2024/7/18 4:55"
4806,5392,"a *reasonable* explanation","*理に適った*説明","2023/9/9 7:15","2024/7/18 4:56"
4807,5393,"feel *nervous* about the future","将来のことで*不安に*なる","2023/9/9 7:15","2024/7/18 4:56"
4808,5394,"The brothers look *alike*.","その兄弟は*似ている*。","2023/9/9 7:15","2024/7/18 4:57"
4809,5395,"*domestic* violence","*家庭内*暴力","2023/9/9 7:15","2024/7/18 4:57"
4810,5396,"a *negative* answer","*否定的な*答え","2023/9/9 7:15","2024/7/18 4:58"
4811,5397,"make a *moral* judgement","*道徳的な*判断をする","2023/9/9 7:15","2024/7/18 4:58"
4812,5398,"be `*eager* to` study in the US","アメリカ留学を`*熱望する*`","2023/9/9 7:15","2024/7/18 4:59"
4813,5399,"the brain’s *remarkable* ability","脳の*素晴らしい*能力","2023/9/9 7:15","2024/7/18 4:59"
4814,5400,"drive away *evil* spirits","*悪い*霊を追い払う","2023/9/9 7:15","2024/7/18 5:00"
4815,5401,"stay *awake* alnight","夜通し*目が覚めて*いる","2023/9/9 7:15","2024/7/18 5:01"
4816,5402,"his *aged* parents","彼の*年老いた*父母","2023/9/9 7:15","2024/7/18 5:01"
4817,5403,"I am `*anxious* about` your health.","君の健康が`*心配だ*`。","2023/9/9 7:15","2024/7/18 5:02"
4818,5404,"a *tough* boxer","*たくましい*ボクサー","2023/9/9 7:15","2024/7/18 5:02"
4819,5405,"*nuclear* energy","*原子力*エネルギー","2023/9/9 7:15","2024/7/18 5:03"
4820,5406,"the British *legal* system","イギリスの*法律の*制度","2023/9/9 7:15","2024/7/18 5:03"
4821,5407,"be `*curious* about` everything","何にでも`*好奇心を持つ*`","2023/9/9 7:15","2024/7/18 5:04"
4822,5408,"*civil* rights","*市民*権","2023/9/9 7:15","2024/7/18 5:04"
4823,5409,"according to a *recent* study","*最近の*研究によると","2023/9/9 7:15","2024/7/18 5:05"
4824,5410,"a *senior* member of the club","倶楽部の*先輩の*部員","2023/9/9 7:15","2024/7/18 5:06"
4825,5411,"Soon *afterward*, he left.","*その後*すぐ彼は去った。","2023/9/9 7:15","2024/7/18 5:06"
4826,5412,"*nearly* 30 years ago","30年*近く*前に","2023/9/9 7:15","2024/7/18 5:07"
4827,5413,"The car is small and *therefore* cheap.","その車は小さくて、*それ故*安い。","2023/9/9 7:15","2024/7/18 5:07"
4828,5414,"at `*exactly* the same` time.","`*ぴったり*同`時に","2023/9/9 7:15","2024/7/18 5:08"
4829,5415,"He will *possibly* come.","彼は*ひょっとすると*来るかもしれない。","2023/9/9 7:15","2024/7/21 12:06"
4830,5416,"`*contrary* to` expectations","予想`に*反して*`","2023/9/9 7:15","2024/7/21 12:07"
4831,5417,"I *occasionally* go to the theater.","私は*たまに*劇場に行く。","2023/9/9 7:15","2024/7/21 12:09"
4832,5418,"*Somehow* I feel lonely.","*なぜか*寂しい。","2023/9/9 7:15","2024/7/21 12:10"
4833,5419,"I *seldom* see him.","彼に会うことは*滅多にない*。","2023/9/9 7:15","2024/7/21 12:10"
4834,5420,"This is smaller and *thus* cheaper.","この方が小さく、*したがって*安い。","2023/9/9 7:15","2024/7/21 12:17"
4835,5421,"people *throughout* the world","世界*中*の人々","2023/9/9 7:15","2024/7/21 12:18"
4836,5422,"*Unlike* my wife, I get up early.","妻*と違って*、私は早起きだ。","2023/9/9 7:15","2024/7/21 12:18"
4837,5423,"*Besides* being rich, he is kind.","彼は金持ち*の上に*優しい。","2023/9/9 7:15","2024/7/21 12:19"
4838,5424,"It’s *beyond* my understanding.","それは私の理解を*超えて*いる。","2023/9/9 7:15","2024/7/21 12:20"
4839,5425,"`*within*` a mile `of` the station","駅`から1`マイル`*以内で*`","2023/9/9 7:15","2024/7/21 12:22"
4840,5426,"have `neither` time `*nor*` money","時間`も`お金`*もない*`","2023/9/9 7:15","2024/7/21 12:24"
4841,5427,"I’ll leave tomorrow *unless* it rains.","明日雨が降ら*ない限り*出発する。","2023/9/9 7:15","2024/7/21 12:25"
4842,5428,"work `every` day `*except*` Sunday","日曜`*以外*毎日`働く。","2023/9/9 7:15","2024/7/21 12:28"
4843,5429,"You `*ought* to` see a doctor.","君は医者に診てもらう`*べきだ*`。","2023/9/9 7:15","2024/7/21 12:32"
4844,5430,"`*in spite of*` difficulties","困難`*にもかかわらず*`","2023/9/9 7:15","2024/7/21 12:33"
4845,5431,"I don’t know `*whether*` it is true `or not`.","私にはそれが本当`*かどうか*`分からない。","2023/9/9 7:15","2024/7/21 12:35"
4846,5432,"`*explain* why` he was late","彼が`なぜ`遅れたか`*を説明する*`","2023/9/9 7:15","2024/7/21 12:38"
4847,5433,"*accept* the truth as it is","ありのまま真実*を受け入れる*","2023/9/9 7:15","2024/7/21 12:38"
4848,5434,"*produce* enough food","十分な食糧*を生産する*","2023/9/9 7:15","2024/7/21 12:40"
4849,5435,"Does God really *exist*?","神は本当に*存在する*のか","2023/9/9 7:15","2024/7/21 12:41"
4850,5436,"*express* my feelings","私の気持ち*を表現する*","2023/9/9 7:15","2024/7/21 12:41"
4851,5437,"`*add*` some milk `to` the soup","スープ`に`ミルク`*を加える*`","2023/9/9 7:15","2024/7/21 12:42"
4852,5438,"`*avoid*` mak`ing` mistakes","間違いを犯すの`*を避ける*`","2023/9/9 7:15","2024/7/21 12:44"
4853,5439,"*marry* Mary","メアリ*と結婚する*","2023/9/9 7:15","2024/7/21 12:44"
4854,5440,"`*protect*` children `from` danger","危険`から`子どもたち`*を守る*`","2023/9/9 7:15","2024/7/21 12:45"
4855,5441,"Alcohol *affects* the brain.","アルコールは脳*に影響する*。","2023/9/9 7:15","2024/7/21 12:46"
4856,5442,"*determine* your future","君の未来*を決定する*","2023/9/9 7:15","2024/7/21 12:47"
4857,5443,"*solve* the problem","問題*を解決する*","2023/9/9 7:15","2024/7/21 12:47"
4858,5444,"Vegetables *contain* a lot of water.","野菜はたくさんの水*を含んでいる*。","2023/9/9 7:15","2024/7/21 12:48"
4859,5445,"*discuss* the problem with him","彼とその問題を議論する","2023/9/9 7:15","2024/7/21 12:49"
4860,5446,"*ignore* the doctor’s advice","医者の忠告*を無視する*","2023/9/9 7:15","2024/7/21 12:49"
4861,5447,"*guess* how old she is","彼女の年齢*を推測する*","2023/9/9 7:15","2024/7/21 12:50"
4862,5448,"`*exchange*` yen `for` dollars","円をドル`に*交換する*`","2023/9/9 7:15","2024/7/23 23:21"
4863,5449,"*satisfy* the needs of students","学生の要求*を満たす*","2023/9/9 7:15","2024/7/23 23:21"
4864,5450,"`*complain* about` the noise","騒音`のことで*苦情を言う*`","2023/9/9 7:15","2024/7/23 23:25"
4865,5451,"finally *achieve* the goal","ついに目標*を達成する*","2023/9/9 7:15","2024/7/23 23:25"
4866,5452,"`*enable*` people `to` live longer","人々の長寿`*を可能にする*`","2023/9/9 7:15","2024/7/23 23:26"
4867,5453,"`*intend* to` live in America","アメリカに住む`*つもりだ*`","2023/9/9 7:15","2024/7/23 23:27"
4868,5454,"`*obtain*` information about him","彼に関する情報`*を得る*`","2023/9/9 7:15","2024/7/23 23:27"
4869,5455,"`*divide*` the cake `into` six pieces","ケーキを6個`に*分割する*`","2023/9/9 7:15","2024/7/23 23:28"
4870,5456,"The noise *annoys* me.","その音が私*をいらだたせる*","2023/9/9 7:15","2024/7/23 23:29"
4871,5457,"Mu opinion `*differs* from` hers.","私の考えは彼女`と*異なる*`。","2023/9/9 7:15","2024/7/23 23:31"
4872,5458,"how to *educate* children","子ども*を教育する*方法","2023/9/9 7:15","2024/7/23 23:32"
4873,5459,"`*borrow*` a book *from* a friend","友だちから本`*を借りる*`","2023/9/9 7:15","2024/7/23 23:33"
4874,5460,"*invent* a time machine","タイムマシン*を発明する*","2023/9/9 7:15","2024/7/23 23:33"
4875,5461,"*promote* economic growth","経済成長*を促進する*","2023/9/9 7:15","2024/7/23 23:34"
4876,5462,"`*advise*` him `to` eat vegetables","野菜を食べる`よう`彼`*に忠告する*`","2023/9/9 7:15","2024/7/23 23:35"
4877,5463,"`*retire* from` work at sixty","60で仕事`を*辞める*`","2023/9/9 7:15","2024/7/23 23:36"
4878,5464,"`*permit*` him `to` go out","外出`することを`彼`*に許す*`","2023/9/9 7:15","2024/7/23 23:37"
4879,5465,"`*recommend*` this book `to` you","あなた`に`この本`*を薦める*`","2023/9/9 7:15","2024/7/23 23:38"
4880,5466,"`*apologize* to` him `for` being late","遅れたこと`を`彼`に*謝る*`","2023/9/9 7:15","2024/7/23 23:39"
4881,5467,"`*inform*` him `of` his son’s success","息子の成功`を`彼`*に知らせる*`","2023/9/9 7:15","2024/7/23 23:40"
4882,5468,"`*oppose*` their marriage","彼らの結婚*に反対する*","2023/9/9 7:15","2024/7/23 23:40"
4883,5469,"*trust* an old friend","古い友だち*を信用する*","2023/9/9 7:15","2024/7/23 23:41"
4884,5470,"*select* the best answer","最良の答え*を選ぶ*","2023/9/9 7:15","2024/7/23 23:41"
4885,5471,"`*praise*` him `for` his work","仕事`のことで`彼`*を褒める*`","2023/9/9 7:15","2024/7/23 23:43"
4886,5472,"how to *handle* the problems","どう問題*に対処する*べきか","2023/9/9 7:15","2024/7/23 23:56"
4887,5473,"*propose* a new way","新しいやり方*を提案する*","2023/9/9 7:15","2024/7/23 23:57"
4888,5474,"*breathe* fresh air","新鮮な空気*を呼吸する*","2023/9/9 7:15","2024/7/23 23:57"
4889,5475,"`*criticize*` him `for` being late","遅刻したことで彼`*を非難する*`","2023/9/9 7:15","2024/7/23 23:58"
4890,5476,"*overcome* difficulties","困難*に打ち勝つ*","2023/9/9 7:15","2024/7/23 23:58"
4891,5477,"*posses* great power","大きな力*を持っている*","2023/9/9 7:15","2024/7/23 23:59"
4892,5478,"*predict* the future","未来*を予言する*","2023/9/9 7:15","2024/7/24 0:00"
4893,5479,"*publish* a book","本*を出版する*","2023/9/9 7:15","2024/7/24 0:00"
4894,5480,"leaves *floating* on the river","川面に*浮かぶ*木の葉","2023/9/9 7:15","2024/7/24 0:01"
4895,5481,"*recall* the good old days","古き良き時代*を思い出す*","2023/9/9 7:15","2024/7/24 0:01"
4896,5482,"*explore* the Amazon river","アマゾン川*を探検する*","2023/9/9 7:15","2024/7/24 0:02"
4897,5483,"`*pretend* to` be asleep","眠っている`*ふりをする*`","2023/9/9 7:15","2024/7/24 0:02"
4898,5484,"*absorb* a lot of water","大量の水*を吸収する*","2023/9/9 7:15","2024/7/24 0:03"
4899,5485,"He *resembles* his father.","彼は父親*に似ている*。","2023/9/9 7:15","2024/7/24 0:03"
4900,5486,"*tear* the letter to peices","ずたずたに手紙*を引き裂く*","2023/9/9 7:15","2024/7/24 0:04"
4901,5487,"*consume* a lot of energy","多量のエネルギー*を消費する*","2023/9/9 7:15","2024/7/24 0:05"
4902,5488,"`*complete* with` him `for` the gold medal","金メダル`を目指して`彼`と*競争する*`","2023/9/9 7:15","2024/7/24 0:06"
4903,5489,"`*quit*` smok`ing`","煙草`*をやめる*`","2023/9/9 7:15","2024/7/24 0:07"
4904,5490,"*announce* a new plan","新しい計画*を発表する*","2023/9/9 7:15","2024/7/24 0:07"
4905,5491,"`*react*` quickly `to` light","素早く光`に*反応する*`","2023/9/9 7:15","2024/7/24 0:08"
4906,5492,"*wander* around the streets","街を*歩き回る*","2023/9/9 7:15","2024/7/24 0:09"
4907,5493,"Don’t *text* while driving","運転中に*メールを送る*な","2023/9/9 7:15","2024/7/24 0:09"
4908,5494,"*generate* electricity","電力*を生み出す*","2023/9/9 7:15","2024/7/24 0:10"
4909,5495,"*score* 10 goals","10点*を取る*","2023/9/9 7:15","2024/7/24 0:10"
4910,5496,"the Japanese *government*","日本*政府*","2023/9/9 7:15","2024/7/25 3:02"
4911,5497,"have little *knowledge* of English","英語の*知識*がほとんどない","2023/9/9 7:15","2024/7/25 3:03"
4912,5498,"the Asian *nations*","アジアの諸*国*","2023/9/9 7:15","2024/7/25 3:04"
4913,5499,"`make` an `*effort* to` help him","彼を助けよう`と*努力*する`","2023/9/9 7:15","2024/7/25 3:04"
4914,5500,"the Cold War *period*","冷戦*時代*","2023/9/9 7:15","2024/7/25 3:05"
4915,5501,"*population* growth","*人口*の増加","2023/9/9 7:15","2024/7/25 3:05"
4916,5502,"`for` peaceful `*purposes*`","平和的な`*目的*で`","2023/9/9 7:15","2024/7/25 3:06"
4917,5503,"study human *behavior*","人間の*行動*を研究する","2023/9/9 7:15","2024/7/25 3:06"
4918,5504,"*lack* of food","食糧*不足*","2023/9/9 7:15","2024/7/25 3:07"
4919,5505,"learn basic *skills*","基本的な*技術*を学ぶ","2023/9/9 7:15","2024/7/25 3:07"
4920,5506,"the sound *quality* of the CD","CDの音*質*","2023/9/9 7:15","2024/7/25 3:08"
4921,5507,"`the` natural `*environment*`","自然`*環境*`","2023/9/9 7:15","2024/7/25 3:08"
4922,5508,"`play` an important `*role*`","重要な`*役割*を果たす`","2023/9/9 7:15","2024/7/25 3:09"
4923,5509,"a positive `*attitude* toward` life","人生`に対する`前向きな`*態度*`","2023/9/9 7:15","2024/7/25 3:10"
4924,5510,"the *author* of this passage","この文章の*著者*","2023/9/9 7:15","2024/7/25 3:10"
4925,5511,"scientific *research*","科学的な*研究*","2023/9/9 7:15","2024/7/25 3:11"
4926,5512,"an `*opportunity* to` talk to her","彼女と話す`*機会*`","2023/9/9 7:15","2024/7/25 3:11"
4927,5513,"a *source* of information","情報*源*","2023/9/9 7:15","2024/7/25 3:12"
4928,5514,"*carbon* dioxide","二酸化*炭素*","2023/9/9 7:15","2024/7/25 3:12"
4929,5515,"the *shape* of her nose","彼女の鼻の*形*","2023/9/9 7:15","2024/7/25 3:13"
4930,5516,"the `*advantage* of` membership","会員`の*利点*`","2023/9/9 7:15","2024/7/25 3:13"
4931,5517,"a *method* of teaching English","英語を教える*方法*","2023/9/9 7:15","2024/7/25 3:14"
4932,5518,"be in the *habit* of reading in bed","ベッドで本を読む*習慣*がある","2023/9/9 7:15","2024/7/25 3:14"
4933,5519,"remember the *details* of the story","話を*細部*まで覚えている","2023/9/9 7:15","2024/7/25 3:15"
4934,5520,"within walking *distance* of my house","私の家から歩ける*距離*で","2023/9/9 7:15","2024/7/25 3:15"
4935,5521,"A large *crowd* gathered.","大*群衆*が集まった。","2023/9/9 7:15","2024/7/25 3:16"
4936,5522,"the best known *instance*","最もよく知られた*例*","2023/9/9 7:15","2024/7/25 3:16"
4937,5523,"a strong `*desire* to` be a singer","歌手になりたい`という`強い`*願望*`","2023/9/9 7:15","2024/7/25 3:17"
4938,5524,"the *standard* of living","生活*水準*","2023/9/9 7:15","2024/7/25 3:17"
4939,5525,"a difficult *task*","難しい*仕事*","2023/9/9 7:15","2024/7/25 3:17"
4940,5526,"for future *generations*","未来の*世代*のために","2023/9/9 7:15","2024/7/25 3:17"
4941,5527,"`take *responsibility* for` the accident","事故`の*責任*をとる`","2023/9/9 7:15","2024/7/25 3:19"
4942,5528,"*experiments* with animals","動物を用いる*実験*","2023/9/9 7:15","2024/7/25 3:19"
4943,5529,"a professional *athlete*","プロの*運動選手*","2023/9/9 7:15","2024/7/25 3:19"
4944,5530,"only a *decade* ago","ほんの*10年*前に","2023/9/9 7:15","2024/7/25 3:20"
4945,5531,"a *loss* of $5,000","5,000ドルの*損失*","2023/9/9 7:15","2024/7/25 3:20"
4946,5532,"have a high *fever*","高*熱*を出している","2023/9/9 7:15","2024/7/25 3:20"
4947,5533,"the *theory* of relativity","相対性*理論*","2023/9/9 7:15","2024/7/25 3:21"
4948,5534,"read the following *statement*","次の*記述*を読む","2023/9/9 7:15","2024/7/25 3:21"
4949,5535,"a *professor* at Boston University","ボストン大学の*教授*","2023/9/9 7:15","2024/7/25 3:22"
4950,5536,"the basic *functions* of a computer","コンピュータの基本的*機能*","2023/9/9 7:15","2024/7/25 3:22"
4951,5537,"the *surface* of the earth","地球の*表面*","2023/9/9 7:15","2024/7/25 3:22"
4952,5538,"put the letter in a pink *envelope*","ピンクの*封筒*に手紙を入れる","2023/9/9 7:15","2024/7/25 3:23"
4953,5539,"an international *organization*","国際的な*組織*","2023/9/9 7:15","2024/7/25 3:23"
4954,5540,"Japan’s foreign *policy*","日本の外交*政策*","2023/9/9 7:15","2024/7/25 3:24"
4955,5541,"natural *resources*","天然*資源*","2023/9/9 7:15","2024/7/25 3:24"
4956,5542,"the *contrast* between light and shadow","光と影の*対比*","2023/9/9 7:15","2024/7/25 3:24"
4957,5543,"a *flood* of information","情報の*洪水*","2023/9/9 7:15","2024/7/26 9:17"
4958,5544,"look for a *mate*","*連れ合い*を探す","2023/9/9 7:15","2024/7/26 9:17"
4959,5545,"buying and selling *goods*","*商品*の売り買い","2023/9/9 7:15","2024/7/26 9:18"
4960,5546,"humans and other *creatures*","人間と他の*動物*","2023/9/9 7:15","2024/7/26 9:18"
4961,5547,"changes in social *structure*","社会*構造*の変化","2023/9/9 7:15","2024/7/26 9:18"
4962,5548,"history and *tradition*","歴史と*伝統*","2023/9/9 7:15","2024/7/26 9:19"
4963,5549,"lose *weight*","*体重*を減らす","2023/9/9 7:15","2024/7/26 9:19"
4964,5550,"give money to *charity*","*慈善*のために寄付する","2023/9/9 7:15","2024/7/26 9:19"
4965,5551,"the average American *citizen*","平均的アメリカ*市民*","2023/9/9 7:15","2024/7/26 9:20"
4966,5552,"`make`  a good `*impression* on` him","彼によい`*印象*を与える`","2023/9/9 7:15","2024/7/26 9:20"
4967,5553,"a popular *cartoon* character","人気*マンガ*のキャラクター","2023/9/9 7:15","2024/7/26 9:21"
4968,5554,"a long *career* as an actress","女優としての長い*経歴*","2023/9/9 7:15","2024/7/26 9:21"
4969,5555,"a *site* for a new hotel","新しいホテルの*用地*","2023/9/9 7:15","2024/7/26 9:22"
4970,5556,"train *passengers*","列車の*乗客*","2023/9/9 7:15","2024/7/26 9:22"
4971,5557,"*violence* on TV","テレビにおける*暴力*","2023/9/9 7:15","2024/7/26 9:22"
4972,5558,"low-*income* families","低*所得*の家族","2023/9/9 7:15","2024/7/26 9:23"
4973,5559,"the average *temperature* in Paris","パリの平均*気温*","2023/9/9 7:15","2024/7/26 9:23"
4974,5560,"`the *majority* of` students","`*大多数*の`学生","2023/9/9 7:15","2024/7/26 9:24"
4975,5561,"the *origin* of language","言語の*起源*","2023/9/9 7:15","2024/7/26 9:24"
4976,5562,"study English *literature*","英*文学*を研究する","2023/9/9 7:15","2024/7/26 9:24"
4977,5563,"office *equipment*","オフィスの*設備*","2023/9/9 7:15","2024/7/26 9:25"
4978,5564,"talk to a *stranger*","*見知らぬ人*に話しかける","2023/9/9 7:15","2024/7/26 9:25"
4979,5565,"*strength* and weakness","*強さ*と弱さ","2023/9/9 7:15","2024/7/26 9:25"
4980,5566,"the *planet* Earth","地球という*惑星*","2023/9/9 7:15","2024/7/26 9:26"
4981,5567,"Truth is stranger than *fiction*.","事実は*小説*よりも奇なり。","2023/9/9 7:15","2024/7/26 9:26"
4982,5568,"science and *religion*","科学と*宗教*","2023/9/9 7:15","2024/7/26 9:26"
4983,5569,"environmental *pollution*","環境*汚染*","2023/9/9 7:15","2024/7/26 9:27"
4984,5570,"*wealth* and power","*富*と権力","2023/9/9 7:15","2024/7/26 9:27"
4985,5571,"sign an official *document*","公*文書*にサインする","2023/9/9 7:15","2024/7/26 9:27"
4986,5572,"make a $2 million *profit*","200万ドルの*儲け*を得る","2023/9/9 7:15","2024/7/26 9:28"
4987,5573,"the *technique* of film-making","映画作りの*技術*","2023/9/9 7:15","2024/7/26 9:29"
4988,5574,"express *emotions*","*感情*を表現する","2023/9/9 7:15","2024/7/26 9:29"
4989,5575,"a natural *phenomenon*","自然*現象*","2023/9/9 7:15","2024/7/26 9:29"
4990,5576,"a *horror* movie","*恐怖*映画","2023/9/9 7:15","2024/7/26 9:30"
4991,5577,"climb a *ladder*","*はしご*を登る","2023/9/9 7:15","2024/7/26 9:31"
4992,5578,"8 *billion* people","八*十億*の人々","2023/9/9 7:15","2024/7/26 9:31"
4993,5579,"the social *status* of women","女性の社会的*地位*","2023/9/9 7:15","2024/7/26 9:31"
4994,5580,"modern *youth*","現代の*若者*","2023/9/9 7:15","2024/7/26 9:32"
4995,5581,"have `*confidence* in` my ability","自分の能力`に*自信*`がある","2023/9/9 7:15","2024/7/26 9:32"
4996,5582,"the *edge* of the Pacific Ocean","太平洋の*周辺*","2023/9/9 7:15","2024/7/26 9:33"
4997,5583,"*household* goods","*家庭*用品","2023/9/9 7:15","2024/7/26 9:33"
4998,5584,"a great *scholar*","偉大な*学者*","2023/9/9 7:15","2024/7/26 9:33"
4999,5585,"according to a new *survey*","新しい*調査*によると","2023/9/9 7:15","2024/7/26 9:34"
5000,5586,"a *vocabulary* of 5,000 words","5,000語の*語彙*","2023/9/9 7:15","2024/7/26 9:34"
5001,5587,"a natural *enemy*","天*敵*","2023/9/9 7:15","2024/7/26 9:35"
5002,5588,"a bridge `under *construction*`","`*建設*中の`橋","2023/9/9 7:15","2024/7/26 9:35"
5003,5589,"a `*lecture* on` history","歴史`に関する*講義*`","2023/9/9 7:15","2024/7/26 9:36"
5004,5590,"follow his *instructions*","彼の*指示*に従う","2023/9/9 7:15","2024/7/28 4:10"
5005,5591,"get over the economic *crisis*","経済*危機*を乗り越える","2023/9/9 7:15","2024/7/28 4:10"
5006,5592,"a dentist’s *instrument*","歯医者の*道具*","2023/9/9 7:15","2024/7/28 4:10"
5007,5593,"grow various *crops*","様々な*作物*を育てる","2023/9/9 7:15","2024/7/28 4:11"
5008,5594,"a laser *weapon*","レーザー*兵器*","2023/9/9 7:15","2024/7/28 4:11"
5009,5595,"an electronic *device*","電子*装置*","2023/9/9 7:15","2024/7/28 4:11"
5010,5596,"the `*path* to` victory","勝利`への*道*`","2023/9/9 7:15","2024/7/28 4:12"
5011,5597,"predict *earthquakes*","*地震*を予知する","2023/9/9 7:15","2024/7/28 4:12"
5012,5598,"a clear mountain *stream*","きれいな山の*小川*","2023/9/9 7:15","2024/7/28 4:13"
5013,5599,"the *notion* of freedom","自由の*概念*","2023/9/9 7:15","2024/7/28 4:13"
5014,5600,"a tree in the *yard*","*庭*の木","2023/9/9 7:15","2024/7/28 4:13"
5015,5601,"*victims* of the war","戦争の*犠牲者*","2023/9/9 7:15","2024/7/28 4:14"
5016,5602,"run out of *fuel*","*燃料*を使い果たす","2023/9/9 7:15","2024/7/28 4:14"
5017,5603,"the common *ancestors* of all humans","すべての人類の共通の*祖先*","2023/9/9 7:15","2024/7/28 4:14"
5018,5604,"the rich *soil* of the Nile River","ナイル川の豊かな*土壌*","2023/9/9 7:15","2024/7/28 4:15"
5019,5605,"a *debate* on education","教育についての*討論*","2023/9/9 7:15","2024/7/28 4:15"
5020,5606,"a violent *crime*","凶悪*犯罪*","2023/9/9 7:15","2024/7/28 4:16"
5021,5607,"my friends and *colleagues*","私の友人と*同僚*","2023/9/9 7:15","2024/7/28 4:16"
5022,5608,"take a book from the *shelf*","*棚*から本を取る","2023/9/9 7:15","2024/7/28 4:17"
5023,5609,"`*analysis* of` DNA","DNA`の*分析*`","2023/9/9 7:15","2024/7/28 4:17"
5024,5610,"stars in the *universe*","*宇宙*の星","2023/9/9 7:15","2024/7/28 4:17"
5025,5611,"a machine run by *electricity*","*電気*で動く機械","2023/9/9 7:15","2024/7/28 4:18"
5026,5612,"social *insects* like ants","アリのような社会的*昆虫*","2023/9/9 7:15","2024/7/28 4:18"
5027,5613,"be caught in a spider’s *web*","クモの*巣*にかかる","2023/9/9 7:15","2024/7/28 4:19"
5028,5614,"a heavy *storm*","激しい*嵐*","2023/9/9 7:15","2024/7/28 4:19"
5029,5615,"have `*plenty* of` time","`*十分な*`時間がある","2023/9/9 7:15","2024/7/28 4:20"
5030,5616,"land suitable for *agriculture*","*農業*に向いた土地","2023/9/9 7:15","2024/7/28 4:20"
5031,5617,"the *gene* for eye color","目の色を決める*遺伝子*","2023/9/9 7:15","2024/7/28 4:20"
5032,5618,"*evidence* of life on Mars","火星に生物がいるという*証拠*","2023/9/9 7:15","2024/7/28 4:21"
5033,5619,"`have` serious `*consequences*`","重大な`*結果*を招く`","2023/9/9 7:15","2024/7/28 4:21"
5034,5620,"the mother-*infant* relationship","母親と*幼児*の関係","2023/9/9 7:15","2024/7/28 4:22"
5035,5621,"have no *leisure* time for sports","スポーツをする*暇*がない","2023/9/9 7:15","2024/7/28 4:23"
5036,5622,"the gray *cells* of the brain","灰色の脳*細胞*","2023/9/9 7:15","2024/7/28 4:23"
5037,5623,"have musical *talent*","音楽の*才能*がある","2023/9/9 7:15","2024/7/28 4:23"
5038,5624,"newspaper *advertising*","新聞*広告*","2023/9/9 7:15","2024/7/28 4:24"
5039,5625,"increase `to` some `*extent*`","ある`*程度*まで`増える","2023/9/9 7:15","2024/7/28 4:24"
5040,5626,"take out the *garbage*","*ゴミ*を出す","2023/9/9 7:15","2024/7/28 4:25"
5041,5627,"the *general* public","*一般*大衆","2023/9/9 7:15","2024/7/28 4:25"
5042,5628,"*various* kinds of flowers","*様々な*種類の花","2023/9/9 7:15","2024/7/28 4:25"
5043,5629,"be `*similar* to` each other","お互いに`*似ている*`","2023/9/9 7:15","2024/7/28 4:26"
5044,5630,"a *complete* failure","*完全な*失敗","2023/9/9 7:15","2024/7/28 4:26"
5045,5631,"a *sharp* rise in prices","物価の*急激な*上昇","2023/9/9 7:15","2024/7/28 4:27"
5046,5632,"an *expensive* restaurant","*高価な*レストラン","2023/9/9 7:15","2024/7/31 15:27"
5047,5633,"a *political* leader","*政治的な*指導者","2023/9/9 7:15","2024/7/31 15:28"
5048,5634,"be `*aware* of` the danger","危険`に*気づいている*`","2023/9/9 7:15","2024/7/31 15:29"
5049,5635,"*ancient* Greece and Rome","*古代の*ギリシャとローマ","2023/9/9 7:15","2024/7/31 15:29"
5050,5636,"a *medical* study","*医学の*研究","2023/9/9 7:15","2024/7/31 15:30"
5051,5637,"Water is `*essential* to` life.","水は生命`に*不可欠だ*`。","2023/9/9 7:15","2024/7/31 15:30"
5052,5638,"a *huge* city","*巨大な*都市","2023/9/9 7:15","2024/7/31 15:31"
5053,5639,"a *terrible* accident","*ひどい*事故","2023/9/9 7:15","2024/7/31 15:31"
5054,5640,"*practical* English","*実用的な*英語","2023/9/9 7:15","2024/7/31 15:31"
5055,5641,"the *entire* world","*全*世界","2023/9/9 7:15","2024/7/31 15:32"
5056,5642,"my *favorite* food","私の*一番好きな*食べ物","2023/9/9 7:15","2024/7/31 15:32"
5057,5643,"enjoy a *comfortable* life","*快適な*生活を楽しむ","2023/9/9 7:15","2024/7/31 15:32"
5058,5644,"a *minor* problem","*小さい*問題","2023/9/9 7:15","2024/7/31 15:33"
5059,5645,"a *typical* American family","*典型的な*アメリカの家族","2023/9/9 7:15","2024/7/31 15:33"
5060,5646,"an *ideal* place to live","生活するのに*理想的な*土地","2023/9/9 7:15","2024/7/31 15:34"
5061,5647,"the *principal* cities of Europe","ヨーロッパの*主要な*都市","2023/9/9 7:15","2024/7/31 15:34"
5062,5648,"the most *appropriate* word","最も*適切な*単語","2023/9/9 7:15","2024/7/31 15:35"
5063,5649,"an *empty* bottle","*空の*びん","2023/9/9 7:15","2024/7/31 15:35"
5064,5650,"*rapid* economic growth","*急速な*経済成長","2023/9/9 7:15","2024/7/31 15:35"
5065,5651,"a *mental* illness","*精神の*病","2023/9/9 7:15","2024/7/31 15:36"
5066,5652,"an *excellent* idea","*素晴らしい*アイディア","2023/9/9 7:15","2024/7/31 15:36"
5067,5653,"when it’s `*convenient* for` you","君`の*都合が良い*`ときに","2023/9/9 7:15","2024/7/31 15:37"
5068,5654,"*potential* danger","*潜在的な*危険","2023/9/9 7:15","2024/7/31 15:37"
5069,5655,"*financial* support from the US","アメリカからの*財政的*援助","2023/9/9 7:15","2024/7/31 15:38"
5070,5656,"an *enormous* amount of damage","*莫大な*額の損害","2023/9/9 7:15","2024/7/31 15:38"
5071,5657,"a *rare* stamp","*珍しい*切手","2023/9/9 7:15","2024/7/31 15:38"
5072,5658,"*artificial* intelligence","*人工*知能 (AI)","2023/9/9 7:15","2024/7/31 15:39"
5073,5659,"a *tiny* kitten","*ちっちゃな*子猫","2023/9/9 7:15","2024/7/31 15:39"
5074,5660,"spend *considerable* time","*かなりの*時間を費やす","2023/9/9 7:15","2024/7/31 15:39"
5075,5661,"Her skin is `*sensitive* to` sunlight.","彼女の肌は日光`に*敏感だ*`。","2023/9/9 7:15","2024/7/31 15:41"
5076,5662,"high *intellectual* ability","高度な*知的*能力","2023/9/9 7:15","2024/7/31 15:41"
5077,5663,"Salty food makes you *thirsty*.","塩分の多い食事で*のどが渇く*。","2023/9/9 7:15","2024/7/31 15:41"
5078,5664,"be *polite* to ladies","女性に対して*礼儀正しい*","2023/9/9 7:15","2024/7/31 15:42"
5079,5665,"*accurate* information","*正確な*情報","2023/9/9 7:15","2024/7/31 15:42"
5080,5666,"*rude* behavior","*失礼な*振る舞い","2023/9/9 7:15","2024/7/31 15:43"
5081,5667,"pay *sufficient* attention","*十分な*注意を払う","2023/9/9 7:15","2024/7/31 15:43"
5082,5668,"*urban* life","*都会の*暮らし","2023/9/9 7:15","2024/7/31 15:43"
5083,5669,"*temporary* loss of memory","*一時的な*記憶喪失","2023/9/9 7:15","2024/7/31 15:44"
5084,5670,"a *primitive* society","*原始的な*社会","2023/9/9 7:15","2024/7/31 15:44"
5085,5671,"*permanent* teeth","*永久*歯","2023/9/9 7:15","2024/7/31 15:44"
5086,5672,"the care of *elderly* people","*高齢*者のケア","2023/9/9 7:15","2024/7/31 15:45"
5087,5673,"*severe* winter weather","*厳しい*冬の気候","2023/9/9 7:15","2024/7/31 15:45"
5088,5674,"a *brief* explanation","*簡潔な*説明","2023/9/9 7:15","2024/7/31 15:45"
5089,5675,"a *mobile* society","*流動的な*社会","2023/9/9 7:15","2024/8/2 3:07"
5090,5676,"the *latest* news from China","中国からの*最新の*ニュース","2023/9/9 7:15","2024/8/2 3:08"
5091,5677,"*military* aid to Israel","イスラエルへの*軍事的*援助","2023/9/9 7:15","2024/8/2 3:08"
5092,5678,"*strict* rules","*厳しい*規則","2023/9/9 7:15","2024/8/2 3:08"
5093,5679,"a *solid* state","*固体の*状態","2023/9/9 7:15","2024/8/2 3:09"
5094,5680,"say *stupid* things","*バカな*ことを言う","2023/9/9 7:15","2024/8/2 3:09"
5095,5681,"*biological* weapons","*生物*兵器","2023/9/9 7:15","2024/8/2 3:10"
5096,5682,"*Probably* he won’t come.","*おそらく*彼は来ないだろう。","2023/9/9 7:15","2024/8/2 3:10"
5097,5683,"I *hardly* know Bill.","ビルのことは*ほとんど*知ら*ない*。","2023/9/9 7:15","2024/8/2 3:11"
5098,5684,"leave *immediately* after lunch","昼食後*すぐに*出発する","2023/9/9 7:15","2024/8/2 3:11"
5099,5685,"He *eventually* became president.","*ついに*彼は大統領になった。","2023/9/9 7:15","2024/8/2 3:12"
5100,5686,"a *frequently* used word","*しばしば*使われる言葉","2023/9/9 7:15","2024/8/2 3:12"
5101,5687,"an *extremely* difficult problem","*非常に*難しい問題","2023/9/9 7:15","2024/8/2 3:13"
5102,5688,"*gradually* become colder","*だんだん*冷たくなる","2023/9/9 7:15","2024/8/2 3:13"
5103,5689,"*instantly* recognizable songs","*すぐに*それと分かる歌","2023/9/9 7:15","2024/8/2 3:14"
5104,5690,"He is rich; *nevertheless* he is unhappy.","彼は金持ちだが、*それも関わらず*、不幸だ。","2023/9/9 7:15","2024/8/2 3:16"
5105,5691,"He’s kind; *moreover*, he’s strong.","彼は親切で、*その上*強い。","2023/9/9 7:15","2024/8/2 3:17"
5106,5692,"*relatively* few people","*比較的*少数の人々","2023/9/9 7:15","2024/8/2 3:17"
5107,5693,"an *apparently* simple question","*一見*簡単な問題","2023/9/9 7:15","2024/8/2 3:17"
5108,5694,"I will *definitely* not marry you.","*絶対*あなたとは結婚しない。","2023/9/9 7:15","2024/8/2 3:18"
5109,5695,"*largely* because of the problem","*主に*その問題のせいで","2023/9/9 7:15","2024/8/2 3:19"
5110,5696,"The class is *mostly* Japanese.","クラスの*大部分は*日本人だ。","2023/9/9 7:15","2024/8/2 3:19"
5111,5697,"*approximately* 10,000 years ago","*およそ*1万年前","2023/9/9 7:15","2024/8/2 3:20"
5112,5698,"stay *overnight* in his house","彼の家で*一晩*泊まる","2023/9/9 7:15","2024/8/2 3:20"
5113,5699,"*accidentally* discover an island","*偶然*島を発見する","2023/9/9 7:15","2024/8/2 3:21"
5114,5700,"He lost *despite* his efforts.","努力*にもかかわらず*彼は負けた","2023/9/9 7:15","2024/8/2 3:21"
5115,5701,"*proceed* straight ahead","まっすぐ前に*進む*","2023/9/9 7:15","2024/8/2 3:22"
5116,5702,"*ensure* the safety of drivers","ドライバーの安全*を確保する*","2023/9/9 7:15","2024/8/2 3:23"
5117,5703,"*interpret* the meaning of the word","その言葉の意味*を解釈する*","2023/9/9 7:15","2024/8/2 3:23"
5118,5704,"Some countries `*ceased* to` exist.","いくつかの国は存在`*しなくなった*`。","2023/9/9 7:15","2024/8/2 3:24"
5119,5705,"*ban* smoking in public places","公共の場の喫煙*を禁ずる*","2023/9/9 7:15","2024/8/2 3:25"
5120,5706,"*obey* the law","法*に従う*","2023/9/9 7:15","2024/8/2 3:26"
5121,5707,"*eliminate* the need for paper","紙の必要性*をなくす*","2023/9/9 7:15","2024/8/2 3:26"
5122,5708,"*resist* pressure from above","上からの圧力*に抵抗する*","2023/9/9 7:15","2024/8/2 3:27"
5123,5709,"*accompany* the president","大統領*に同伴する*","2023/9/9 7:15","2024/8/2 3:28"
5124,5710,"*commit* a crime","犯罪*を犯す*","2023/9/9 7:15","2024/8/2 3:29"
5125,5711,"*pursue* the American Dream","アメリカンドリーム*を追い求める*","2023/9/9 7:15","2024/8/2 3:29"
5126,5712,"`*demonstrate* that` it is possible","それが不可能な`こと*を示す*`","2023/9/9 7:15","2024/8/2 3:31"
5127,5713,"I *bet* you’ll win.","*きっと*君は勝つ*と思う*。","2023/9/9 7:15","2024/8/2 3:31"
5128,5714,"*ruin* his life","彼の人生*を破滅させる*","2023/9/9 7:15","2024/8/2 3:32"
5129,5715,"`*threaten* to` tell the police","警察に言う`*と脅す*`","2023/9/9 7:15","2024/8/2 3:32"
5130,5716,"a bookcase `*attached* to` the wall","壁`に*取り付けられた*`本棚","2023/9/9 7:15","2024/8/2 3:33"
5131,5717,"*reverse* the positions","立場*を逆転する*","2023/9/9 7:15","2024/8/2 3:33"
5132,5718,"*restrict* freedom of speech","言論の自由*を制限する*","2023/9/9 7:15","2024/8/2 3:34"
5133,5719,"The body is `*composed* of` cells.","体は細胞`で*構成さ*れている`。","2023/9/9 7:15","2024/8/2 3:35"
5134,5720,"*lean* against the wall","壁に*もたれる*","2023/9/9 7:15","2024/8/2 3:35"
5135,5721,"`*substitute*` margarine `for` butter","マーガリンをバター`の*代わりに用いる*`","2023/9/9 7:15","2024/8/4 1:07"
5136,5722,"*trace* human history","人類の歴史*をたどる*","2023/9/9 7:15","2024/8/4 1:07"
5137,5723,"*interrupt* their conversation","彼らの会話*を邪魔する*","2023/9/9 7:15","2024/8/4 1:08"
5138,5724,"*confront* a difficult problem","困難な問題*に立ち向かう*","2023/9/9 7:15","2024/8/4 1:09"
5139,5725,"This example *illustrates* his ability.","この例が彼の能力*を示す*。","2023/9/9 7:15","2024/8/4 1:11"
5140,5726,"`*arrest*` him `for` speeding","スピード違反で彼`*を逮捕する*`","2023/9/9 7:15","2024/8/4 1:12"
5141,5727,"*stimulate* the imagination","想像力*を刺激する*","2023/9/9 7:15","2024/8/4 1:12"
5142,5728,"`*assure*` you `that` you will win","君が勝つこと`*を保証する*`","2023/9/9 7:15","2024/8/4 1:13"
5143,5729,"*consult* a doctor for advice","医者*に相談して*助言を求める","2023/9/9 7:15","2024/8/4 1:14"
5144,5730,"feel too *depressed* to go out","*憂鬱で*出掛ける気がしない","2023/9/9 7:15","2024/8/4 1:15"
5145,5731,"`*crash* into` the wall","壁`に*激突する*`","2023/9/9 7:15","2024/8/4 1:15"
5146,5732,"`*inspire*` him `to` write a poem","彼に詩を書く`*気を起こさせる*`","2023/9/9 7:15","2024/8/4 1:17"
5147,5733,"`*specialize* in` Chinese history","中国史`を*専攻する*`","2023/9/9 7:15","2024/8/4 1:17"
5148,5734,"*cultivate* plants","植物*を栽培する*","2023/9/9 7:15","2024/8/4 1:18"
5149,5735,"*fulfill* the promise","約束*を果たす*","2023/9/9 7:15","2024/8/4 1:18"
5150,5736,"*transmit* messages","メッセージ*を伝える*","2023/9/9 7:15","2024/8/4 1:19"
5151,5737,"*found* a computer company","コンピュータ会社*を設立する*","2023/9/9 7:15","2024/8/4 1:19"
5152,5738,"*Clap* your hands as you sing.","歌いながら手*をたたき*なさい。","2023/9/9 7:15","2024/8/4 1:20"
5153,5739,"`*burst* into` tears","`*急に*`泣き`*出す*`","2023/9/9 7:15","2024/8/4 1:21"
5154,5740,"`*bow* to` the queen","女王様`に*おじぎする*`","2023/9/9 7:15","2024/8/4 1:21"
5155,5741,"`*dismiss*` the idea `as` nonsense","その考えを馬鹿らしい`と*無視する*`","2023/9/9 7:15","2024/8/4 1:22"
5156,5742,"how to *breed* animals","動物*を繁殖させる*方法","2023/9/9 7:15","2024/8/4 1:23"
5157,5743,"`*prohibit*` children `from` working","子どもが働くの`*を禁じる*`","2023/9/9 7:15","2024/8/4 1:24"
5158,5744,"`be *obliged* to` pay the price","対価を支払わ`*ざるを得ない*`","2023/9/9 7:15","2024/8/4 1:25"
5159,5745,"`*qualify* for` the position","その地位`に*適任である*`","2023/9/9 7:15","2024/8/4 1:26"
5160,5746,"`*invest*` money `in` a business","ビジネス`に`お金`*を投資する*`","2023/9/9 7:15","2024/8/4 1:27"
5161,5747,"*grasp* what he is saying","彼の言うこと*を理解する*","2023/9/9 7:15","2024/8/4 1:28"
5162,5748,"The building *collasped*.","建物が*倒壊した*。","2023/9/9 7:15","2024/8/4 1:28"
5163,5749,"*overlook* the fact","事実*を見逃す*","2023/9/9 7:15","2024/8/4 1:28"
5164,5750,"`*accuse*` him `of` lying","彼が嘘をついた`と*非難する*`","2023/9/9 7:15","2024/8/4 1:29"
5165,5751,"be *frustrated* by the lack of money","金がなくて*欲求不満になる*","2023/9/9 7:15","2024/8/4 1:29"
5166,5752,"`*deprive*` him `of` the chance","彼からチャンス`を*奪う*`","2023/9/9 7:15","2024/8/4 1:31"
5167,5753,"an *astonishing* memory","*驚異的な*記憶力","2023/9/9 7:15","2024/8/4 1:31"
5168,5754,"*register* a ner car","新車*を登録する*","2023/9/9 7:15","2024/8/4 1:31"
5169,5755,"The fact `*corresponds* to` my theory.","その事実は私の理論`と*一致する*`。","2023/9/9 7:15","2024/8/4 1:32"
5170,5756,"*cast* a shadow on the wall","壁に影*を投げかける*","2023/9/9 7:15","2024/8/4 1:35"
5171,5757,"`*attribute*` success `to` luck","成功は幸運`*のおかげだと思う*`","2023/9/9 7:15","2024/8/4 1:38"
5172,5758,"*neglect* human rights","人権*を無視する*","2023/9/9 7:15","2024/8/4 1:38"
5173,5759,"feed *starving* children","*餓えた*子どもたちに食事を与える","2023/9/9 7:15","2024/8/4 1:39"
5174,5760,"*resolve* disagreements","意見の不一致*を解決する*","2023/9/9 7:15","2024/8/4 1:40"
5175,5761,"`*impose*` rules `on` students","学生`に`規則`*を押しつける*`","2023/9/9 7:15","2024/8/4 1:41"
5176,5762,"`*convert*` sunlight `into` electricity","太陽の光を電気`に*転換する*`","2023/9/9 7:15","2024/8/4 1:42"
5177,5763,"The noise *scares* him.","その音が彼*をおびえさせる*","2023/9/9 7:15","2024/8/4 1:42"
5178,5764,"Cars *constitute* 10% of exports.","車が輸出の10%*を占める*","2023/9/9 7:15","2024/8/4 1:44"
5179,5765,"`be *appointed* to` an important post","重要なポストに*任命される*","2023/9/9 7:15","2024/8/4 1:44"
5180,5766,"What does her smile *imply*?","彼女の微笑みは何*を意味する*のか。","2023/9/9 7:15","2024/8/5 2:22"
5181,5767,"`*assign*` work `to` each member","各メンバー`に`仕事`*を割り当てる*`","2023/9/9 7:15","2024/8/5 2:23"
5182,5768,"*nod* and say “yes”","*うなずいて*「はい」と言う","2023/9/9 7:15","2024/8/5 2:23"
5183,5769,"`be *elected*` president","大統領に*選ばれる*","2023/9/9 7:15","2024/8/5 2:24"
5184,5770,"He was `*transferred* to` Osaka.","彼は大阪`に*転勤した*`。","2023/9/9 7:15","2024/8/5 2:25"
5185,5771,"`*rob*` the bank `of` $50,000","銀行から5万ドル`*奪う*`","2023/9/9 7:15","2024/8/5 2:26"
5186,5772,"*capture* wild animals","野生動物*を捕らえる*","2023/9/9 7:15","2024/8/5 2:27"
5187,5773,"*undertake* the work","仕事*を引き受ける*","2023/9/9 7:15","2024/8/5 2:27"
5188,5774,"save a *drowning* child","*溺れて*いる子どもを救う","2023/9/9 7:15","2024/8/5 2:28"
5189,5775,"*split* into two groups","２つのグループに*分裂する*","2023/9/9 7:15","2024/8/5 2:28"
5190,5776,"`*resort* to` violence","暴力`に*訴える*`","2023/9/9 7:15","2024/8/5 2:29"
5191,5777,"*descend* to the ground","地面に*降りる*","2023/9/9 7:15","2024/8/5 2:30"
5192,5778,"*irritating* noise","*いらいらさせる*騒音","2023/9/9 7:15","2024/8/5 2:34"
5193,5779,"*pronounce* the word correctly","正確にその単語*を発音する*","2023/9/9 7:15","2024/8/5 2:34"
5194,5780,"The car `is *equipped* with` AI.","その車はAI`が*装備さ*れている`。","2023/9/9 7:15","2024/8/5 2:37"
5195,5781,"*cheat* consumers","消費者*を騙す*","2023/9/9 7:15","2024/8/5 2:37"
5196,5782,"A new problem has *emerged*.","新たな問題が*出現した*。","2023/9/9 7:15","2024/8/5 2:38"
5197,5783,"He `*devoted* himself to` his work.","彼は仕事`に身*を捧げた*`。","2023/9/9 7:15","2024/8/5 2:39"
5198,5784,"Time *heals* all wounds.","時はすべての傷*を癒やす*。","2023/9/9 7:15","2024/8/5 2:40"
5199,5785,"`*urge*` him `to` go home","帰宅する`よう`彼*を説得する*","2023/9/9 7:15","2024/8/5 2:41"
5200,5786,"*envy* the rich","金持ち*をうらやむ*","2023/9/9 7:15","2024/8/5 2:41"
5201,5787,"*chase* the car","その車*を追跡する*","2023/9/9 7:15","2024/8/5 2:41"
5202,5788,"*prompt* him to speak","彼に話をするよう*促す*","2023/9/9 7:15","2024/8/5 2:42"
5203,5789,"*withdraw* my hand","手*を引っ込める*","2023/9/9 7:15","2024/8/5 2:42"
5204,5790,"how to *detect* lies","嘘*を発見する*方法","2023/9/9 7:15","2024/8/5 2:43"
5205,5791,"`*interfere* with` his work","仮の仕事`を*邪魔する*`","2023/9/9 7:15","2024/8/5 2:44"
5206,5792,"You must be *kidding*.","*冗談*でしょう。","2023/9/9 7:15","2024/8/5 2:44"
5207,5793,"*launch* a space shuttle","スペースシャトル*を発射する*","2023/9/9 7:15","2024/8/5 2:45"
5208,5794,"an *endangered* species","*絶滅危惧*種","2023/9/9 7:15","2024/8/5 2:45"
5209,5795,"*foster* creativity","創造性*を養う*","2023/9/9 7:15","2024/8/5 2:46"
5210,5796,"His power *diminished*.","彼の力は*衰えた*。","2023/9/9 7:15","2024/8/5 2:47"
5211,5797,"*spill* coffee on the keyboard","キーボードにコーヒー*をこぼす*","2023/9/9 7:15","2024/8/5 2:47"
5212,5798,"be `*infected* with` the virus","ウイルス`に*感染して*いる`","2023/9/9 7:15","2024/8/5 2:48"
5213,5799,"`*stem* from` an ancient tradition","古い伝統`に*由来する*`","2023/9/9 7:15","2024/8/5 2:49"
5214,5800,"*tap* her on the shoulder","彼女の肩*を軽くたたく*","2023/9/9 7:15","2024/8/5 2:50"
5215,5801,"*embrace* a new idea","新しい考え*を受け入れる*","2023/9/9 7:15","2024/8/5 2:50"
5216,5802,"the `*proportion*` of boys `to` girls","男子`と`女子の`*比率*`","2023/9/9 7:15","2024/8/5 2:51"
5217,5803,"sign a `*contract* with` Google","グーグル`との*契約*`にサインする","2023/9/9 7:15","2024/8/5 2:52"
5218,5804,"have *chest* pains","*胸*が痛む","2023/9/9 7:15","2024/8/5 2:52"
5219,5805,"discover *treasure*","*財宝*を発見する","2023/9/9 7:15","2024/8/5 2:53"
5220,5806,"the Tokyo *stock* market","東京*株式*市場","2023/9/9 7:15","2024/8/5 2:53"
5221,5807,"public *facilities*","公共*施設*","2023/9/9 7:15","2024/8/7 1:38"
5222,5808,"a large *sum* of money","多*額*のお金","2023/9/9 7:15","2024/8/7 1:39"
5223,5809,"a man of high *rank*","高い*地位*の人","2023/9/9 7:15","2024/8/7 1:39"
5224,5810,"a modern *democracy*","近代*民主国家*","2023/9/9 7:15","2024/8/7 1:40"
5225,5811,"an *emergency* room","*救急*治療室","2023/9/9 7:15","2024/8/7 1:40"
5226,5812,"`a *protest* against` war","戦争`に対する*抗議*`","2023/9/9 7:15","2024/8/7 1:41"
5227,5813,"*immigrants* from Mexico","メキシコからの*移民*","2023/9/9 7:15","2024/8/7 1:41"
5228,5814,"a *vehicle* for communication","意思伝達の*手段*","2023/9/9 7:15","2024/8/7 1:42"
5229,5815,"a healthy daily *routine*","健康的ないつもの*日課*","2023/9/9 7:15","2024/8/7 1:42"
5230,5816,"write really good *stuff*","本当によい*もの*を書く","2023/9/9 7:15","2024/8/7 1:43"
5231,5817,"sit in the front *row*","最前*列*に座る","2023/9/9 7:15","2024/8/7 1:43"
5232,5818,"your online *profile*","君のオンラインの*プロフィール*","2023/9/9 7:15","2024/8/7 1:43"
5233,5819,"leave home `at *dawn*`","`*夜明け*に`家を出る","2023/9/9 7:15","2024/8/7 1:44"
5234,5820,"social *welfare*","社会*福祉*","2023/9/9 7:15","2024/8/7 1:45"
5235,5821,"see life `from` a new `*perspective*`","新しい`*見方*で`人生を考える","2023/9/9 7:15","2024/8/7 1:45"
5236,5822,"his `*enthusiasm* for` soccer","彼のサッカー`に対する*情熱*`","2023/9/9 7:15","2024/8/7 1:46"
5237,5823,"have `*faith* in` technology","技術`を*信頼*`する","2023/9/9 7:15","2024/8/7 1:47"
5238,5824,"a well-paid *occupation*","給料のよい*職業*","2023/9/9 7:15","2024/8/7 1:47"
5239,5825,"a *witness* to the accident","事故の*目撃者*","2023/9/9 7:15","2024/8/7 1:48"
5240,5826,"the *kingdom* of Denmark","デンマーク*王国*","2023/9/9 7:15","2024/8/7 1:48"
5241,5827,"There’s no English `*equivalent* to` haiku.","俳句`に*相当する*`ものは英語にない。","2023/9/9 7:15","2024/8/7 1:49"
5242,5828,"achieve the *objective*","*目標*を達成する","2023/9/9 7:15","2024/8/7 1:50"
5243,5829,"put the plates in a *pile*","皿を*積み重ね*ておく。","2023/9/9 7:15","2024/8/7 1:50"
5244,5830,"find `*shelter* from` the cold","寒さ`から*逃れる場所*`を見つける","2023/9/9 7:15","2024/8/7 1:52"
5245,5831,"*trial* and error","*試行*錯誤","2023/9/9 7:15","2024/8/7 1:53"
5246,5832,"It’s a great *honor* to work here.","ここで働けるのは大変*名誉*です。","2023/9/9 7:15","2024/8/7 1:53"
5247,5833,"defend a *territory*","*縄張り*を守る","2023/9/9 7:15","2024/8/7 1:53"
5248,5834,"a window *frame*","窓*枠*","2023/9/9 7:15","2024/8/7 1:54"
5249,5835,"cross the Russian *border*","ロシア*国境*を越える","2023/9/9 7:15","2024/8/7 1:54"
5250,5836,"according to official *statistics*","公式の*統計*によると","2023/9/9 7:15","2024/8/7 1:55"
5251,5837,"a private *enterprise*","民間*企業*","2023/9/9 7:15","2024/8/7 1:55"
5252,5838,"the meaning `in` this `*context*`","この`*文脈*における`意味","2023/9/9 7:15","2024/8/7 1:56"
5253,5839,"carry a heavy *load*","重い*荷物*を運ぶ","2023/9/9 7:15","2024/8/7 1:56"
5254,5840,"world *grain* production","世界の*穀物*生産高","2023/9/9 7:15","2024/8/7 1:56"
5255,5841,"a *review* of the law","その法律の*再検討*","2023/9/9 7:15","2024/8/7 1:57"
5256,5842,"*prejudice* against woman","女性に対する*偏見*","2023/9/9 7:15","2024/8/7 2:21"
5257,5843,"put a *strain* on the heart","心臓に*負担*をかける","2023/9/9 7:15","2024/8/7 2:22"
5258,5844,"fall into a *trap*","*罠*にはまる","2023/9/9 7:15","2024/8/7 2:22"
5259,5845,"have a quick *temper*","すぐかっとなる*気性*である","2023/9/9 7:15","2024/8/7 2:23"
5260,5846,"a black *slave*","黒人の*奴隷*","2023/9/9 7:15","2024/8/7 2:23"
5261,5847,"a knife *wound*","ナイフの*傷*","2023/9/9 7:15","2024/8/7 2:23"
5262,5848,"an increase in the *divorce* rate","*離婚*率の増加","2023/9/9 7:15","2024/8/7 2:24"
5263,5849,"the beauty of the *tune*","その*曲*の美しさ","2023/9/9 7:15","2024/8/7 2:24"
5264,5850,"Summer is `at` its `*height*`.","夏`*真っ盛り*`だ","2023/9/9 7:15","2024/8/7 2:25"
5265,5851,"the science *faculty*","理*学部*","2023/9/9 7:15","2024/8/7 2:26"
5266,5852,"the average `life *span*`","平均`*寿命*`","2023/9/9 7:15","2024/8/7 2:26"
5267,5853,"the moral *dimension* of science","科学の道徳的*側面*","2023/9/9 7:15","2024/8/7 2:27"
5268,5854,"the latest *version* of the software","そのソフトの最新*版*","2023/9/9 7:15","2024/8/8 0:24"
5269,5855,"have no *parallel* in history","歴史上*匹敵するもの*がない","2023/9/9 7:15","2024/8/8 0:25"
5270,5856,"the moon rising `on` the `*horizon*`","`*地平線*に`昇る月","2023/9/9 7:15","2024/8/8 0:26"
5271,5857,"friends and *acquaintances*","友人と*知人*","2023/9/9 7:15","2024/8/8 0:26"
5272,5858,"become a `*burden* on` society","社会`の*重荷*`になる","2023/9/9 7:15","2024/8/8 0:27"
5273,5859,"the scientific *basis* of his theory","彼の理論の科学的*根拠*","2023/9/9 7:15","2024/8/8 0:28"
5274,5860,"*poison* gas","*毒*ガス","2023/9/9 7:15","2024/8/8 0:28"
5275,5861,"the *Constitution* of Japan","日本国*憲法*","2023/9/9 7:15","2024/8/8 0:28"
5276,5862,"business *administration*","企業の*経営*","2023/9/9 7:15","2024/8/8 0:29"
5277,5863,"a city full of *charm*","*魅力*にあふれた都市","2023/9/9 7:15","2024/8/8 0:29"
5278,5864,"sense *organs*","感覚*器官*","2023/9/9 7:15","2024/8/8 0:30"
5279,5865,"the *prey* of the lion","ライオンの*餌食*","2023/9/9 7:15","2024/8/8 0:31"
5280,5866,"a joint *venture* with Taiwan","台湾との共同*事業*","2023/9/9 7:15","2024/8/8 0:31"
5281,5867,"carry out a dangerous *mission*","危険な*任務*を果たす","2023/9/9 7:15","2024/8/8 0:32"
5282,5868,"an *inquiry* into the accident","事故に関する*調査*","2023/9/9 7:15","2024/8/8 0:32"
5283,5869,"the Academy *Award* for Best Picture","アカデミー最優秀作品*賞*","2023/9/9 7:15","2024/8/8 0:33"
5284,5870,"a long *strip* of paper","長い紙*切れ*","2023/9/9 7:15","2024/8/8 0:33"
5285,5871,"be in economic *distress*","経済的*苦難*に陥る","2023/9/9 7:15","2024/8/8 0:34"
5286,5872,"increase blood *circulation*","血液の*循環*を高める","2023/9/9 7:15","2024/8/8 0:35"
5287,5873,"keep the beer in the *shade*","ビールを*日陰*に置く","2023/9/9 7:15","2024/8/8 0:35"
5288,5874,"a *stereotype* of Americans","アメリカ人に関する*型にはまったイメージ*","2023/9/9 7:15","2024/8/8 0:41"
5289,5875,"a lawyer and his *client*","弁護士とその*依頼人*","2023/9/9 7:15","2024/8/8 0:42"
5290,5876,"the factory’s *output*","その工場の*生産高*","2023/9/9 7:15","2024/8/8 0:42"
5291,5877,"praise the *Lord*","*神*をたたえる","2023/9/9 7:15","2024/8/8 0:43"
5292,5878,"follow social *conventions*","社会の*慣習*に従う","2023/9/9 7:15","2024/8/8 0:44"
5293,5879,"discover a gold *mine*","金*鉱*を発見する","2023/9/9 7:15","2024/8/8 0:44"
5294,5880,"a traditional Japanese *craft*","日本の伝統*工芸*","2023/9/9 7:15","2024/8/8 0:45"
5295,5881,"the `*core* of` the problem","問題`の*核心*`","2023/9/9 7:15","2024/8/8 0:45"
5296,5882,"have a *stroke*","*脳卒中*になる","2023/9/9 7:15","2024/8/8 0:46"
5297,5883,"America’s last *frontier*","アメリカ最後の*辺境*","2023/9/9 7:15","2024/8/8 0:46"
5298,5884,"He’s popular with his *peers*.","彼は*同僚*に人気だ。","2023/9/9 7:15","2024/8/8 0:47"
5299,5885,"blood *vessels*","血*管*","2023/9/9 7:15","2024/8/8 0:47"
5300,5886,"people with *disabilities*","*障害*を持つ人々","2023/9/9 7:15","2024/8/8 0:48"
5301,5887,"zero *gravity* in space","宇宙の無*重力*状態","2023/9/9 7:15","2024/8/8 0:54"
5302,5888,"a question of medical *ethics*","医学の*倫理*の問題","2023/9/9 7:15","2024/8/8 0:54"
5303,5889,"a railroad *terminal*","鉄道の*終点*","2023/9/9 7:15","2024/8/8 0:55"
5304,5890,"swim against the *tide*","*潮流*に逆らって泳ぐ","2023/9/9 7:15","2024/8/8 0:55"
5305,5891,"child *abuse*","児童*虐待*","2023/9/9 7:15","2024/8/8 0:56"
5306,5892,"feel *guilty* about leaving him","彼を捨てたことに*罪の意識*を感じる","2023/9/9 7:15","2024/8/8 0:56"
5307,5893,"be `*vital* to` human health","人の健康`に*極めて重要だ*`","2023/9/9 7:15","2024/8/8 0:58"
5308,5894,"his *fellow* workers","彼の仕事*仲間*","2023/9/9 7:15","2024/8/8 1:01"
5309,5895,"*contemporary* Japanese society","*現代の*日本社会","2023/9/9 7:15","2024/8/8 1:01"
5310,5896,"his *annual* income","彼の*年*収","2023/9/9 7:15","2024/8/8 1:02"
5311,5897,"become `*accustomed* to` driv`ing`","車の運転`に*慣れる*`","2023/9/9 7:15","2024/8/8 1:03"
5312,5898,"*steady* economic growth","*着実な*経済成長","2023/9/9 7:15","2024/8/10 0:40"
5313,5899,"very *dull* work","とても*退屈な*仕事","2023/9/9 7:15","2024/8/10 0:41"
5314,5900,"I’m `*keen* to` talk to him.","私は彼と話`が*したい*`。","2023/9/9 7:15","2024/8/10 0:41"
5315,5901,"wear *loose* clothes","*ゆったりとした*服を着る","2023/9/9 7:15","2024/8/10 0:42"
5316,5902,"the *delicate* balance of nature","自然界の*微妙な*バランス","2023/9/9 7:15","2024/8/10 0:43"
5317,5903,"*internal* medicine","*内*科","2023/9/9 7:15","2024/8/10 0:43"
5318,5904,"wear *casual* cloths","*気楽な*服装をする","2023/9/9 7:15","2024/8/10 0:44"
5319,5905,"*mature* adults","*成熟した*大人","2023/9/9 7:15","2024/8/10 0:44"
5320,5906,"give a *concrete* example","*具体的な*例をあげる","2023/9/9 7:15","2024/8/10 0:45"
5321,5907,"How *awful*!","なんて*ひどい*！","2023/9/9 7:15","2024/8/10 0:45"
5322,5908,"be *exhausted* from overwork","過労で*疲れ切っている*","2023/9/9 7:15","2024/8/10 0:46"
5323,5909,"part of an *overall* plan","*全体的な*計画の一部","2023/9/9 7:15","2024/8/10 0:46"
5324,5910,"*tight* jeans","*きつい*ジーンズ","2023/9/9 7:15","2024/8/10 0:47"
5325,5911,"the *prime* cause","*主要な*原因","2023/9/9 7:15","2024/8/10 0:47"
5326,5912,"a *genuine* interest in science","科学に対する*真の*関心","2023/9/9 7:15","2024/8/10 0:49"
5327,5913,"a *modest* dress","*控えめな*服装","2023/9/9 7:15","2024/8/10 0:50"
5328,5914,"an *intimate* relationship","*親密な*関係","2023/9/9 7:15","2024/8/10 0:50"
5329,5915,"*minimum* effort","*最小の*努力","2023/9/9 7:15","2024/8/10 0:50"
5330,5916,"*sophisticated* computer technology","*高度な*コンピュータ技術","2023/9/9 7:15","2024/8/10 0:51"
5331,5917,"I have a dog and a cat. `The *latter*` is bigger.","犬と猫を飼っているが、`*後者*`の方が大きい。","2023/9/9 7:15","2024/8/10 0:52"
5332,5918,"a *bitter* experience","*苦い*経験","2023/9/9 7:15","2024/8/10 0:52"
5333,5919,"expressions *peculiar* to English","英語*特有の*表現","2023/9/9 7:15","2024/8/10 0:53"
5334,5920,"a *passive* attitude","*消極的な*態度","2023/9/9 7:15","2024/8/10 0:53"
5335,5921,"different *ethnic* groups","異なる*民族*集団","2023/9/9 7:15","2024/8/10 0:54"
5336,5922,"a person of *noble* birth","*高貴な*生まれの人","2023/9/9 7:15","2024/8/10 0:54"
5337,5923,"make a *vain* effort","*無駄な*努力をする","2023/9/9 7:15","2024/8/10 0:55"
5338,5924,"blame *innocent* people","*罪のない*人々を責める","2023/9/9 7:15","2024/8/10 0:55"
5339,5925,"the *underlying* cause","*根本的な*原因","2023/9/9 7:15","2024/8/10 0:56"
5340,5926,"an *alien* species","*外来*種","2023/9/9 7:15","2024/8/10 0:56"
5341,5927,"be `*relevant* to` the question","その問題`に*関係がある*`","2023/9/9 7:15","2024/8/10 0:57"
5342,5928,"I `am *inclined* to` believe him.","彼の言葉を信じ`*たい気がする*`。","2023/9/9 7:15","2024/8/10 0:58"
5343,5929,"an *awkward* silence","*気まずい*沈黙","2023/9/9 7:15","2024/8/10 0:59"
5344,5930,"That’s a *brilliant* idea!","それは*素晴らしい*アイディアだ！","2023/9/9 7:15","2024/8/10 1:00"
5345,5931,"a *desperate* attempt","*必死の*試み","2023/9/9 7:15","2024/8/10 1:00"
5346,5932,"a *refreshing* drink","*さわやかな*飲み物","2023/9/9 7:15","2024/8/10 1:01"
5347,5933,"I’m *thrilled* to hear your voice.","君の声が聞けて*とてもうれしい*。","2023/9/9 7:15","2024/8/10 1:02"
5348,5934,"her *inner* self","彼女の*内なる*自分","2023/9/9 7:15","2024/8/10 1:02"
5349,5935,"be `*consistent* with` the theory","理論`と*一致する*`","2023/9/9 7:15","2024/8/10 1:03"
5350,5936,"be written in *plain* English","*平易な*英語で書かれている","2023/9/9 7:15","2024/8/10 1:04"
5351,5937,"have *vivid* memories","*鮮やかな*思い出がある","2023/9/9 7:15","2024/8/10 1:04"
5352,5938,"a *miserable* life","*惨めな*生活","2023/9/9 7:15","2024/8/10 1:05"
5353,5939,"a *substantial* number of people","*相当な*数の人々","2023/9/9 7:15","2024/8/10 1:05"
5354,5940,"She is very `*fond* of` reading.","彼女は読書`が*大好きだ*`。","2023/9/9 7:15","2024/8/10 1:06"
5355,5941,"True or *false*?","正しいか*間違い*か","2023/9/9 7:15","2024/8/10 1:06"
5356,5942,"a *lazy* student","*怠惰な*学生","2023/9/9 7:15","2024/8/10 1:07"
5357,5943,"*precisely* at noon","*ちょうど*正午に","2023/9/9 7:15","2024/8/11 3:15"
5358,5944,"She was cooking. *Meanwhile*, I was drinking.","彼女は料理をしていた。*その間*、私は酒を飲んでいた。","2023/9/9 7:15","2024/8/11 3:16"
5359,5945,"disappear *altogether*","*完全に*消滅する","2023/9/9 7:15","2024/8/11 3:17"
5360,5946,"Have you seen him *lately*?","*最近*彼に会いましたか","2023/9/9 7:15","2024/8/11 3:17"
5361,5947,"*barely* survive the war","*かろうじて*戦争を生き延びる","2023/9/9 7:15","2024/8/11 3:18"
5362,5948,"I could *scarcely* believe it.","*ほとんど*信じられ*なかった*。","2023/9/9 7:15","2024/8/11 3:19"
5363,5949,"You’re an adult, so act *accordingly*.","君は大人なのだから*それ相応に*行動しなさい。","2023/9/9 7:15","2024/8/11 3:19"
5364,5950,"*deliberately* ignore him","彼を*わざと*無視する","2023/9/9 7:15","2024/8/11 3:20"
5365,5951,"*beneath* the surface of the water","水面*下で*","2023/9/9 7:15","2024/8/11 3:21"
5366,5952,"The British say “lift,’ *whereas* Americans say “elevator.”","イギリス人は「リフト」と言う*が*、アメリカ人は「エレベータ」と言う。","2023/9/9 7:15","2024/8/11 3:22"
5367,5953,"*declare* independence from Britain","イギリスからの独立*を宣言する*。","2023/9/9 7:15","2024/8/11 3:23"
5368,5954,"*alter* the pattern of behavior","行動パターン*を変える*","2023/9/9 7:15","2024/8/11 3:24"
5369,5955,"Problems `*arise* from` carelessness.","不注意`から`問題が`*生じる*`。","2023/9/9 7:15","2024/8/11 3:24"
5370,5956,"`*transform*` food `into` energy","食べ物をエネルギー`に*変える*`","2023/9/9 7:15","2024/8/11 3:25"
5371,5957,"*defeat* the champion","チャンピオン*を打ち負かす*","2023/9/9 7:15","2024/8/11 3:25"
5372,5958,"*investigate* the cause of the failure","失敗の原因*を調査する*","2023/9/9 7:15","2024/8/11 3:26"
5373,5959,"`*distinguish*` a lie `from` the truth","嘘と真実`*を見分ける*`","2023/9/9 7:15","2024/8/11 3:27"
5374,5960,"*bury* treasure","宝物*を埋める*","2023/9/9 7:15","2024/8/11 3:27"
5375,5961,"`*cope* with` problems","問題`に*うまく対処する*`","2023/9/9 7:15","2024/8/11 3:28"
5376,5962,"This problem often *occurs*.","この問題はしばしば*起こる*。","2023/9/9 7:15","2024/8/11 3:28"
5377,5963,"*accomplish* the difficult task","困難な仕事*をやり遂げる*","2023/9/9 7:15","2024/8/11 3:28"
5378,5964,"Don’t `*hesitate* to` ask questions.","質問するの`を*ためらう*`な。","2023/9/9 7:15","2024/8/11 3:29"
5379,5965,"*endure* great pain","ひどい苦痛*に耐える*","2023/9/9 7:15","2024/8/11 3:30"
5380,5966,"*conclude* that he is OK","彼は大丈夫だ*と結論づける*","2023/9/9 7:15","2024/8/11 3:56"
5381,5967,"*guarantee* your success","君の成功*を保証する*","2023/9/9 7:15","2024/8/11 3:56"
5382,5968,"*dominate* the world economy","世界経済*を支配する*","2023/9/9 7:15","2024/8/11 3:57"
5383,5969,"*confirm* Darwin’s theory","ダーウィンの理論*を裏付ける*","2023/9/9 7:15","2024/8/11 3:57"
5384,5970,"*greet* people with a smile","笑顔で人*に挨拶する*","2023/9/9 7:15","2024/8/11 3:58"
5385,5971,"*entertain* the audience","観客*を楽しませる*","2023/9/9 7:15","2024/8/11 3:58"
5386,5972,"`*defend*` ourselves `against` attack","攻撃`から`自分たち`*を守る*`","2023/9/9 7:15","2024/8/11 3:59"
5387,5973,"`*forbid*` him `to` go out","彼の外出*`を禁じる*`","2023/9/9 7:15","2024/8/11 3:59"
5388,5974,"*broadcast* the concert live","生でコンサート*を放送する*","2023/9/9 7:15","2024/8/11 4:00"
5389,5975,"*sacrifice* everything for love","愛のためすべて*を犠牲にする*","2023/9/9 7:15","2024/8/11 4:01"
5390,5976,"`*punish*` him `for` the crime","その罪`で`彼`*を罰する*`","2023/9/9 7:15","2024/8/11 4:01"
5391,5977,"`*glance* at` the clock","時計`を*チラリと見る*`","2023/9/9 7:15","2024/8/11 4:02"
5392,5978,"*retain* the world title","世界タイトル*を保持する*","2023/9/9 7:15","2024/8/11 4:02"
5393,5979,"*calculate* the cost","コスト*を計算する*","2023/9/9 7:15","2024/8/11 4:03"
5394,5980,"leave a *sinking* ship","*沈む*船から逃げる","2023/9/9 7:15","2024/8/11 4:03"
5395,5981,"*rescue* a man from a fire","火事で人*を救助する*","2023/9/9 7:15","2024/8/11 4:04"
5396,5982,"`*beg*` him `to` come back","彼に帰ってきて`*と乞う*`","2023/9/9 7:15","2024/8/11 4:19"
5397,5983,"`*define*` a day `as` twenty-four hours","1日を24時間`と*定義する*`","2023/9/9 7:15","2024/8/11 4:19"
5398,5984,"It is easy to *deceive* people.","人*を騙す*のは簡単だ。","2023/9/9 7:15","2024/8/11 4:20"
5399,5985,"*convey* information","情報*を伝える*","2023/9/9 7:15","2024/8/11 4:20"
5400,5986,"energy to *sustain* life","生命*を維持する*ためのエネルギー","2023/9/9 7:15","2024/8/11 4:21"
5401,5987,"*purchase* the land","その土地*を購入する*","2023/9/9 7:15","2024/8/11 4:21"
5402,5988,"Memories of the war `*fade* away`.","戦争の記憶が`*薄れる*`。","2023/9/9 7:15","2024/8/11 4:22"
5403,5989,"*regulate* traffic","交通*を規制する*","2023/9/9 7:15","2024/8/11 4:22"
5404,5990,"*distribute* food equally","平等に食料*を分配する*","2023/9/9 7:15","2024/8/11 4:23"
5405,5991,"*enhance* the quality of life","生活の質*を向上させる*","2023/9/9 7:15","2024/8/11 4:23"
5406,5992,"`*chat* with` friends","友だち`と*おしゃべりする*`","2023/9/9 7:15","2024/8/11 4:24"
5407,5993,"Demand *exceeds* supply.","需要が供給*を超える*。","2023/9/9 7:15","2024/8/11 4:24"
5408,5994,"*wipe* the table","テーブル*を拭く*","2023/9/9 7:15","2024/8/11 4:24"
5409,5995,"`*cooperate* with` each other","お互い`に*協力する*`","2023/9/9 7:15","2024/8/11 4:25"
5410,5996,"`*inherit*` genes `from` our parents","親`から`遺伝子`*を受け継ぐ*`","2023/9/9 7:15","2024/8/11 4:26"
5411,5997,"*unite* the Arab world","アラブ世界*を団結させる*","2023/9/9 7:15","2024/8/15 13:09"
5412,5998,"Look before you *leap*.","*跳ぶ*前によく見よ。","2023/9/9 7:15","2024/8/15 13:10"
5413,5999,"*exaggerate* the size of the fish","魚の大きさ*を誇張する*","2023/9/9 7:15","2024/8/15 13:10"
5414,6000,"*conquer* the world","世界*を征服する*","2023/9/9 7:15","2024/8/15 13:11"
5415,6001,"The snow will *melt* soon.","雪はまもなく*溶ける*だろう。","2023/9/9 7:15","2024/8/15 13:11"
5416,6002,"*invade* Poland","ポーランド*に侵入する*","2023/9/9 7:15","2024/8/15 13:11"
5417,6003,"*modify* the plan","計画*を修正する*","2023/9/9 7:15","2024/8/15 13:12"
5418,6004,"*scatter* toys on the floor","床におもちゃ*をばらまく*","2023/9/9 7:15","2024/8/15 13:12"
5419,6005,"*undergo* great changes","大きな変化*を経験する*","2023/9/9 7:15","2024/8/15 13:13"
5420,6006,"*evaluate* online information","オンライン情報*を評価する*","2023/9/9 7:15","2024/8/15 13:16"
5421,6007,"*bend* down to pick up the can","カンを拾おうと*身をかがめる*","2023/9/9 7:15","2024/8/15 13:16"
5422,6008,"The word `*derives* from` Latin.","その単語はラテン語`に*由来する*`。","2023/9/9 7:15","2024/8/15 13:17"
5423,6009,"a girl *screaming* for help","助けを求め*悲鳴を上げる*少女","2023/9/9 7:15","2024/8/15 13:17"
5424,6010,"`*gaze* at` the stars","星`を*見つめる*`","2023/9/9 7:15","2024/8/15 13:18"
5425,6011,"*pray* for a sick child","病気の子供のために*祈る*","2023/9/9 7:15","2024/8/15 13:18"
5426,6012,"*polish* the shoes","靴*を磨く*","2023/9/9 7:15","2024/8/15 13:19"
5427,6013,"`*classify*` man `as` an animal","人間を動物`として*分類する*`","2023/9/9 7:15","2024/8/15 13:19"
5428,6014,"`*assert* that` it is impossible","それは不可能だ`*と主張する*`","2023/9/9 7:15","2024/8/15 13:20"
5429,6015,"*grab* him by the arm","彼の腕*をつかむ*","2023/9/9 7:15","2024/8/15 13:20"
5430,6016,"*fold* a piece of paper","紙*を折りたたむ*","2023/9/9 7:15","2024/8/15 13:21"
5431,6017,"*sweep* the floor","床*を掃く*","2023/9/9 7:15","2024/8/15 13:21"
5432,6018,"*whisper* in her ear","彼女の耳に*ささやく*","2023/9/9 7:15","2024/8/15 13:21"
5433,6019,"*imitate* human behavior","人間の行動*をまねる*","2023/9/9 7:15","2024/8/15 13:22"
5434,6020,"stop and `*stare* at` her","立ち止まって彼女`を*じっと見る*`","2023/9/9 7:15","2024/8/15 13:23"
5435,6021,"*emphasize* the importance of health","健康の大切さ*を強調する*","2023/9/9 7:15","2024/8/15 13:24"
5436,6022,"`get *rid* of` stress","ストレス`*を取り除く*`","2023/9/9 7:15","2024/8/15 13:24"
5437,6023,"*pour* wine into the glass","グラスにワイン*を注ぐ*","2023/9/9 7:15","2024/8/15 13:25"
5438,6024,"*vanish* from sight","視界から*消える*","2023/9/9 7:15","2024/8/15 13:32"
5439,6025,"*restore* the old building","古い建物*を修復する*","2023/9/9 7:15","2024/8/15 13:32"
5440,6026,"`*deserve* to be` punished","罰を受けて`*当然だ*`","2023/9/9 7:15","2024/8/15 13:33"
5441,6027,"a space science *laboratory*","宇宙科学*研究所*","2023/9/9 7:15","2024/8/15 13:34"
5442,6028,"an international *conference*","国際*会議*","2023/9/9 7:15","2024/8/15 13:34"
5443,6029,"cross the American *continent*","アメリカ*大陸*を横断する","2023/9/9 7:15","2024/8/15 13:35"
5444,6030,"national health *insurance*","国民健康*保険*","2023/9/9 7:15","2024/8/15 13:35"
5445,6031,"the *crew* of the space shuttle","スペースシャトルの*乗組員たち*","2023/9/9 7:15","2024/8/15 13:36"
5446,6032,"live in *poverty*","*貧乏な*生活をする","2023/9/9 7:15","2024/8/15 13:36"
5447,6033,"water *shortage*","水*不足*","2023/9/9 7:15","2024/8/15 13:36"
5448,6034,"international *affairs*","国際*情勢*","2023/9/9 7:15","2024/8/15 13:37"
5449,6035,"the only `*exception* to` the rule","その規則`に対する`唯一の`*例外*`","2023/9/9 7:15","2024/8/15 13:38"
5450,6036,"work for `low *wages*`","`安い*賃金*`で働く","2023/9/9 7:15","2024/8/15 13:38"
5451,6037,"knowledge and *wisdom*","知識と*知恵*","2023/9/9 7:15","2024/8/15 13:39"
5452,6038,"pay `*taxes* on` the land","その土地`にかかる*税金*`を払う","2023/9/9 7:15","2024/8/15 13:39"
5453,6039,"human *evolution*","人類の*進化*","2023/9/9 7:15","2024/8/15 13:40"
5454,6040,"the language *barrier*","言葉の*壁*","2023/9/9 7:15","2024/8/15 13:40"
5455,6041,"fall into the same *category*","同じ*範疇*に属する","2023/9/9 7:15","2024/8/15 13:40"
5456,6042,"the family as a social *unit*","社会の*単位*としての家族","2023/9/9 7:15","2024/8/17 9:19"
5457,6043,"the restaurant’s *reputation*","そのレストランの*評判*","2023/9/9 7:15","2024/8/17 9:20"
5458,6044,"the *virtue* of hard work","勤勉の*美徳*","2023/9/9 7:15","2024/8/17 9:21"
5459,6045,"have the `*courage* to` tell the truth","真実を話す`*勇気*`を持つ","2023/9/9 7:15","2024/8/17 9:21"
5460,6046,"feel `*sympathy* for` the victim","犠牲者`に*同情*`する","2023/9/9 7:15","2024/8/17 9:23"
5461,6047,"a labor *union*","労働*組合*","2023/9/9 7:15","2024/8/17 9:23"
5462,6048,"Western *civilization*","西洋*文明*","2023/9/9 7:15","2024/8/17 9:24"
5463,6049,"a 10,000-*volume* library","蔵書一万*冊*の図書館","2023/9/9 7:15","2024/8/17 9:24"
5464,6050,"cherry *blossoms*","桜の*花*","2023/9/9 7:15","2024/8/17 9:24"
5465,6051,"the beginning of a new *era*","新しい*時代*の始まり","2023/9/9 7:15","2024/8/17 9:25"
5466,6052,"`settle` international `*disputes*`","国際`*紛争*を解決する`","2023/9/9 7:15","2024/8/17 9:26"
5467,6053,"the *tourism* industry in Japan","日本の*観光*産業","2023/9/9 7:15","2024/8/17 9:26"
5468,6054,"the history of *mankind*","*人類*の歴史","2023/9/9 7:15","2024/8/17 9:27"
5469,6055,"mass *murder*","大量*殺人*","2023/9/9 7:15","2024/8/17 9:27"
5470,6056,"*landscape* painting","*風景*画","2023/9/9 7:15","2024/8/17 9:28"
5471,6057,"reach the final *destination*","最終*目的地*に着く","2023/9/9 7:15","2024/8/17 9:28"
5472,6058,"tell a `fairy *tale*`","`おとぎ*話*`を話す","2023/9/9 7:15","2024/8/17 9:28"
5473,6059,"political *reform*","政治*改革*","2023/9/9 7:15","2024/8/17 9:29"
5474,6060,"*muscles* and bones","*筋肉*と骨","2023/9/9 7:15","2024/8/17 9:29"
5475,6061,"future *prospects*","将来の*見通し*","2023/9/9 7:15","2024/8/17 9:30"
5476,6062,"run a large *corporation*","大*企業*を運営する","2023/9/9 7:15","2024/8/17 9:30"
5477,6063,"a former British *colony*","元イギリスの*植民地*","2023/9/9 7:15","2024/8/17 9:30"
5478,6064,"a *quarrel with* my wife","妻`との*口論*`","2023/9/9 7:15","2024/8/17 9:31"
5479,6065,"an intellectual *profession*","知的*職業*","2023/9/9 7:15","2024/8/17 9:31"
5480,6066,"unique `*aspects* of` Japanese culture","日本文化`の`ユニークな`*側面*`","2023/9/9 7:15","2024/8/17 9:32"
5481,6067,"a three-minute *pause*","3分間の*休止*","2023/9/9 7:15","2024/8/17 9:33"
5482,6068,"the `*conflict* between` the two sides","その両者`間の*対立*`","2023/9/9 7:15","2024/8/17 9:33"
5483,6069,"white *privilege*","白人の*特権*","2023/9/9 7:15","2024/8/17 9:34"
5484,6070,"economic *prosperity*","経済的*繁栄*","2023/9/9 7:15","2024/8/17 9:34"
5485,6071,"a musical *genius*","音楽の*天才*","2023/9/9 7:15","2024/8/17 9:34"
5486,6072,"plant pumpkin *seeds*","カボチャの*種*をまく","2023/9/9 7:15","2024/8/17 9:35"
5487,6073,"*symptoms* of a cold","風邪の*症状*","2023/9/9 7:15","2024/8/17 9:35"
5488,6074,"his greatest *merit*","彼の最大の*長所*","2023/9/9 7:15","2024/8/17 9:35"
5489,6075,"destroy the ozone *layer*","オゾン*層*を破壊する","2023/9/9 7:15","2024/8/17 9:37"
5490,6076,"a `*clue* to` the mystery","その謎`を解く*手がかり*`","2023/9/9 7:15","2024/8/17 9:38"
5491,6077,"`under` any `*circumstances*`","いかなる`*状況*において`も","2023/9/9 7:15","2024/8/17 9:39"
5492,6078,"the city’s business *district*","その都市の商業*地区*","2023/9/9 7:15","2024/8/17 9:39"
5493,6079,"spend two years in *prison*","*刑務所*で2年過ごす","2023/9/9 7:15","2024/8/17 9:39"
5494,6080,"my traveling *companion*","私の旅行*仲間*","2023/9/9 7:15","2024/8/17 9:40"
5495,6081,"chief *executive* officer","最高*経営責任者* (CEO)","2023/9/9 7:15","2024/8/17 9:40"
5496,6082,"a strong sense of *justice*","強い*正義*感","2023/9/9 7:15","2024/8/17 9:41"
5497,6083,"the check-in *procedure*","チェックインの*手続き*","2023/9/9 7:15","2024/8/17 9:41"
5498,6084,"the sun’s *rays*","太陽*光線*","2023/9/9 7:15","2024/8/17 9:42"
5499,6085,"go to *heaven*","*天国*に昇る","2023/9/9 7:15","2024/8/17 9:42"
5500,6086,"lead a life of *luxury*","*贅沢*な生活を送る","2023/9/9 7:15","2024/8/17 9:43"
5501,6087,"*oxygen* in the air","空気中の*酸素*","2023/9/9 7:15","2024/8/17 9:43"
5502,6088,"lack of *funds*","*資金*不足","2023/9/9 7:15","2024/8/17 9:43"
5503,6089,"the *theme* of the book","その本の*主題*","2023/9/9 7:15","2024/8/17 9:43"
5504,6090,"the `*boundary* between` two countries","二国`間の*境界*`","2023/9/9 7:15","2024/8/17 9:44"
5505,6091,"his `*ambition* to` be a writer","作家になりたい`という`彼の`*熱望*`","2023/9/9 7:15","2024/8/17 9:45"
5506,7135,"What would it feel like to have to stay *at home* every day?","毎日*在宅して*いなければならないというのは、どんな感じだろうか。","2024/12/3 13:06","2024/12/4 17:58"
5507,7129,"My mother wanted me to buy *a couple of* sandwiches on my way home.","母は私に、帰宅の途中で*2個の*サンドイッチを買ってきてもらいたかった。","2024/12/4 16:08","2024/12/4 16:12"
5508,7129,"Take *a couple of* sweaters with you; it might be cold up there.","*2,、3枚の*セーターを持って行きなさい。その上の方は寒いかもしれません。","2024/12/4 16:08","2024/12/4 16:12"
5509,7128,"I handed him *a piece of* paper so that he could write down all the name.","彼がすべての名前を書けるように私は彼に*1枚の*紙を手渡した。","2024/12/4 16:43","2024/12/4 16:43"
5510,7130,"Remember that there are *a number of* places where you can seek help if you need it.","必要なら助けを求めることのできる場所が*いくつも*あることを覚えておきなさい。","2024/12/4 16:49","2024/12/4 16:49"
5511,7131,"I introduced myself in front of *dozens of* new students yesterday.","私は昨日、*何十人もの*新入生の前で自己紹介をした。","2024/12/4 16:52","2024/12/4 16:52"
5512,7132,"Be sure to get *plenty of* sleep; sleep is the key to good health.","*十分な*睡眠をとるようにしなさい。睡眠は健康の鍵なのです。","2024/12/4 17:31","2024/12/4 17:31"
5513,7133,"The recent typhoon did *a great deal of* damage to rice crops.","先ごろの台風は米作に*大きな*被害を与えた。","2024/12/4 17:32","2024/12/4 17:32"
5514,7135,"Please make yourself *at home* during your stay with us.","我が家での滞在中はどうぞ*くつろいで*ください。","2024/12/4 17:58","2024/12/4 17:58"
5515,7135,"Yoshito is completely *at home* in geometry.","ヨシトは幾何学に完璧に*精通して*いる。","2024/12/4 17:58","2024/12/4 17:58"
5516,7136,"Do you think we can get back *in time* for dinner?","私たちは夕食に*間に合うように*戻れると思いますか。","2024/12/5 20:23","2024/12/5 20:23"
5517,7136,"I’m afraid these small changes will have a big impact *in time*.","こうした小さな変化が*やがて*大きな影響を与えるのではないかと思う。","2024/12/5 20:23","2024/12/5 20:23"
5518,7137,"Our car was red because the color was *in fashion* in those days.","当時その色が*はやって*いたので、私たちの車は赤だった。","2024/12/5 20:25","2024/12/5 20:25"
5519,7138,"We have to work harder, or we won’t finish this project *on time*.","私たちはもっと一生懸命に働かねばならない。さもないとこの計画は*時間どおりに*終わらないだろう。","2024/12/5 20:28","2024/12/5 20:28"
5520,7139,"I’m not feeling well and wonder if there is a doctor *on duty* at the hotel.","私は気分がすぐれないのだが、ホテルに*当番*医がいるだろうか。","2024/12/5 20:30","2024/12/5 20:30"
5521,7140,"The traffic was heavy and the buses weren’t running *on schedule*.","交通量が激しく、バスは*予定どおりに*運行していなかった。","2024/12/5 20:31","2024/12/5 20:31"
5522,7141,"It’s important to keep information *up to date*.","情報を常に*最新に*しておくことが大切だ。","2024/12/5 20:34","2024/12/5 20:34"
5523,7142,"From the beginning I *was aware of* this misunderstanding between us.","私は最初から私たちの間のこの誤解*に気がついていた*。","2024/12/6 20:07","2024/12/6 20:07"
5524,7143,"The special golf ball used then *was made of* feathers instead of stone.","そのとき使われた特別なごるふぼーるは石の代わりに羽*でできていた*。","2024/12/6 20:09","2024/12/6 20:09"
5525,7144,"Tina *is capable of* speaking three foreign languages, including German.","ティーナはドイツ語を含む３つの外国語を話すこと*ができる*。","2024/12/6 20:11","2024/12/6 20:11"
5526,7145,"Don’t *be afraid of* making mistakes when you are learning a second language.","第2言語を学習しているときは間違えること*を恐れる*な。","2024/12/6 20:14","2024/12/6 20:14"
5527,7146,"I’ve been thinking, but I’*m* still not *sure about* what I want to do in the fututure.","私はずっと考えているが、いまだに自分が将来したいこと*がわから*ない。","2024/12/6 20:17","2024/12/6 20:17"
5528,7147,"I like the fact that our group *is composed of* different types of individuals.","私たちのグループがさまざまなタイプの個人*で構成されている*という事実を私は気に入っている。","2024/12/6 20:19","2024/12/6 20:19"
5529,7148,"These papers *are based on* his long research.","これらの論文は彼の長年の研究*に基づいている*。","2024/12/6 20:59","2024/12/6 20:59"
5530,7149,"Learning one’s native language *is different from* learning a second language.","母語を学習することは第2言語を学習するの*とは違う*。","2024/12/6 21:03","2024/12/6 21:03"
5531,7150,"Five students *were absent from* school today.","今日、５人の生徒が学校*を欠席していた*。","2024/12/7 13:00","2024/12/7 13:00"
5532,7151,"Millions of Americans *are engaged in* volunteer work for charities.","何百万人ものアメリカ人が慈善団体のボランティア活動*に従事している*。","2024/12/7 13:01","2024/12/7 13:01"
5533,7152,"Parents *are responsible for* taking care of their children.","親には自分たちの子供の面倒を見ること*に対して責任がある*。","2024/12/7 13:03","2024/12/7 13:03"
5534,7153,"Yui *is married to* Hiroki, a dentist.","ゆいは歯科医師のひろき*と結婚している*。","2024/12/7 13:05","2024/12/7 13:05"
5535,7154,"What I cannot understand is why he *is* not *satisfied with* his job.","私が理解できないのは、彼がなぜ自分の仕事*に満足してい*ないのかということだ。","2024/12/7 13:07","2024/12/7 13:07"
5536,7155,"I *was* very *curious about* how my brother lived while he was studying in America.","私は、兄がアメリカに留学中どのように生活したのか*を*とても*知りたかった*。","2024/12/7 13:10","2024/12/7 13:10"
5537,7156,"Maki, who is married, asked her father for financial support though she *is* quite *well off*.","マキは既婚者だが、たいへん*裕福である*のに父親に財政的な支援を求めた。","2024/12/8 10:03","2024/12/8 10:04"
5538,7157,"The weather report says that it*’s likely to* rain this afternoon.","今日の午後は雨が降り*そうだ*と天気予報は伝えている。","2024/12/8 11:07","2024/12/8 11:07"
5539,7158,"The tourist said he *was willing to* pay extra for the double room if it really had a good view.","その旅行者は、本当に良い眺めならダブルルームのための追加料金を払っ*てもかまわない*と言った。","2024/12/8 11:24","2024/12/8 11:24"
5540,7159,"He *was* just *about to* go out when she called.","彼女が電話をかけてきたとき、彼は*今にも*出かけ*ようとしていた*。","2024/12/8 11:26","2024/12/8 11:26"
5541,7160,"His constant hard work *led to* his victory in the competition.","彼の絶え間ない努力が競技会での勝利*につながった*。","2024/12/8 17:53","2024/12/8 17:53"
5542,7161,"The author *referred to* this traditional festival in his new book.","その著者は彼の新刊でこの伝統的な祭り*に言及した*。","2024/12/8 17:57","2024/12/8 17:57"
5543,7161,"He’s still a beginner and has to continually *refer to* manuals to do his work.","彼はまだ新米で、仕事をするのに絶えずマニュアル*を参照し*なければならない。","2024/12/8 17:57","2024/12/8 17:57"
5544,7162,"Cutting down trees eventually *contributed to* global warming.","樹木の伐採は最終的には地球温暖化*の一因となっている*。","2024/12/8 18:05","2024/12/8 18:05"
5545,7163,"The damage from the recent typhoon is estimated to *amount to* billions of yen.","先頃の台風の被害は*総額*数十億円*になる*と推計されている。","2024/12/10 11:50","2024/12/10 11:50"
5546,7164,"It’s important to remember that we all *depend on* various people for different reasons.","私たちは皆、さまざまな理由で色々な人々*に頼っている*ということを覚えておくことが大切だ。","2024/12/10 11:52","2024/12/10 11:52"
5547,7165,"Why don’t you just *focus on* doing what you have to do today, not tomorrow?","明日ではなく今日しなければならないことをするの*に集中し*たらどうですか。","2024/12/10 11:54","2024/12/10 11:54"
5548,7166,"We Japanese *rely on* imports for most of out energy resources.","私たち日本人はエネルギー源のほとんどを輸入品*に頼っている*。","2024/12/10 11:55","2024/12/10 11:55"
5549,7167,"I arrived at the airport just ten minutes before it was time to *get on* the plane.","私は飛行機*に乗る*自国の本の10分前に空港へ到着した。","2024/12/10 11:59","2024/12/10 11:59"
5550,7167,"It is important that students *get on* with their classmates at school.","生徒たちが学校でクラスメートと*仲良くやっていく*ことは重要なことだ。","2024/12/10 11:59","2024/12/10 11:59"
5551,7168,"The child *insisted on* continuing to play in the game despite an injury to her right leg.","その子供は右足の負傷にも関わらず試合でプレーし続ける*と主張した*。","2024/12/10 12:02","2024/12/10 12:02"
5552,7169,"Right now he is *concentrating on* the last part of his paper.","今、彼はレポートの最後の部分*に集中して*いるところだ。","2024/12/10 12:03","2024/12/10 12:03"
5553,7170,"Just tell me what you’re *looking for*, and I might be able to help you find it.","あなたが何*を探して*いるのか教えてください。そうすれば見つける手伝いができるかもしれません。","2024/12/10 12:07","2024/12/10 12:07"
5554,7171,"Drones were used to *search for* missing people after the flood.","洪水の後、行方不明者*を捜す*ためにドローンが使われた。","2024/12/10 12:08","2024/12/10 12:08"
5555,7172,"I have to *prepare for* a test in English scheduled next week.","私は来週に予定されている英語のテスト*の準備をし*なければならない。","2024/12/10 14:07","2024/12/10 14:07"
5556,7173,"My cousin is *thinking of* staying in America and studying English during this summer vacation.","私のいとこは今年の夏休みにアメリカに滞在し、英語を勉強し*ようかと思って*いる。","2024/12/10 14:12","2024/12/10 14:12"
5557,7173,"I need to *think of* at least three more interesting topics for discussion.","私は話し合いのために少なくともあと３つ面白いトピック*を思いつく*必要がある。","2024/12/10 14:12","2024/12/10 14:12"
5558,7173,"Can you *think of* any important advice you received from your parents when you were young?","若い頃両親から受けた何か大切な助言*を思い出す*ことができますか。","2024/12/10 14:12","2024/12/10 14:12"
5559,7174,"In those days, our baseball club *consisted of* about a hundred members.","当時、私たちの野球部は約１００人の部員で成り立っていた。","2024/12/10 14:13","2024/12/10 14:13"
5560,7175,"I remember my grandfather used to regularly *complain about* backache in his later days.","私は、祖父が晩年によく背中の痛み*を訴えて*いたことを覚えている。","2024/12/10 14:16","2024/12/10 14:16"
5561,7176,"Sadly, her aunt *died of* a rare lung disease in her late 40s.","悲しいことに、彼女の叔母は40代後半に珍しい肺の病気*で亡くなった*。","2024/12/10 14:17","2024/12/10 14:17"
5562,7177,"It’s a well-known fact that those who enjoy smoking often *suffer from* lung diseases.","愛煙家の人々がしばしば肺の病気*に苦しむ*ことはよく知られた事実だ。","2024/12/10 14:53","2024/12/10 14:53"
5563,7178,"Japan will face many problems that *result from*  the declining population.","日本は人口減少*から生じる*多くの問題に直面するだろう。","2024/12/10 14:55","2024/12/10 14:55"
5564,7179,"My sister is expected to *graduate from* university next spring.","来春、私の姉は大学*を卒業する*予定だ。","2024/12/10 14:56","2024/12/10 14:56"
5565,7180,"Humans *differ from* other animals in that they can use language.","言語を使えるという点で人間は他の動物*とは異なる*。","2024/12/10 14:58","2024/12/10 14:58"
5566,7181,"The company will surely *recover from* the recent financial crisis.","その会社はきっと最近の財政危機*から立ち直る*だろう。","2024/12/10 14:59","2024/12/10 14:59"
5567,7182,"He left us three years ago, and we haven’t *heard from* him since.","彼は3年前に私たちのもとを去り、それ以来彼*からは連絡が*ない。","2024/12/10 15:01","2024/12/10 15:01"
5568,7183,"Melinda *believed in* Santa Claus until she became ten years old.","メリンダは10歳になるまでサンタクロース*の存在を信じていた*。","2024/12/10 15:03","2024/12/10 15:03"
5569,7184,"We appreciate your support; without it, we couldn’t have *succeeded in* our new project.","私たちはあなたの支援に感謝しています。それがなければ、私たちは新プロジェクト*を成功させ*られなかったでしょう。","2024/12/10 15:05","2024/12/10 15:05"
5570,7185,"Zuri is an exchange student from Kenya who *majors in* Japanese Studies.","ズリは日本学*を専攻する*ケニアからの交換留学生だ。","2024/12/11 10:42","2024/12/11 10:42"
5571,7186,"The beautiful forests surrounding those houese *abound in* mushrooms and berries.","あの家々を囲んでいる美しい森はキノコとベリー*が豊富だ*。","2024/12/11 10:46","2024/12/11 10:46"
5572,7187,"My father doesn’t *care about* clothes much when he goes out.","私の父は出かけるときにあまり服装*を気にし*ない。","2024/12/11 10:48","2024/12/11 10:48"
5573,7188,"Climate change has *brought about* rainfall shortages even in areas which used to be wet.","気候変動は以前に雨の多かった地域においてさえ降雨不足を*引き起こしている*。","2024/12/11 11:06","2024/12/11 11:06"
5574,7189,"These two books *deal with* similar topics, but their conclusions are different from each other.","その2冊の本は似たような主題*を扱っている*が、結論は互いに異なっている。","2024/12/11 11:09","2024/12/11 11:09"
5575,7190,"There is no direct flight from Nagoya to San Francisco, so you have to *go through* Los Angeles.","名古屋からサンフランシスコへの直行便がないため、ロサンゼルス*を経由し*なければならない。","2024/12/11 11:49","2024/12/11 11:49"
5576,7190,"Suddenly the child shouted, “Oh, no! I don’t want to *go through* that experience again.”","突然その子どもは、「ダメだ。二度とあんな目*に遭い*たくないよ」と叫んだ。","2024/12/11 11:49","2024/12/11 11:49"
5577,7191,"Maggie is known for her strong will; she would not easily *give up* her dreams.","マギーは強い意志で知られている。彼女は簡単に自分の夢*をあきらめ*ようとはしないだろう。","2024/12/11 12:09","2024/12/11 12:09"
5578,7192,"Bob said he *grew up* in a Los Angeles suburb, where three in ten people spoke Spanish.","ボブは、自分はロサンゼルス郊外で*育ち*、そこでは10人のうち3人がスペイン語を話していたという。","2024/12/11 12:22","2024/12/11 12:22"
5579,7193,"Miki was kind enough to come with the car to *pick* me *up* at the airport.","ミキは親切にも、空港で私*を乗せる*ために車で来てくれた。","2024/12/11 13:55","2024/12/11 13:55"
5580,7194,"I’m a music lover, and my dream is to *set up* a small recording studio at my house.","私は音楽が大好きで、夢は自分の家に小さなレコーディングスタジオ*を作る*ことだ。","2024/12/11 15:10","2024/12/11 15:10"
5581,7195,"I *woke up* just past noon because I stayed up late last night watching TV.","私はテレビを見て昨夜遅くまで起きていたので、ちょうど正午過ぎに*目が覚めた*。","2024/12/11 15:14","2024/12/11 15:14"
5582,7196,"My kid sister has been spending a lot of time *brushing up on* her English lately.","私の妹は最近多くの時間を英語*をやり直す*ことに費やしている。","2024/12/11 15:20","2024/12/11 15:20"
5583,7197,"If you are not feeling well, you’d better see a doctor to *find out* what is wrong.","もし具合が悪いのなら、どこがおかしいのか*を見つける*ために医者に診てもらったほうがいい。","2024/12/11 15:39","2024/12/11 15:39"
5584,7198,"The biologist has been *carrying out* long-term research into the behavior of belugas.","その生物学者はベルーガの生態について長期の調査を*行なってきた*。","2024/12/11 15:44","2024/12/11 15:44"
5585,7199,"I don’t need to *point out* that the food you eat has a direct impact on your health.","あなたの食べるものがあなたの健康に直接影響するということ*を*私が*指摘する*必要はない。","2024/12/11 15:46","2024/12/11 15:46"
5586,7200,"Scientists are trying to *figure out* how the universe came into being.","科学者たちはどのように宇宙が出現したのか*を理解し*ようとしている。","2024/12/11 15:52","2024/12/11 15:52"
5587,7201,"The email address she’d given me *turned out* to be completely wrong.","彼女が私にくれたメールアドレスが全く違っていること*がわかった*。","2024/12/11 16:14","2024/12/11 16:14"
5588,7201,"The speaker said, “Even a rural school *turns out* a competent scientist once in a while.","講演者は「地方の学校でさえ時折有能な科学者*を生み出す*ことがある」と発言した。","2024/12/11 16:14","2024/12/11 16:14"
5589,7201,"Hundreds of villages *turned out* for the circus.","何百人もの村人たちがサーカスに*繰り出した*。","2024/12/11 16:14","2024/12/11 16:14"
5590,7202,"You should always be careful when you *fill out* an application form.","申込書*に書き込む*ときは常に注意深くすべきだ。","2024/12/11 16:27","2024/12/11 16:27"
5591,7203,"Yumi, can you come along with me and help me *pick out* a birthday present for Jon?","ユミ、私と一緒に来て、ジョンの誕生日プレゼント*を選ぶ*のを手伝ったくれますか。","2024/12/11 16:32","2024/12/11 16:32"
5592,7204,"The boy took off the jacket he’d *put on* just a minute before.","その少年はたった1分前に*身につけた*ジャケットを脱いだ。","2024/12/11 16:40","2024/12/11 16:40"
5593,7205,"The boy *worked on* while all the others took a short break.","その少年は他の全員が短い休憩をとっている間に*働き続けた*。","2024/12/12 17:15","2024/12/12 17:15"
5594,7205,"Many scientists today are *working on* AI technology to make our lives better.","今日の多くの科学者たちは、私たちの生活をより良いものにするためにAI技術*に取り組んで*いる。","2024/12/12 17:15","2024/12/12 17:15"
5595,7206,"Why don’t you *try* it *on* to see if it suits you?","あなたに似合うか確かめるのにそれ*を試着し*てはどうですか。","2024/12/12 17:41","2024/12/12 17:41"
5596,7207,"When I *turned on* the TV, our team had already scored two goals.","私がテレビ*をつけた*とき、私たちのチームはすでに2ゴール入れていた。","2024/12/12 18:16","2024/12/12 18:16"
5597,7208,"In the room we were told to *turn off* our smartphones and put them on the desk.","私たちは、部屋ではスマートフォン*の電源を切って*机の上に置くように言われた。","2024/12/12 18:25","2024/12/12 18:25"
5598,7209,"If your shoes hurt, the only thing you can do is *take* them *off* and wear different ones.","もし靴が痛かったら、あなたにできることはそれ*を脱ぎ*、別の靴を履くことだけだ。","2024/12/12 18:32","2024/12/12 18:32"
5599,7209,"Our plane couldn’t *take off* because of bad weather.","私たちの飛行機は悪天候のために*離陸する*ことができなかった。","2024/12/12 18:32","2024/12/12 18:32"
5600,7209,"I’ve decided to *take* tomorrow *off* from work.","私は明日*を*仕事の*休みにする*ことにした。","2024/12/12 18:32","2024/12/12 18:32"
5601,7210,"Since my grandparents live in a rural area, they can’t *get along* without a car.","私の祖父母は田舎に住んでいるので、車なしでは暮らすことができない。","2024/12/12 18:44","2024/12/12 18:44"
5602,7210,"I’ve always *gotten along* well with all my friends.","私は常に友人たち皆と*仲良くやってきた*。","2024/12/12 18:44","2024/12/12 18:44"
5603,7211,"Why not *get together* sometime next week?","来週のいつかに*集まる*のはどうですか。","2024/12/12 18:47","2024/12/12 18:47"
5604,7212,"One of the best ways to *calm* yourself *down* is to take a deep breath.","自分*を落ち着かせる*最善の方法の一つは深呼吸をすることだ。","2024/12/12 19:10","2024/12/12 19:10"
5605,7213,"Can I have a few days to *think* it *over* before deciding?","決める前にそのこと*についてよく考える*ために数日いただけますか。","2024/12/12 19:16","2024/12/12 19:16"
5606,7214,"The air became cooler as we *kept climbing* the mountain.","私たちが山*を登り続ける*につれて空気が冷たくなってきた。","2024/12/12 19:59","2024/12/12 19:59"
5607,7215,"Unless it rains, the athletic meet will *take place* on the playground as scheduled.","雨が降らない限り、予定通りグラウンドで運動会が*開催される*だろう。","2024/12/12 20:02","2024/12/12 20:02"
5608,7216,"Nobody can deny that social media *plays an* important *role in* modern life.","ソーシャルメディアが現代生活*において*重要な*役割を果たしている*ことは誰にも否定できない。","2024/12/13 15:41","2024/12/13 15:41"
5609,7217,"When you leave the room, *make sure* you’ve turned off the lights.","部屋を出るときは電灯を消したこと*を確かめて*ください。","2024/12/13 15:52","2024/12/13 15:52"
5610,7218,"Grammar is the study of the way we bring words together in order to *make sense*.","文法とは、私たちが単語を*意味をなす*ように結び合わせる方法の研究だ。","2024/12/16 10:24","2024/12/16 10:24"
5611,7219,"Where you live can *make a difference* in how long you live.","住んでいる場所によってどのくらい長生きするか*に違いが生じる*ことがある。","2024/12/16 10:26","2024/12/16 10:26"
5612,7220,"It is really difficult to admit that wi have *made a mistake*.","*間違いをした*ことを認めるのは本当に難しい。","2024/12/16 10:27","2024/12/16 10:27"
5613,7221,"Speech-to-text technology has *made* great *progress* in recent years.","話し言葉を文書に変える技術は近年大きく*進歩している*。","2024/12/16 10:30","2024/12/16 10:30"
5614,7222,"Have you *made up your mind* which subjects you will take this school year?","この学年度にどの科目を取るか*決めました*か。","2024/12/16 10:33","2024/12/16 10:33"
5615,7223,"Let’s all *do out best* to make the school festival a success.","学園祭を成功させるために全員で*最善を尽くし*ましょう。","2024/12/16 10:35","2024/12/16 10:35"
5616,7224,"I *kept my promise* to help Emily with her work.","私はエミリーの仕事を手伝うという*約束を守った*。","2024/12/16 10:38","2024/12/16 10:38"
5617,7225,"If you *get lost* in a foreign country, do not hesitate to ask somebody for help.","もし外国で*道に迷った*ら、躊躇せず誰かに助けを求めなさい。","2024/12/16 10:41","2024/12/16 10:41"
5618,7226,"My brother usually *enjoys himself* working out at a gym after work.","兄は普段、仕事の後にジムでトレーニングをして*楽しい時を過ごしている*。","2024/12/16 10:43","2024/12/16 10:43"
5619,7227,"Most of the workers *have* two day *off* each week these days — Saturdays and Sundays.","最近はほとんどんの労働者が毎週、土曜日と日曜日の2日*を休みにしている*。","2024/12/16 10:46","2024/12/16 10:46"
5620,7228,"Everybody, please *pay attention to* what I am going to say!","みなさん、私がこれから言うこと*に注意を払って*ください。","2024/12/16 10:47","2024/12/16 10:47"
5621,7229,"We should *take care of* our health by eating healthy food and doing regular exercise.","私たちは健康的な食事をし、定期的な運動をすることで健康*に気をつける*べきだ。","2024/12/16 17:00","2024/12/16 17:00"
5622,7230,"We’re all really *looking forward to* hearing from you soon.","私たちは皆、あなたから近々便りがあること*を*本当に*楽しみにして*います。","2024/12/16 17:05","2024/12/16 17:05"
5623,7231,"I need to see my teacher and *ask for*  an extension on the essay’s deadline.","私は先生に会って小論文の締切日の延長*を求める*必要がある。","2024/12/16 17:10","2024/12/16 17:10"
5624,7232,"We want to *get rid of* two pieces of furniture before we move into our new house.","私たちは新しい家に引っ越す前に2つの家具*を処分し*たい。","2024/12/16 17:24","2024/12/16 17:24"
5625,7233,"I immediately *fell in love with* the city we visited, and so did my sister.","私はすぐに私たちが訪れた町*を好きになり*、それは妹も同じだった。","2024/12/16 17:27","2024/12/16 17:27"
5626,7234,"I learned from this cookbook what people *used to* eat during the Edo era.","私はこの料理本から江戸時代に人々が何を食べ*ていた*のかを学んだ。","2024/12/16 17:29","2024/12/16 17:29"
5627,7235,"We *had better* make reservations early if we want to travel during the holiday season.","私たちは休暇シーズン中に旅行をしたいのなら、早く予約*したほうがいい*。","2024/12/16 17:31","2024/12/16 17:31"
5628,7236,"My kid brother asked me to *help* him *with* his math homework the other day,","先日、弟は私に彼の数学の宿題*を手伝う*ように頼んできた。","2024/12/16 20:58","2024/12/16 20:58"
5629,7237,"A survey shows that more than half of children *prefer* video games *to* books.","ある調査によれば、子供達の半数以上は本*より*テレビゲーム*を好んでいる*そうだ。","2024/12/16 20:59","2024/12/16 20:59"
5630,7238,"If we use SNS wisely, it has the power to *turn* strangers *into* friends all over the planet.","SNSを懸命に使えば、それには世界中の知らない人たち*を*友達*に変える*力がある。","2024/12/16 21:04","2024/12/16 21:04"
5631,7239,"One of the problems with cellphones is that they can *prevent* us *from* relaxing.","携帯電話の問題の一つは、それらは私たち*が*リラックスするの*を妨げる*可能性があることだ。","2024/12/17 16:11","2024/12/17 16:11"
5632,7240,"This song always *reminds* me *of* the good old days I enjoyed growing up in the countryside.","この歌はいつも私*に*田舎ですくすくと育った古き良き時代のこと*を思い出させる*。","2024/12/17 16:18","2024/12/17 16:18"
5633,7241,"Despite the difficulties, many elderly people *regard* learning foreign languages *as* fun.","困難にも関わらず、多くの高齢者は外国語の学習*を*楽しみ*とみなしている*。","2024/12/17 16:20","2024/12/17 16:20"
5634,7242,"Numerous studies have *associated* marriage *with* a lower risk of disease.","無数の研究が結婚*を*病気にかかるリスクが低いこと*と結びつけて考えてきた*。","2024/12/17 16:22","2024/12/17 16:22"
5635,7243,"Would you mind *informing* me *of* your e-mail address so I can send you the photos from the trip?","旅行の写真を送れるように私*に*あなたのメールアドレス*を知らせて*いただけますか。","2024/12/17 16:24","2024/12/17 16:24"
5636,7244,"*After all*, you are saying you are not coming with me, aren’t you?","*結局*、あなたは私とは一緒に行かないと言っているんですよね。","2024/12/18 17:38","2024/12/18 17:38"
5637,7245,"When I was a child, my parents took me to the zoo *all the time*.","子供の頃、私の両親は私を*いつも*その動物園に連れて行ってくれた。","2024/12/18 17:39","2024/12/18 17:39"
5638,7246,"I ran *all the way* from home but wasn’t in time for the 8:15 express.","私は家から*ずっと*走ったが、8時15分の急行には間に合わなかった。","2024/12/18 17:41","2024/12/18 17:41"
5639,7247,"When we call something a fruit, we necessarily distinguish it from vegetables, meat, dairy, *and so on*.","私たちはあるものを果物と呼ぶ時、それを野菜や肉、乳製品*など*と必ず区別している。","2024/12/18 17:44","2024/12/18 17:44"
5640,7248,"No one likes to be criticized, *and yet* criticism is essential for personal growth.","批判されるのが好きな人はいないが、*それにもかかわらず*批判は個人の成長には不可欠なものだ。","2024/12/18 17:46","2024/12/18 17:46"
5641,7249,"I need to return this book to the library *as* soon *as possible*.","私は*できる限り*早くこの本を図書館に返す必要がある。","2024/12/18 17:47","2024/12/18 17:47"
5642,7250,"The child fell ill and, *as a result*, her mother had to stay home to take care of her.","その子供は病気になり、*結果として*母親は彼女の世話をするために家にいなければならなかった。","2024/12/18 17:49","2024/12/18 17:49"
5643,7251,"I don’t know enough about this problem *as a whole *to propose how to solve it.","私は解決方法を提案するほどにはこの問題*全体*について分かっていない。","2024/12/19 16:03","2024/12/19 16:03"
5644,7252,"We tend to keep doing things *as usual* until some serous changes occur.","私たちは何か深刻な変化が起きるまで*いつも通りに*物事をし続ける傾向がある。","2024/12/19 16:05","2024/12/19 16:05"
5645,7253,"I hear views on the effectiveness of this new medicine are mixed *at best*.","この新薬の有効性に関する見方は*よくても*賛否両論だそうだ。","2024/12/19 16:06","2024/12/19 16:06"
5646,7254,"Our teacher told us to spend *at least* a little time every day studying the language.","私たちの先生は、毎日*少なくとも*少しの時間をその言語の勉強に費やすように私たちに言った。","2024/12/19 16:10","2024/12/19 16:10"
5647,7255,"The gym is a short distance away from my house, a ten-minute walk *at most*.","そのジムは私の家から近いところにあり、*せいぜい*歩いて10分だ。","2024/12/19 16:12","2024/12/19 16:12"
5648,7256,"We were told to enter the room one *at a time* for the interview.","私たちは、面接には*一度に*1人ずつ入室するように言われた。","2024/12/19 16:14","2024/12/19 16:14"
5649,7257,"Oh, this is not what we’ve ordered. Take it back *at once*.","おっと、これは私たちが注文したものではありません。*すぐに*返しなさい。","2024/12/19 16:16","2024/12/19 16:16"
5650,7257,"It’s impossible to meet everyone’s need *at once*.","全員の要求に*同時に*応えることは不可能だ。","2024/12/19 16:16","2024/12/19 16:16"
5651,7258,"I didn’t like the movie *at all*, and Mayu didn’t like it either.","私はその映画を*まったく*気に入らず、マユもそうだった。","2024/12/20 22:31","2024/12/20 22:31"
5652,7258,"I know there are many people who wonder why we need speed bumps *at all* in big cities.","*一体*なぜ大都市にスピードバンプが必要なのかと疑問に思う人がたくさんいることを私は知っている。","2024/12/20 22:31","2024/12/20 22:31"
5653,7258,"Before jumping to a conclusion, let’s check if we need any of those regulations *at all*.","結論を急ぐ前に、*そもそも*そうした規則が何か必要かどうか調べましょう。","2024/12/20 22:31","2024/12/20 22:31"
5654,7259,"*At any rate*, from now on, make sure you have some time off SNS.","*とにかく*、今後は必ずSNSから離れる時間を持つようにしてください。","2024/12/20 22:33","2024/12/20 22:33"
5655,7260,"The researcher selected people for the questionnaire *at random* from telephone directories.","その調査員は電話帳から*無作為に*アンケートのための人々を選び出した。","2024/12/20 22:35","2024/12/20 22:35"
5656,7261,"In a new place, we have to adapt our way of living *more or less* to the local culture.","新しい場所では、私たちは地域の文化に合わせて自分たちの生活の仕方を*多かれ少なかれ*適応させなければならない。","2024/12/20 22:39","2024/12/20 22:39"
5657,7261,"It’s *more or less* impossible to calculate accurately the number of refugees worldwide.","世界中の難民の数を正確に算出することは*ほぼ*不可能だ。","2024/12/20 22:39","2024/12/20 22:39"
5658,7262,"The twins look so much alike that *at times* I can’t tell them apart.","その双子はよく似ていて私は*ときどき*区別ができない。","2024/12/21 6:55","2024/12/21 6:55"
5659,7263,"*Between you and me*, he lost all his money by gambling.","*ここだけの話だが*、彼はギャンブルで全てのお金を失った。","2024/12/21 6:58","2024/12/21 6:58"
5660,7264,"Making things *by hand* has given way to mass production by machine.","*手での*物作りは機械による大量生産に道を譲った。","2024/12/21 10:04","2024/12/21 10:04"
5661,7265,"The other day I took someone’s umbrella *by mistake* since it looked similar to mine.","先日、誰かの傘を*間違って*持って行ってしまった。というのもそれは私のとよく似ていたからだ。","2024/12/21 10:12","2024/12/21 10:12"
5662,7266,"The coach said he was *by no means* satisfied with the way his baseball team played.","コーチは、彼の野球チームのプレーには*全然*満足してい*ない*と言った。","2024/12/21 10:14","2024/12/21 10:14"
5663,7267,"*By the way*, did you attend the lecture given by Professor Yamada?","*ところで*、山田教授の行った講義に出席しましたか。","2024/12/21 10:15","2024/12/21 10:15"
5664,7268,"We spent long hours discussing the matter, but it still remains *far from* settled.","私たちはその問題について長い時間議論したが、依然として解決*からは程遠い*ままだ。","2024/12/21 10:17","2024/12/21 10:17"
5665,7269,"We’ve been walking since the morning, so let’s take a rest *for a while*.","朝からずっと歩いているので、*しばらくの間*休憩を取ろう。","2024/12/22 9:42","2024/12/22 9:42"
5666,7270,"In some parts of the world — the Middle East, *for example* — people are very expressive.","*例えば*中東など、世界の場所によっては、人々はとても表情豊かである。","2024/12/22 9:44","2024/12/22 9:44"
5667,7271,"*For one thing*, the seats are too soft; for another, they are too small for us.","*一つには*、座席が柔らかすぎる。もう一つには、それらは私たちには小さすぎる。","2024/12/22 9:45","2024/12/22 9:45"
5668,7272,"Tom was *in* such *a hurry* to get to the airport that he left without the gift from us.","トムは空港に行くのにとても*急いで*いたので、私たちから贈り物を忘れていった。","2024/12/22 9:54","2024/12/22 9:54"
5669,7273,"*In addition to* being a novelist himself, Soseki taught literature at a university.","漱石は自身が小説家であったこと*に加えて*、大学で文学を教えた。","2024/12/22 9:56","2024/12/22 9:56"
5670,7274,"I’m satisfied, because both sides agree that research needs to continue *in any case*.","私は満足している。というのも、*とにかく*研究は続ける必要があるということで両者が合意しているからだ。","2024/12/22 9:58","2024/12/22 9:58"
5671,7275,"I gave her the document, in which the proposal was explained *in detail*.","私は彼女に資料を提供したが、それは*詳細に*提案が説明されていた。","2024/12/22 9:59","2024/12/22 9:59"
5672,7276,"The Egyptians recognized many gods — hundreds of them, *in fact*.","エジプト人は多くの神々、*実際には*何百もの神々を認識していた。","2024/12/22 10:02","2024/12/22 12:11"
5673,7277,"*In general*, childhood obesity is a problem for rich countries.","*一般に*、小児肥満は豊かな国における問題だ。","2024/12/22 10:16","2024/12/22 10:16"
5674,7277,"This study brutally reveals our altitude toward poverty *in general* in this country.","この研究はこの国の品行に対する私たちの*一般の*姿勢を残酷なまでにあらわにしている。","2024/12/22 10:16","2024/12/22 10:16"
5675,7278,"English is now an international language: *in other words*, it plays an important role in international communication.","英語は今や国際言語だ。*言い換えれば*、それは国際的なコミュニケーションにおいて重要な役割を果たしているということだ。","2024/12/22 10:19","2024/12/22 10:19"
5676,7279,"I think children should be taught how to behave *in public* when they are very young.","子供たちは*人前で*どのように振る舞うべきか、とても幼い頃に教えられるべきだと考える。","2024/12/22 10:20","2024/12/22 10:20"
5677,7280,"We thought everything was going on smoothly, but *in reality*, we were all mistaken.","私たちは、全てのことが順調に言っていると考えていたが、*実際には*私たちは全員間違っていた。","2024/12/22 10:22","2024/12/22 10:22"
5678,7276,"Sue insisted she was there, but, *in fact*, there is enough evidence to show otherwise.","スーはそこにいたと主張したが、*実際は*そうではないことを示す十分な証拠がある。","2024/12/22 12:11","2024/12/22 12:11"
5679,7281,"*In the end*, we decided to go to the beach for a swim.","*結局*、私たちは泳ぎに海辺へ行くことに決めた。","2024/12/22 12:46","2024/12/22 12:46"
5680,7282,"You have to get ready for whatever will happen *in the future*.","あなたは、*将来*起こるどんなことに対しても準備をしておかなければならない。","2024/12/22 12:48","2024/12/22 12:48"
5681,7283,"I’m convinced that buying high-quality items will save us money *in the long run*.","*長い目で見れば*、高品質の商品を買うことはお金の節約になると私は確信している。","2024/12/22 12:50","2024/12/22 12:50"
5682,7284,"In terms of popularity, soccer is *no doubt* the No.1 sport in Japan today.","人気に関しては、サッカーは*おそらく*今日の日本においていちばんのスポーツだろう。","2024/12/23 18:31","2024/12/23 18:31"
5683,7285,"Sadly, he has completely changed; he is *no longer* the Masato we used to know.","悲しいことに、彼はすっかり変わってしまった。彼は*もはや*私たちが昔知っていたあのマサトでは*ない*。","2024/12/23 18:33","2024/12/23 18:33"
5684,7286,"Experience tells me that things do *not always* go the way you want them to.","経験は、物事は*必ずしも*私たちが望むようにはいか*ない*ことを私に教えてくれる。","2024/12/23 18:34","2024/12/23 18:34"
5685,7287,"What *on earth* are you trying to convey to him by writing such a long letter?","あなたはあんなに長い手紙を書いて、*一体全体*彼に何を伝えようとしているのですか。","2024/12/23 18:38","2024/12/23 18:38"
5686,7287,"India is one of the most densely populated countries *on earth*.","インドは*世界中で*最も人口が密集している国の一つだ。","2024/12/23 18:38","2024/12/23 18:38"
5687,7288,"My big brother, *on the other hand*, prefers spending his free time alone reading books.","*他方では*、私の兄は本を読んで自由時間を1人で過ごすことを好む。","2024/12/23 18:39","2024/12/23 18:39"
5688,7289,"Of the houses I’ve checked on the internet *so far*, I think this is the best.","*今までのところ*インターネットで調べた家の中では、私はこれが最高だと思う。","2024/12/23 18:40","2024/12/23 18:40"
5689,7290,"I’m sure we’ll find out the truth *sooner or later*.","私たちは、*遅かれ早かれ*きっと真実を見つけ出すと思う。","2024/12/23 18:41","2024/12/23 18:41"
5690,7291,"*These days* I get up early in the morning and enjoy jogging around the park.","*近頃*私は朝早く起きて、公園の周りをジョギングして楽しんでいる。","2024/12/23 18:43","2024/12/23 18:43"
5691,7292,"*According to* this article, the world is continuing to be urbanized rapidly.","この記事*によれば*、世界は急速に都市化を続けている。","2024/12/23 18:46","2024/12/23 18:46"
5692,7292,"If all goes *according to* plan, the building will have been completed by next spring.","もし全てが計画*に従って*進めば、その建物は来春までには完成しているだろう。","2024/12/23 18:46","2024/12/23 18:46"
5693,7293,"The price of cabbage has gone up sharply, mainly *owing to* the bad weather.","主に悪天候*のために*キャベツの値段が急騰している。","2024/12/23 18:49","2024/12/23 18:49"
5694,7294,"*Thanks to* this book, I finally understood what had happened all those years ago.","この本*のおかげで*、私は過ぎ去りし日々に起きたことをついに理解した。","2024/12/23 18:51","2024/12/23 18:51"
5695,7295,"We all went out and took part in open-air exercise *in spite of* the bad weather.","私たちは全員悪天候*にも関わらず*外に出て、屋外での運動に参加した。","2024/12/23 18:56","2024/12/23 18:56"
5696,7296,"I hear the Japanese word kawaii, meaning cute, is becoming popular *all over* the world.","かわいいを意味する日本語の「かわいい」が世界*中で*人気になっているそうだ。","2024/12/23 18:59","2024/12/23 18:59"
5697,7296,"I don’t know what happened to me, but my body ached *all over* last night.","自分に何が起きたのかわからないが、昨夜は体*中*が痛かった。","2024/12/23 18:59","2024/12/23 18:59"
5698,7297,"*Apart from* being very friendly to us all, David was also a very talented talker.","デイビッドは私たち全員にとても親切であること*のほかに*、話がとても上手な人でもあった。","2024/12/24 7:24","2024/12/24 7:25"
5699,7297,"In the school I entered in America, I hardly knew anybody *apart from* my host sister.","私がアメリカで入学した学校では、私はホストシスター*を除いては*ほとんど誰も知らなかった。","2024/12/24 7:24","2024/12/24 7:25"
5700,7298,"Nobody *aside from* her was able to solve that math problem.","彼女*を除いては*誰もその数学の問題を解くことができなかった。","2024/12/24 7:28","2024/12/24 7:28"
5701,7299,"Today there are some workers who retire *ahead of* their retirement age.","今日では定年*より先に*退職する人もいる。","2024/12/24 7:30","2024/12/24 7:30"
5702,7300,"In the 1930s many Americans moved west *in search of* opportunities.","1930年代、多くのアメリカ人は職の機会*を求めて*西へと移動した。","2024/12/24 7:33","2024/12/24 7:33"
5703,7301,"Right now I’m studying hard *in preparation for* the term exams, which begin next week.","現在、私は来週始まる期末試験*に備えて*一生懸命勉強している。","2024/12/24 7:35","2024/12/24 7:35"
5704,7302,"Technology continues to impact the way people communicate with *each other*.","技術は人々の*互い*のコミュニケーションの取り方に影響を与え続けている。","2024/12/24 11:23","2024/12/24 11:23"
5705,7303,"She resembles her mother *so* much *that* they are often mistaken for each other.","彼女は母親に*非常に*似ている*ので*、しばしば互いに間違われる。","2024/12/24 11:25","2024/12/24 11:25"
5706,7304,"Kento is a fluent speaker of Chinese *as well as* English.","ケントは英語*だけでなく*中国語*も*流暢に話す。","2024/12/24 11:27","2024/12/24 11:27"
5707,7305,"Recycling things is *not only* environmentally friendly *but also* economically sound.","物をリサイクルすることは、環境に優しい*だけでなく*経済的に健全で*も*ある。","2024/12/24 11:31","2024/12/24 11:31"
5708,7306,"I got back just yesterday, although I’m feeling *as if* I’m still in a different time zone.","私は昨日戻ったばかりだ。*まるで*まだ別の時間帯にいる*ような*気分だが。","2024/12/24 11:33","2024/12/24 11:33"
5709,7307,"I’ll be with you, Ken, *as soon as* I’m done with the dishes.","ケン、皿洗いを済ませ*たらすぐに*あなたの所へ行くからね。","2024/12/24 11:35","2024/12/24 11:35"
5710,7308,"I knew from the beginning *something was wrong with* him.","私は最初から彼*はどこか調子が悪い*とわかっていた。","2024/12/24 11:38","2024/12/24 11:38"
5711,7309,"From the age of five, she was *brought up* by her aunt.","彼女は5歳の時からおばに*育てら*れた。","2024/12/24 11:54","2024/12/24 11:54"
5712,7309,"Yumi felt a little uneasy when her parents *brought up* the subject of marriage.","ユミは彼女の両親が結婚の話題*を持ち出した*とき、少し不安に感じた。","2024/12/24 11:54","2024/12/24 11:54"
5713,7310,"The scheduled football game had to be *called off* because of the bad weather.","悪天候のため、予定していたフットボールの試合は*中止さ*れなければならなかった。","2024/12/24 12:07","2024/12/24 12:07"
5714,7311,"My father says he wants to *carry on* working past his retirement age.","私の父は定年を過ぎても働き*続け*たいと言っている。","2024/12/24 12:09","2024/12/24 12:09"
5715,7312,"I believe more changes will *come about* in our way of life owing to global warming.","地球温暖化のために私たちの生活様式により多くの変化が*起こる*だろうと私は信じている。","2024/12/24 12:11","2024/12/24 12:11"
5716,7313,"These newly developed fibers are very economical and easy to *come by*.","この新たに開発された繊維はとても経済的で、*手に入れる*のが簡単だ。","2024/12/24 12:12","2024/12/24 12:12"
5717,7314,"Tom was late to class again and was unable to *come up with* a good excuse for that.","トムはまた授業に遅れ、そのことについてうまい言い訳*を思いつく*ことができなかった。","2024/12/24 12:14","2024/12/24 12:14"
5718,7315,"Modern society should make every effort to *do away with* racial discrimination.","現代社会は人種差別*をなくす*ためにあらゆる努力をすべきだ。","2024/12/24 12:16","2024/12/24 12:16"
5719,7316,"It’s easy to *find fault with* the work of others, but we should know it’s a most shameful act.","他人の仕事*にけちをつける*のは簡単だが、それはとても恥ずかしい行いだということを知るべきだ。","2024/12/24 12:24","2024/12/24 12:24"
5720,7317,"Erika used to be afraid of heights, but she has *gotten over* her fear now.","エリカは以前は高いところが怖かったが、今ではその恐怖*を克服している*。","2024/12/25 10:38","2024/12/25 10:38"
5721,7318,"Maybe we should go to the lost and found and ask if someone *handed* it *in*.","遺失物取扱所に行って、誰かがそれを*届けてくれた*かどうか尋ねてみたらどうだろう。","2024/12/25 10:53","2024/12/25 10:53"
5722,7319,"I’ve found it fun to *learn* something *by heart* — Toson’s beautiful poems, for example.","私は何か*を暗記する*ことは楽しいと気付いた。例えば、藤村の美しい詩などだ。","2024/12/25 18:12","2024/12/25 18:12"
5723,7320,"The police started to *look into* the cause of the accident more carefully.","警察はより慎重に事故の原因*を調べ*始めた。","2024/12/25 18:14","2024/12/25 18:14"
5724,7321,"The clerk was kind enough to *look over* the papers for me before I sent them off.","その職員は私が書類を送る前に親切にもそれらを*ざっと調べて*くれた。","2024/12/25 18:16","2024/12/25 18:16"
5725,7322,"My grandmother *passed away* at age 97, surviving her husband by 15 years.","私の祖母は彼女の夫より15年長生きして、97歳で*亡くなった*。","2024/12/25 18:19","2024/12/25 18:19"
5726,7323,"Jason decided to *put off* taking his summer vacation because he was too busy at work.","ジェイソンは仕事があまりにも忙しかったので、夏休みを取るの*を延期する*ことにした。","2024/12/25 18:21","2024/12/25 18:21"
5727,7324,"*Putting* a model airplane *together* by yourself is easy.","自分でも軽飛行機*を組み立てる*ことは簡単だ。","2024/12/25 18:23","2024/12/25 18:23"
5728,7325,"A sign was *put up* in front of the station to advertise the new store.","その新しい店を宣伝するために駅の正面に看板が*掲げら*れた。","2024/12/25 18:26","2024/12/25 18:26"
5729,7325,"The business school that was hosting me *put* me *up* at a nice hotel near the school.","私を招いてくれたビジネススクールは学校の近くの素晴らしいホテルに私*を泊まらせてくれた*。","2024/12/25 18:26","2024/12/25 18:26"
5730,7326,"There are man inconveniences that have to be *put up with* when you go abroad.","外国へ行くと、*我慢し*なければならない不便なことがたくさんある。","2024/12/25 18:28","2024/12/25 18:28"
5731,7327,"We all feared that a serious economic depression might *set in* after the epidemic.","私たちは皆、伝染病の流行語に深刻な経済不況が*始まる*のではないかと恐れていた。","2024/12/25 18:30","2024/12/25 18:30"
5732,7328,"Which side of your family do you think you *take after*?","あなたは自分が家族のどちらの家系*に似ている*と思いますか。","2024/12/25 18:32","2024/12/25 18:32"
5733,7329,"I believe that education is *of* supreme *importance*, no matter where we live.","どこに住んでいようと教育が最も*重要で*あると私は信じている。","2024/12/25 18:33","2024/12/25 18:33"
5734,7330,"Soon after the party, Kana *set about* cleaning the tables with her sister.","パーティーのすぐ後、カナは妹と一緒にテーブルの片付け*を始めた*。","2024/12/25 18:40","2024/12/25 18:40"
5735,7331,"I couldn’t understand why we had to submit our notebook *along with* our test paper.","どうして私たちはテスト用紙*と一緒に*ノートを提出しなければならないのか、私には理解できなかった。","2024/12/25 18:48","2024/12/25 18:48"
5736,7332,"Mr, Yamada has often appeared on TV *in connection with* Japan’s health care system.","山田さんは日本の保険医療制度*に関連して*テレビにしばしば出演してきた。","2024/12/25 18:51","2024/12/25 18:51"
5737,7333,"We began to get *on board* the plane half an hour before its scheduled takeoff.","私たちは離陸予定時刻の30分前に飛行機*に乗り*始めた。","2024/12/25 18:53","2024/12/25 18:53"
5738,7334,"A sign by the poolside says: “All users must shower *prior to* entering the pool.","プールサイドのそばの看板には「すべての利用者はプールに入る*前に*シャワーを浴びなければならない」と書いてある。","2024/12/25 18:55","2024/12/25 18:55"
5739,7335,"Old friends of mine from elementary school send me e-mails *every once in a while*.","小学校からの古い友人たちは*ときどき*私にEメールを送ってくれる。","2024/12/25 18:56","2024/12/25 18:56"
5740,7336,"The countries facing this economic problem include the US, Canada, and, *above all*, Japan.","この経済問題に直面している国にはアメリカ、カナダ、そして*とりわけ*日本が含まれる。","2024/12/25 18:59","2024/12/25 18:59"
5741,7337,"*All of a sudden*, the electricity went out, and we were left in the dark.","*突然*停電し、私たちは暗闇の中に取り残された。","2024/12/25 19:00","2024/12/25 19:00"
5742,7338,"My mother has a lot of faults, but I love her *all the same*.","私の母にはたくさんの欠点があるが、*それでもやはり*私は母のことを愛している。","2024/12/25 19:02","2024/12/25 19:02"
5743,7339,"*As a rule*, they don’t allow us to take pictures in here; it is specially permitted today.","*普通は*私たちがここの中で写真を撮ることは許されていない。今日は特別に許可されているのだ。","2024/12/26 18:13","2024/12/26 18:13"
5744,7340,"The old lady in her late 90s looked physically very healthy, and mentally active *as well*.","その90代後半の老婦人は肉体的にとても健康に見え、精神的に*もまた*活動的に見えた。","2024/12/26 18:17","2024/12/26 18:17"
5745,7341,"She went out to buy some office supplies a few minutes ago, so she should be back *before long*.","彼女は数分前に事務用品を買いに出かけたので、*間もなく*戻ってくるだろう。","2024/12/26 18:18","2024/12/26 18:18"
5746,7342,"*By degrees*, he began to feel at home in the new environment.","彼は*徐々に*新しい環境で落ち着き始めた。","2024/12/26 18:20","2024/12/26 18:20"
5747,7343,"In most cases, when a language is gone, it is gone *for good*.","多くの場合、ある言語がなくなるとそれは*永久に*失われてしまう。","2024/12/26 18:22","2024/12/26 18:22"
5748,7344,"We’ve used this dishwasher for many years, and *for the most part* it’s worked very well.","私たちは長年にわたってこの食洗機を使ってきた。そして、*大体は*とても順調に動いてきた。","2024/12/26 18:23","2024/12/26 18:23"
5749,7345,"You’re studying too hard, so you should try and take it easy *from time to time*.","あなたは勉強しすぎだから、*ときどきは*のんびりしようとすべきだ。","2024/12/26 18:29","2024/12/26 18:29"
5750,7346,"If you’re planning to visit Kyoto in the fall, you should book your hotel *in advance*.","もし秋に京都を訪れる計画を立てているのなら、*前もって*ホテルを予約すべきだ。","2024/12/26 18:31","2024/12/26 18:31"
5751,7347,"The protesters succeeded in collecting over 200,000 signatures *in all* in just a week.","抗議する人たちはたった一週間で*全部で*20万以上の署名を集めるのに成功した。","2024/12/26 18:33","2024/12/26 18:33"
5752,7348,"Is there anything *in particular* you’d like me to mention in the recommendation letter?","推薦状の中であなたが私に触れて欲しいことは*特に*何かありますか。","2024/12/26 18:34","2024/12/26 18:34"
5753,7349,"This kind of misunderstanding can happen *on occasions* even among good friends.","この種の誤解はたとえ親友同士の間でも*ときどき*起こり得る。","2024/12/26 18:36","2024/12/26 18:36"
5754,7350,"I made that harsh comment *on purpose* to see how he’d respond to it.","私は彼がどのように反応するかを見るために*わざと*あんな厳しいコメントをした。","2024/12/26 18:38","2024/12/26 18:38"
5755,7351,"Late last night, curled up in bed, I read a letter from her *over and over*.","昨夜遅くにベッドで丸くなり、彼女からの手紙を*何度も繰り返し*読んだ。","2024/12/26 18:39","2024/12/26 18:39"
5756,7352,"Mr. Ohta, there’s a man here at the reception who says he has to see you *right away*.","太田さま、*今すぐ*あなたにお会いしたいとおっしゃる男性が、こちら受付にいらっしゃいます。","2024/12/26 18:41","2024/12/26 18:41"
5757,7353,"Those who attended the meeting all *agreed to* the proposal that a new factory be built.","その会議に出席した人たちは皆、新しい工場を建てるという提案*に同意した*。","2024/12/26 18:44","2024/12/26 18:44"
5758,7354,"She wanted me to *agree with* her point of view, but I couldn’t.","彼女は私に彼女の考え彼女は私に彼女の考え方*に同意して*ほしがったが、私にはできなかった。","2024/12/26 18:47","2024/12/26 18:47"
5759,7355,"I’m too busy to go to the bank, so I’m planning to *apply for* internet banking services.","私は忙しくて銀行に行けないので、インターネットバンキング*を申し込む*つもりだ。","2024/12/26 18:49","2024/12/26 18:49"
5760,7356,"What this research has found does not *apply to* people under 40.","この研究が発見したことは40歳未満の人々*には当てはまら*ない。","2024/12/26 18:52","2024/12/26 18:52"
5761,7356,"If you’re *applying to* a university overseas, you’ll need some letters of recommendation.","海外の大学*に出願する*予定なら、何通かの推薦状が必要になるだろう。","2024/12/26 18:52","2024/12/26 18:52"
5762,7357,"Now that you mention it, I do *remember seeing* her on TV quite often.","そう言われてみると、私は頻繁にテレビで彼女*をみたことを*確かに*覚えています*。","2024/12/26 18:54","2024/12/26 18:54"
5763,7358,"I’m going to take a nap. *Remember to* wake me up at four, please.","私は昼寝をします。どうか、*忘れずに*4時に私を起こ*して*ください。","2024/12/26 19:03","2024/12/26 19:03"
5764,7359,"I could not *catch up with* him, as he was running too fast.","私は彼*に追いつく*ことができなかった。というのも彼がとても速く走っていたからだ。","2024/12/26 19:05","2024/12/26 19:05"
5765,7360,"We need to make constant efforts to *keep pace with* what’s happening in the world.","私たちは世界で起きていること*に遅れずについていく*ために絶えず努力する必要がある。","2024/12/26 19:07","2024/12/26 19:07"
5766,7361,"Since I’m not a math person, I find it kind of hard to *keep up with* the rest of the class.","私は数学ができる方ではないので、クラスの他の人たち*に遅れずについていく*のは少し難しいと感じる。","2024/12/26 19:08","2024/12/26 19:08"
5767,7362,"He’s doing his homework, so we’d better *leave* him *alone* for some time.","彼は宿題をしているので、しばらく彼*を放っておく*ほうがいいだろう。","2024/12/26 19:10","2024/12/26 19:10"
5768,7363,"The old man can hardly remember what he had for breakfast this morning, *let alone* two days ago.","その老人は2日前*は言うまでもなく*、今朝朝食に何を食べたのかもほとんど思い出せない。","2024/12/26 19:12","2024/12/26 19:12"
5769,7364,"His explanation about the incident does not *correspond to* what actually happened.","その事故に関する彼の説明は実際に起きたこと*と一致し*ない。","2024/12/26 19:14","2024/12/26 19:14"
5770,7365,"We’re now *corresponding with* a few students in Canada in chat rooms on the internet.","私たちは現在、インターネット上のチャットルームでカナダの数人の生徒*とやりとりをして*いる。","2024/12/26 19:16","2024/12/26 19:16"
5771,7366,"Bill *hit on* a good answer to the question while he was taking a bath.","ビルはお風呂に入っている間にその問題に対する良い答え*を思いついた*。","2024/12/26 19:17","2024/12/26 19:17"
5772,7367,"She’d lived that way all her life, so it never *occurred to her* to act in any other way.","彼女は生まれてからずっとそんなふうに生きてきたので、他の行動を取ることは*彼女には*全く*思いつか*なかった。","2024/12/26 19:19","2024/12/26 19:19"
5773,7368,"It suddenly *dawned on me* that these islands could be covered by the constantly rising sea.","この島々は絶えず上昇している海に覆われてしまう可能性があると言うことが突然*私にわかり始めた*。","2024/12/26 19:21","2024/12/26 19:21"
5774,7369,"Risk management capability is tested when one can *make the best of* a bad situation.","危機管理能力は人が苦境*に最大限対応する*ときに試される。","2024/12/26 19:23","2024/12/26 19:23"
5775,7370,"To *make the most of* the warm weather, we went to the beach.","暖かい天候*を最大限に利用する*ために私たちは海辺に行った。","2024/12/26 19:25","2024/12/26 19:25"
5776,7371,"During the last recession, even the big companies were forced to *lay off* thousands of workers.","この前の不況では、大企業でさえ何千人もの労働者*を一時解雇せ*ざるを得なかった。","2024/12/26 19:27","2024/12/26 19:27"
5777,7372,"We found a good picnic spot and *laid out* our food on a piece of cloth on the ground.","私たちはピクニックに良い場所を見つけ、地面に敷いた布の上に食べ物*を並べた*。","2024/12/26 19:28","2024/12/26 19:28"
5778,7373,"If you *are concerned about* your health problem, you should arrange for a medical checkup.","健康上の問題*について心配している*のなら、健康診断の手配をすべきだ。","2024/12/26 19:35","2024/12/26 19:35"
5779,7374,"This book raises discussions on wide issues *concerned with* gender equality.","この本は性の平等*に関係した*幅広い問題に関する議論を提起している。","2024/12/26 19:37","2024/12/26 19:37"
5780,7375,"Needless to say, water good to drink must *be* clean and *free of* harmful substances.","言うまでもなく、飲料に適した水はきれいで有害物質*を含まない*ものでなければならない。","2024/12/26 19:39","2024/12/26 19:39"
5781,7376,"Now that my uncle is retired from work, he*’s free to* do anything he wants.","私の叔父は退職しているので、したいことをなんでも*自由に*する*ことができる*。","2024/12/26 19:41","2024/12/26 19:41"
5782,7377,"Homesickness *is* probably very *familiar to* anyone who has lived abroad for some time.","ホームシックはおそらく、しばらく海外に住んだことのある人なら誰*に*でも非常に*馴染みのあるもので*あろう。","2024/12/26 19:43","2024/12/26 19:43"
5783,7378,"Most Americans *are familiar with* the Gettysburg Address by Abraham Lincoln.","ほとんどのアメリカ人はエイブラハム・林間によるゲティスバーグの演説*をよく知っている*。","2024/12/26 19:45","2024/12/26 19:45"
5784,7379,"In those days we needed tickets to buy clothing, and the same *was true of* most other necessities.","当時、私たちは衣類を買うチケットが必要で、同じことが他のほとんどの必需品*に当てはまった*。","2024/12/26 19:48","2024/12/26 19:48"
5785,7380,"I think Sakamoto Ryoma *was true to* his philosophy all his life, and I respect him for that.","坂本龍馬は生涯自分の哲学*に忠実だった*と私は思うし、私はそのことで彼を尊敬している。","2024/12/26 19:50","2024/12/26 19:50"
5786,7381,"I*’m* very *tired from* working all day and want to take a good rest now.","私は一日中働きずくめ*で*とても*疲れていて*、今は十分な休憩を取りたい。","2024/12/26 19:52","2024/12/26 19:52"
5787,7382,"I*’m* really *tired of* having the same thing for lunch every day.","私は昼食に毎日同じものを食べること*に*本当に*飽き飽きしている*。","2024/12/26 19:54","2024/12/26 19:54"
5788,7383,"This train *is bound for* San Francisco.","この列車はサンフランシスコ*行きだ*。","2024/12/26 19:56","2024/12/26 19:56"
5789,7384,"I know this kind of misunderstanding *is bound to* happen again in the future.","私はこの種の誤解は将来、*きっと*再び起きるとわかっている。","2024/12/26 19:57","2024/12/26 19:57"
5790,7385,"People in that area *are* always *anxious about* the possibility of another big earthquake in the future.","その地域の人々は常に将来のさらなる大地震の可能性*を心配している*。","2024/12/26 19:59","2024/12/26 19:59"
5791,7386,"The patient *was* very *anxious to* know if the doctor saw any sign of cancer in the X-rays.","その患者は医師がX線でなんらかのがんの兆候を見たのかとても知り*たがった*。","2024/12/26 20:01","2024/12/26 20:01"
5792,7387,"It is feared that the impact of the economic depression will be felt for many years *to come*.","経済不況の影響は*今後*何年にもわたった感じられるだろうと懸念されている。","2024/12/26 20:03","2024/12/26 20:03"
5793,7388,"I’ve finished reading about 80 percent of the book, so I still have about 20 percent *to go*.","私はその本の80%ほどを読み終えたので、まだ*あと*20%ほど残っている。","2024/12/26 20:06","2024/12/26 20:06"
5794,7389,"The boy looked *anything but* happy in his dirty baseball uniform.","少年は汚れた野球のユニフォームを着ていて*全然*嬉しそう*ではな*かった。","2024/12/27 11:38","2024/12/27 11:38"
5795,7390,"It is indeed a shame that we had *nothing but* rain all the while we were staying here.","私たちがここに滞在していた間ずっと雨降り*ばかり*だったのは、本当に残念なことだ。","2024/12/27 11:40","2024/12/27 11:40"
5796,7391,"*At first* I thought he was joking but soon I realized he was dead serious.","*最初は*、私は彼が冗談を言っていると思ったが、すぐに彼は大まじめだとわかった。","2024/12/27 11:42","2024/12/27 11:42"
5797,7392,"It was almost a decade ago that I saw this movie *for the first time* with my father.","私が父と*初めて*この映画を見たのは10年近く前のことだった。","2024/12/27 11:44","2024/12/27 11:44"
5798,7393,"We cannot process information in a neutral way when emotions get *in the way of* truth.","感情が真実*の邪魔に*なるとき、私たちは中立の立場で情報を処理することはできない。","2024/12/27 11:46","2024/12/27 11:46"
5799,7394,"The sign we saw *on the way to* the natural hot spring read: “Beware of bears.”","私たちが天然温泉*へ行く途中で*見た標識には「クマに注意」と書いてあった。","2024/12/27 11:48","2024/12/27 11:48"
5800,7395,"It’s a little past ten; the guests should have arrived *by now*, shouldn’t they?","10時少し過ぎです。お客様は*今はもう*到着しているはずですよね。","2024/12/27 11:50","2024/12/27 11:50"
5801,7396,"I think this amount of work will do *for now*, but I’m not sure about next month.","*今のところは*この量の仕事で間に合うと思うが、来月についてはわからない。","2024/12/27 11:52","2024/12/27 11:52"
5802,7397,"“You don’t like reading fiction very much, do you?” “*On the contrary*, I love it.”","「あなたはフィクションを読むのはあまり好きじゃないでしょう」「*それどころか*、だいすきです」","2024/12/27 11:55","2024/12/27 11:55"
5803,7398,"Despite evidence *to the contrary*, we tend to believe in the accuracy of memories.","*それと反対の*証拠があるのに、私たちは記憶の正確さを信じがちだ。","2024/12/27 11:56","2024/12/27 11:56"
5804,7399,"We couldn’t reach a decision, so our plans are still up *in the air*.","結論に達し得なかったので、私たちの計画は依然として*未決定で*ある。","2024/12/27 14:51","2024/12/27 14:51"
5805,7400,"The English programs *on the air* have been a big help to me in my study of the language.","*放送中の*英語の番組は、私がその言語を勉強するのにとても役立ってきた。","2024/12/27 15:03","2024/12/27 15:03"
5806,7401,"Purely *by chance*, a friend from junior high and I were volunteering at the same organization.","中学時代の友人と私は全く*偶然に*同じ組織でボランティアをしていた。","2024/12/27 15:26","2024/12/27 15:26"
5807,7402,"Do you know their names *by any chance*?","*もしかして*あなたは彼らの名前をご存知ですか。","2024/12/27 15:27","2024/12/27 15:27"
5808,7403,"More and more young Japanese scientists today speak English *as a matter of course*.","今日では、ますます多くの若い日本人科学者たちが*当然のこととして*英語を話す。","2024/12/27 15:29","2024/12/27 15:29"
5809,7404,"“Who has won first prize?” “Well, *as a matter of fact*, I have.”","「誰が一等賞をとりましたか」「ええと、*実を言うと*、私です」","2024/12/27 15:48","2024/12/27 15:48"
5810,7405,"The couple sat down on a lawn *at a distance* from each other.","そのカップルは互いに*距離を置いて*芝生に座った。","2024/12/27 15:49","2024/12/27 15:49"
5811,7406,"The snow-crapped Mt. Fuji was clearly visible *in the distance*.","雪を頂いた富士山が*遠方に*はっきりと見えた。","2024/12/27 15:52","2024/12/27 15:52"
5812,7407,"It was embarrassing that so many people saw me wearing my T-shirt *inside out*.","私がTシャツを*裏返しに*着ているのをそんなにも多くの人に見られたのは恥ずかしいことだった。","2024/12/27 16:18","2024/12/27 16:18"
5813,7408,"The river was flowing so rapidly it turned the canoe *upside down*.","その川の流れはとても速くて、カヌーを*逆さまに*ひっくり返した。","2024/12/27 16:24","2024/12/27 16:24"
5814,7409,"This book *provides* readers *with* information on how to grow various kinds of vegetables.","この本は読者にさまざまな種類の野菜の栽培に関する情報*を提供してくれる*。","2024/12/27 17:25","2024/12/27 17:25"
5815,7410,"The hotel *supplied* me *with* most things I needed until my suitcase arrived.","そのホテルはスーツケースが到着するまで私が必要とするほとんどのもの*を*私*に提供してくれた*。","2024/12/27 17:29","2024/12/27 17:29"
5816,7411,"We often *mistake* a vulture *for* an eagle when in flight.","私たちはよく、飛んでいるハゲタカ*を*ワシ*と間違える*。","2024/12/27 17:31","2024/12/27 17:31"
5817,7412,"Those who saw us in the woods may have *taken* us *for* ghosts or something.","森で私たちを見た人々は、私たちのこと*を*幽霊か何か*だと思った*かもしれない。","2024/12/27 18:02","2024/12/27 18:02"
5818,7413,"Most of us treat pets with huge affection, *looking on* them *as* our beloved companions.","私たちのほとんどはペット*を*私たちの愛する仲間*とみなして*、大きな愛情をもって扱う。","2024/12/27 18:05","2024/12/27 18:05"
5819,7414,"Most high-school students *think of* homework *as* an unpleasant but unavoidable fact of life.","ほとんどの高校生は宿題*を*不快であるが避け難い厳しい現実*と見なしている*。","2024/12/27 18:07","2024/12/27 18:07"
5820,7415,"Today it is often very difficult to *distinguish* accurate *from* inaccurate information.","今日、正確な情報*を*不正確なもの*と区別する*ことはしばしば非常に難しい。","2024/12/27 18:10","2024/12/27 18:10"
5821,7416,"The boy is ten, so he should be old enough to *tell* right *from* wrong.","その少年は10歳だから、正しいこと*を*間違ったこと*と区別して*もいい歳だ。","2024/12/27 18:12","2024/12/27 18:12"
5822,7417,"Last weekend I *participated in* a beach cleanup activity as a volunteer.","先週末、私はボランティアとして海岸の清掃活動*に参加した*。","2024/12/29 14:31","2024/12/29 14:31"
5823,7418,"Many young fathers are *taking part in* child rearing these days.","最近では多くの若い父親たちが子育て*に参加して*いる。","2024/12/29 14:34","2024/12/29 14:34"
5824,7419,"My grandfather says nothing can *compensate for* the time wasted while one is young.","祖父は、何事も人が若い時に浪費した時間*の埋め合わせをする*ことはできないと言う。","2024/12/29 14:37","2024/12/29 14:37"
5825,7420,"According to this article, the freshwater on Earth *makes up* only 3 percent of water supply.","この記事によれば、地球上の真水は水資源の3%しか*構成してい*ない。","2024/12/29 14:41","2024/12/29 14:41"
5826,7420,"The couple had an argument but soon *make up* with each other.","その夫婦は口論をしたが、すぐ互いに*仲直りした*。","2024/12/29 14:41","2024/12/29 14:41"
5827,7420,"The cashier would have had to *make up* the difference with her own memory in an earlier time.","以前であれば、会計係は自分のお金で差額*を埋め合わせ*なければならなかっただろう。","2024/12/29 14:41","2024/12/29 14:41"
5828,7421,"Linda had to take a few days off last week to *care for* her elderly father.","リンダは先週、年老いた父*の世話をする*ために休みを数日取らなければならなかった。","2024/12/29 17:54","2024/12/29 17:54"
5829,7421,"Because Mary doesn’t *care for* bright colors, she always wears dark-colored clothes.","メアリーは明るい色*が好き*ではないので、いつも暗い色の服を着ている。","2024/12/29 17:54","2024/12/29 17:54"
5830,7422,"We’re going to *look after* our friend’s dog while she’s on vacation.","私たちは友人の休暇中、彼女の犬*の世話をする*つもりだ。","2024/12/29 17:55","2024/12/29 17:55"
5831,7423,"It was almost half an hour after the appointed time when he finally *showed up*.","彼がついに*現れた*のは約束した時間を30分近く過ぎてからだった。","2024/12/29 17:59","2024/12/29 17:59"
5832,7423,"The difference between the two designs clearly *showed up* against the bright background.","二つのデザインの差は明るい背景の元ではっきりと*際立った*。","2024/12/29 17:59","2024/12/29 17:59"
5833,7424,"Bob has not come to the party yet, but he will *turn up* eventually.","ボブはまだパーティーに来ていないが、最終的には*現れる*だろう。","2024/12/29 18:02","2024/12/29 18:02"
5834,7424,"My kid brother asked me to show him how to *turn up* the volume on his smartphone.","弟はスマートフォンの音量*を大きくする*方法を教えてくれと私に頼んできた。","2024/12/29 18:02","2024/12/29 18:02"
5835,7425,"Our happiness *consists in* good health more than anything else.","私たちの幸福は他の何よりも健康*にある*。","2024/12/29 21:33","2024/12/29 21:33"
5836,7426,"The key to baking a good pie *lies in* making a good crust.","美味しいパイを焼くコツは良い皮を作ること*にある*。","2024/12/29 21:34","2024/12/29 21:34"
5837,7427,"The prime minister stated at the meeting that the nation would never *give in* to terrorism.","首相はこの国は決してテロに*屈服し*ないと会議で述べた。","2024/12/29 21:37","2024/12/29 21:37"
5838,7427,"I think you should look over what you’ve written before *giving* it *in* next Monday.","あなたは来週の月曜日に自分の書いたもの*を提出する*前に、それを見直すべきだと思う。","2024/12/29 21:37","2024/12/29 21:37"
5839,7428,"Finally, the girl *gave way to* temptation and ate a slice of cake.","とうとうその女の子は誘惑*に屈し*、ケーキを一切れ食べた。","2024/12/29 21:39","2024/12/29 21:39"
5840,7429,"He was an excellent public speaker, which made him *stand out* from the crowd.","彼は人前で素晴らしいスピーチをする人で、そのことによって彼は他者より*際立って*いた。","2024/12/31 17:43","2024/12/31 17:43"
5841,7430,"While walking along the beach, I found parts of a Buddhist statue *sticking out* of the sand.","海辺を歩いている間に、私は砂から*突き出ている*仏像の一部を見つけた。","2024/12/31 17:46","2024/12/31 17:46"
5842,7431,"The child *clung to* his mother more tightly when he was spoken to by a neighbor.","その子供は近所の人に話しかけられたとき、さらにしっかりと母親*にくっついた*。","2024/12/31 17:48","2024/12/31 17:48"
5843,7432,"We’re determined to *stick to* our original plan as best we can.","私たちはできる限り元の計画*を堅持する*決意だ。","2024/12/31 17:52","2024/12/31 17:52"
5844,7433,"We’re very lucky to have a trustworthy person like Kato, whom we can always *count on*.","私たちは加藤さんのような信頼できる人がいてとても幸運だ。と言うのもいつでも彼*に頼る*ことができるからだ。","2024/12/31 17:53","2024/12/31 17:53"
5845,7434,"There is no doubt that all human relationships *rest on* mutual respect and trust.","全ての人間関係は相互の経緯と信頼*の上に成り立っている*ことは間違いない。","2024/12/31 17:55","2024/12/31 17:55"
5846,7435,"You should *look out for* pickpockets especially when you are traveling alone.","特に一人旅をしている時にはスリ*に気をつける*べきだ。","2024/12/31 17:57","2024/12/31 17:57"
5847,7436,"*Watch out*, Yuka! There’s a big car coming toward you!","ユカ、*気をつけて*。大きな車があなたの方に向かっているよ。","2024/12/31 17:58","2024/12/31 17:58"
5848,7437,"He wants to *hand over* the command of the factory to his son as soon as possible.","彼はできるだけ早く息子に工場の指揮権*を引き渡し*たいと思っている。","2025-01-05 20:27:11","2025-01-05 20:27:11"
5849,7438,"According to a TV newscast, another badly abused child was *turned over* to an institution.","テレビのニュース放送によれば、ひどい虐待を受けた子供がまた1人、施設に*引き渡さ*れた。","2025-01-05 20:31:17","2025-01-05 20:31:17"
5850,7438,"*Turning* the finished letter *over* and folding it, the secretary put it into an envelope.","書き終わった手紙*を裏返して*たたむと、秘書はそれを封筒に入れた。","2025-01-05 20:31:17","2025-01-05 20:31:17"
5851,7439,"Research reveals the first evidence of tool production *dates back to* about 2.5 million years ago.","道具製作の最初の証拠は約250万年前*にさかのぼる*と研究で明らかになっている。","2025-01-05 20:35:20","2025-01-05 20:35:20"
5852,7440,"The first camera phones *date from* the very beginning of the 21st century.","最初のカメラ付き携帯電話は21世紀初頭*に登場する*。","2025-01-05 20:37:01","2025-01-05 20:37:01"
5853,7441,"I respect him for his attitude — *putting aside* his anger, he apologized.","私は彼の態度には敬服している。彼は怒り*をわきに置いて*、謝ったのだ。","2025-01-05 20:39:50","2025-01-05 20:39:50"
5854,7442,"My mother has been *setting aside* a fixed amount of money every month for a rainy day.","私の母は緊急時に備えて毎月決まった額のお金*を蓄えてきて*いる。","2025-01-05 20:42:19","2025-01-05 20:42:19"
5855,7443,"The mother *sat up* all night waiting for her son to get home.","その母親は息子の帰宅を待って一晩中*起きていた*。","2025-01-05 20:44:58","2025-01-05 20:46:47"
5856,7443,"Suddenly, Hayato stopped snoring, *sat up*, looked around and went back to sleep.","ハヤトは突然いびきを止め、*上半身を起こし*、周りを見回して、再び寝た。","2025-01-05 20:44:58","2025-01-05 20:46:47"
5857,7443,"*Sitting up* straight with hands joined in his lap, he remained silent for a long time thinking.","彼は膝の上で両手を重ね、背筋を伸ばして*きちんと座り*、考え事をしながら長い間静かにしていた。","2025-01-05 20:46:47","2025-01-05 20:46:47"
5858,7444,"I *stayed up* all night watching the tennis matches on TV last night.","私は昨夜テレビでテニスの試合を見ながら一晩中*起きていた*。","2025-01-05 20:48:18","2025-01-05 20:48:27"
5859,7445,"The story was so moving that the children could not *hold back* their tears.","その物語はとても感動的だったので、子供たちは涙*を抑える*ことができなかった。","2025-01-05 20:50:14","2025-01-05 20:50:14"
5860,7446,"I began to suspect that she was *keeping back* the truth from me.","彼女は私に真実*を隠して*いるのではないかと私は疑い始めた。","2025-01-05 20:51:52","2025-01-05 20:51:52"
5861,7447,"I *felt sorry for* you when I saw you working in the rain.","あなたが雨の中で働いているのを見て、あなた*を気の毒に思った*。","2025-01-05 20:54:08","2025-01-05 20:54:08"
5862,7448,"Finally, the guard seemed to *take pity on* the girl and said, “OK, go in,”","とうとう守衛はその少女*に同情し*たようで「いいよ、入りなさい」と言った。","2025-01-05 20:57:55","2025-01-05 20:57:55"
5863,7449,"I deeply *sympathized with* Tom when I knew he’d been in a tragic situation for a long time.","私はトムが長いこと悲劇的な状況にいたのだと知った時、心から彼*に同情した*。","2025-01-05 20:59:39","2025-01-05 20:59:39"
5864,7450,"It is important to *take pride in* whatever job you choose for your career.","あなたがどんな仕事であれ自分の職業として選んだもの*を誇りに思う*ことが大切だ。","2025-01-05 21:01:21","2025-01-05 21:01:21"
5865,7451,"Naoki’s new wife *prides herself on* being a good cook.","ナオキの新妻は料理が上手なこと*を誇りに思っている*。","2025-01-05 21:02:57","2025-01-05 21:02:57"
5866,7452,"He seemed to have *surrender to* temptation and started drinking again.","彼は誘惑*に屈して*、再び酒を飲み始めたようだ。","2025-01-05 21:05:43","2025-01-05 21:05:43"
5867,7453,"Misa’s parents finally *yield to* her strong desire to study abroad.","ミサの両親はついに、海外留学したいと言う彼女の強い願い*に屈した*。","2025-01-05 21:07:46","2025-01-05 21:07:46"
5868,7454,"In the aging society we are living in today, elevators *are essential to* urban living.","今日私たちが生きている高齢化社会では、エレベーターは都会生活*に不可欠だ*。","2025-01-06 07:45:34","2025-01-06 07:45:34"
5869,7455,"As a longtime worker, Jim *was indispensable to* a small company like my father’s.","長く勤めてきた人として、ジムは私の父の会社のような小さい会社*にとっては不可欠な人物だった*。","2025-01-06 07:47:51","2025-01-06 07:47:51"
5870,7456,"I used to think that diet, exercise and sleeping well *are equal to* good health.","私は以前は食事、運動、それによく寝ることは健康*に等しい*と考えていた。","2025-01-06 07:49:26","2025-01-06 07:49:26"
5871,7457,"The amount of food waste in Japan is said to *be equivalent to* 30 percent of its domestic food production.","日本の食品ロスの量は国内の食品生産量の30%*に等しい*と言われている。","2025-01-06 07:51:19","2025-01-06 07:51:19"
5872,7458,"I must be careful as I *am apt to* make a slip of the tongue.","私は言い間違いをし*がち*なので、注意しなければならない。","2025-01-06 07:53:14","2025-01-06 07:53:14"
5873,7459,"Perhaps it is true that married people *are* more *inclined to* make donations to charities.","既婚者はより慈善事業への寄付をする*傾向がある*というのはおそらく本当だ。","2025-01-06 07:56:43","2025-01-06 07:56:43"
5874,7460,"*In a sense*, he is right: Rivalry is essential for us to make progress and survive.","*ある意味では*彼は正しい。競争心は私たちが進歩し、生き残るためには不可欠なものだ。","2025-01-06 07:58:32","2025-01-06 07:58:32"
5875,7461,"You keep advising him every step of the way, so *in a way*, you’re kind of planning his life.","あなたは彼にあらゆる局面で助言を与え続けているから、*ある意味では*彼の人生を設計しているようなものだ。","2025-01-06 08:00:29","2025-01-06 08:00:29"
5876,7462,"*First of all*, let me congratulate you on becoming members of this institution.","*まず第一に*、皆さんがこの期間の一員になったことについてお祝いを述べさせてください。","2025-01-06 10:40:27","2025-01-06 10:40:27"
5877,7463,"The best cure for environmental problems is to prevent them from happening *in the first place*.","環境問題の最良の解決策は、*まず第一に*それが起きないようにすることだ。","2025-01-06 10:41:45","2025-01-06 10:41:45"
5878,7464,"In his 40s, Kenji used to travel *back and forth* between the United States and Japan.","ケンジは40代のころ、アメリカと日本を*行ったり来たり*したものだ。","2025-01-06 11:15:04","2025-01-06 11:15:04"
5879,7465,"My shopping bag broke in the middle of the road; puzzled, I looked *up and down* the street.","私の買い物袋が道路の真ん中で破れた。私は当惑して、通りを*キョロキョロ*見回した。","2025-01-06 11:16:33","2025-01-06 11:16:33"
5880,7466,"*At present*, many victims from the last earthquake are still living in temporary dwellings.","*現在*、この前の地震の多くの被災者たちは依然として仮設住宅に住んでいる。","2025-01-06 11:17:51","2025-01-06 11:17:51"
5881,7467,"The restaurant is full *at the moment*, so we will have to wait for some time.","レストランは*現在*満席なので、私たちはしばらく待たなければならないだろう。","2025-01-06 11:19:31","2025-01-06 11:19:31"
5882,7468,"The speaker talked a lot, but what he meant was, *in a word*, he was “opposed” to the plan.","その発言者はたくさん喋ったが、言いたかったことは*要するに*彼はその計画に「反対」だということだった。","2025-01-06 11:20:56","2025-01-06 11:20:56"
5883,7469,"*In short*, Shakespeare was proposing the process we now call “the scientific method.”","*つまり*、シェイクスピアは私たちが現在「科学的手法」と呼ぶ方法を提案していたのだ。","2025-01-06 11:22:34","2025-01-06 11:22:34"
5884,7470,"*Generally speaking*, Japanese women live longer than Japanese men by about six years.","*一般的に言えば*、日本人女性は日本人男性より6年ほど長生きだ。","2025-01-06 13:08:34","2025-01-06 13:08:34"
5885,7471,"I saw a few people here and there, but *on the whole*, the street looked deserted that night.","何人かの人があちらこちらに見えたが、その晩は*全体的に*通りに人気がないように見えた。","2025-01-06 13:10:11","2025-01-06 13:10:11"
5886,7472,"She made some small mistakes, but *all in all*, I think she’s done a good job.","彼女はいくつかの小さな間違いをしたが、*全体的には*うまくこなしたと私は思う。","2025-01-06 13:11:46","2025-01-06 13:11:46"
5887,7473,"This proved that the idea worked, at least *in principle*.","このことは、その考えが少なくとも*理論的には*機能していると証明した。","2025-01-06 16:03:49","2025-01-06 16:03:49"
5888,7474,"*In theory*, it may be so, but in practice, it is not so simple.","*理論上は*そうかもしれないが、実際にはそれほど単純ではない。","2025-01-06 16:05:09","2025-01-06 16:05:09"
5889,7475,"The members are determined to complete the project *at all costs*.","メンバーたちは*ぜひとも*そのプロジェクトを完遂したいと決意している。","2025-01-06 16:06:58","2025-01-06 16:06:58"
5890,7476,"If you wish to become a poet, I hope you pursue that passion *by all means*.","もしあなたが詩人になりたいのなら、*ぜひとも*その情熱を追求することを期待します。","2025-01-06 16:09:56","2025-01-06 16:09:56"
5891,7476,"“May I take this pamphlet?” “*By all means*.”","「このパンフレットをもらってもいいですか」「*ぜひどうぞ*」","2025-01-06 16:09:56","2025-01-06 16:09:56"
5892,7477,"He often acts so selfishly; he is, *as it were*, a grown-up baby.","彼はしばしばとてもわがままに振る舞う。彼は*いわば*成人した赤ん坊だ。","2025-01-06 16:11:56","2025-01-06 16:11:56"
5893,7478,"The whole system was completely out of date; so it collapsed under its own weight, *so to speak*.","システム全体が全く時代遅れだった。それで*いわば*それ自体の重みで崩壊したのだ。","2025-01-06 16:13:34","2025-01-06 16:13:34"
5894,7479,"*For his part*, Takuya had never once thought of making an apology for what he’d done.","タクヤは、*彼としては*、自分のしたことに対して謝罪することは一度も考えたことはなかった。","2025-01-07 12:38:33","2025-01-07 12:38:33"
5895,7480,"To read books critically, good reasoning is indispensable *on the reader’s part*.","本を批評的にに読むためには*読者側での*十分な論証が欠かせない。","2025-01-07 12:40:03","2025-01-07 12:40:03"
5896,7481,"Jack remains in this post *for the present*, but someone else will take over next year.","*当分の間は*ジャックがこのポストにとどまるが、来年には誰が他の人が引き継ぐだろう。","2025-01-07 12:42:45","2025-01-07 12:42:45"
5897,7482,"Our house is quite small, but it’s good enough *for the time being*.","私たちの家はかなり狭いが、*当分の間は*十分だ。","2025-01-07 12:44:30","2025-01-07 12:44:30"
5898,7483,"I’m trying to repair this on my own, so I need to keep this manual *close at hand*.","私は独力でこれを修理しようとしているので、このマニュアルを*すぐ近くに*置いておく必要がある。","2025-01-07 12:46:35","2025-01-07 12:46:35"
5899,7484,"I’m just wondering if he remembers my birthday is *just around the corner*.","彼は私の誕生日が*もうすぐ*だということを覚えているだろうか。","2025-01-07 12:49:08","2025-01-07 12:49:08"
5900,7485,"*For all* the convenience it provides, plastic is now a plague on the envirionment.","プラスチックは、それが提供する利便性*にも関わらず*、今では環境における悩みの種だ。","2025-01-15 15:43:08","2025-01-15 15:43:08"
5901,7486,"*With all* the evidence, the man continued to deny committing the crime.","証拠*があるにも関わらず*、その男は犯罪を犯したことを否定し続けた。","2025-01-15 15:44:36","2025-01-15 15:44:36"
5902,7487,"*As for* architecture in the city, there are definitely quite a few must-see places.","その都市の中の建築*について言えば*、間違いなく相当数の必見の場所がある。","2025-01-15 15:46:25","2025-01-15 15:46:25"
5903,7488,"The committee had a heated debate *as to* whether the construction of the park should be delayed.","委員会は公園の建設を遅らせるべきかということ*に関して*、激しい議論をした。","2025-01-15 15:48:04","2025-01-15 15:48:04"
5904,7489,"Maya was so tired she could hardly move, *not to mention* do all the cooking and washing.","マヤはとても疲れていたので、料理や洗濯*は言うまでもなく*、ほとんど動くこともできなかった。","2025-01-15 15:49:40","2025-01-15 15:49:40"
5905,7490,"She speaks French, *to say nothing of* English.","彼女は英語*は言うまでもなく*、フランス語も話す。","2025-01-15 15:51:02","2025-01-15 15:51:02"
5906,7491,"Japan has so little oil that we *are* almost entirely *dependent on* imports.","日本にはほとんど石油がないので、私たちはほぼ全面的に輸入品*に依存している*。","2025-01-15 15:53:02","2025-01-15 15:53:02"
5907,7492,"Jane *was* already financially *independent of* her parents before she finished university.","ジェーンは大学を卒業する前にすでに経済的に両親*から独立していた*。","2025-01-15 15:54:48","2025-01-15 15:54:48"
5908,7493,"I think a brief explanation about how this historical event happened is *in order* here.","この歴史的事件がどのように起きたのかと言うことに関する簡潔な説明はここに*整理されて*いると私は思う。","2025-01-15 15:56:32","2025-01-15 15:56:32"
5909,7494,"This vending machine is *out of order*, so I have to find another one.","この自動販売機は*故障して*いるので、別のを探さなければならない。","2025-01-15 15:57:54","2025-01-15 15:57:54"
5910,7495,"Animals have a culture different from that of humans in that they *look down on* the old.","動物は老いた個体*を軽んじる*という点で人間とは異なった文化を有している。","2025-01-15 15:59:38","2025-01-15 15:59:38"
5911,7496,"I *look up to* this movie star, who is also working for world peace.","私はこの映画スター*を尊敬している*が、彼は世界平和のためにも活動している。","2025-01-15 16:00:43","2025-01-15 16:00:43"
5912,7497,"To love my neighbors the way the Bible says — that is something I could *do with* learning about.","聖書が教えるように隣人を愛すること。それは学べ*ればありがたい*ことだ。","2025-01-15 16:41:29","2025-01-15 16:41:29"
5913,7497,"As soon as I am *done with* the dishes, I will do the laundry.","私は皿洗い*を済ませ*たらすぐに洗濯をするつもりだ。","2025-01-15 16:41:29","2025-01-15 16:41:29"
5914,7497,"When Stephen was in school, his teachers didn’t know what to *do with* him.","スティーブンの学校時代、彼の先生たちは彼のこと*を*どう*扱え*ばいいのかわからなかった。","2025-01-15 16:41:29","2025-01-15 16:41:29"
5915,7498,"It’s too late to go shopping, so let’s *do without* chicken tonight.","買い物に行くには遅すぎるので、今夜はチキン*なしで済ませ*よう。","2025-01-15 16:42:47","2025-01-15 16:42:47"
5916,7499,"She looked around to satisfy herself that no one was *in sight*.","彼女は*見えるところに*誰もいないことを確かめるためにあたりを見回した。","2025-01-15 16:44:10","2025-01-15 16:44:10"
5917,7500,"For your security, I advise you to keep your valuables *out of sight*.","あなたの安全のために貴重品は*見えない*ところに保管しておくことを勧めます。","2025-01-15 16:45:24","2025-01-15 16:45:24"
5918,7501,"I feel *at ease* with this lady.","私はこの女性といると*くつろいで*いられる。","2025-01-15 16:46:26","2025-01-15 16:46:26"
5919,7502,"When he moved to Texas, he felt *ill at ease* in the new environment.","彼はテキサスに引っ越した時、新しい環境で*不安に*感じた。","2025-01-15 16:47:47","2025-01-15 16:47:47"
5920,7503,"The list of reasons for us not *acting on* climate change is long.","我々が気候変動*に取り組ま*ない理由のリストは長い。","2025-01-15 17:51:27","2025-01-15 17:51:27"
5921,7503,"You are grown up now; you must *act on* what you believe in.","あなたはもう大人です。自分の信じること*に従って行動する*べきだ。","2025-01-15 17:51:27","2025-01-15 17:51:27"
5922,7504,"From the footprints outside, it was clear the burglar had *broken in* through the window.","外の足跡から、強盗が窓から*押し入った*ことは明らかだった。","2025-01-15 17:55:23","2025-01-15 17:55:23"
5923,7504,"It’ll take a few days to *break in* these shoes.","この靴*を履き慣らす*のに数日かかるだろう。","2025-01-15 17:55:23","2025-01-15 17:55:23"
5924,7505,"It was in 1918 when the so-called Spanish flu pandemic *broke out* worldwide.","いわゆるスペイン風の流行が世界的に*起こった*のは1918年だった。","2025-01-15 18:17:46","2025-01-15 18:17:46"
5925,7505,"I *broke out* in a sweat as I kept running to catch the 7:38 express.","7時38分の急行に乗るために走り続けたので汗が*出た*。","2025-01-15 18:17:46","2025-01-15 18:17:46"
5926,7506,"The ice at both poles is *breaking up* earlier every year due to global warming.","両極の氷は地球温暖化のために毎年より早く*崩壊して*いる。","2025-01-15 18:22:01","2025-01-15 18:22:01"
5927,7506,"I’ve *broken up* with John, but between you and me, I actually feel a bit relieved.","私はジョンと*別れた*けれど、ここだけの話、実はちょっとホッとしています。","2025-01-15 18:22:01","2025-01-15 18:22:01"
5928,7507,"The situation is extremely serious and *calls for* immediate action.","状況は極めて深刻で、迅速な行動*を必要としている*。","2025-01-15 18:25:35","2025-01-15 18:25:35"
5929,7507,"I should have *called for* you at eight as I’d promised, but I overslept.","私は約束した通り8時にあなた*を迎えに行く*べきだったが、寝過ごしてしまった。","2025-01-15 18:25:35","2025-01-15 18:25:35"
5930,7508,"Professor Yoshida, could I *call on* you sometime next week at your office for some advice.","吉田教授、アドバイスをいただきたいので、来週のいつか研究室*を訪ねて*もよろしいですか。","2025-01-15 18:28:44","2025-01-15 18:28:44"
5931,7508,"The report *calls on* the government to consider setting numerical targets on this.","報告書は、これに対して数値目標の設定を検討するように政府*に要求している*。","2025-01-15 18:28:44","2025-01-15 18:28:44"
5932,7509,"Readers often remember where on the page they *came across* a particular passage.","読者はしばしば、ページのどこで特定の一節*を見つけた*のか覚えている。","2025-01-15 18:32:00","2025-01-15 18:32:00"
5933,7509,"Her points *came across* very well as she spoke, so we really enjoyed her talk.","彼女が話をすると彼女の言いたいことがとてもよく*伝わり*、私たちは本当に彼女の話を楽しんだ。","2025-01-15 18:32:00","2025-01-15 18:32:00"
5934,7510,"Your total *comes to* $347, but you can also pay in euros or yen here.","総額は347ドル*になります*が、ここではユーロか円でもお支払いになれます。","2025-01-15 18:46:35","2025-01-15 18:46:35"
5935,7510,"A friend of mine says he’s *come to* realize he doesn’t have the talent to become a writer.","私の友人は、自分が作家になる才能はないとわかる*ようになった*と言っている。","2025-01-15 18:46:35","2025-01-15 18:46:35"
5936,7510,"When he *came to*, he looked up and saw a spreading mushroom-shaped cloud.","彼が*意識を回復した*とき、見上げるときのこの形をした雲が広がっているのが見えた。","2025-01-15 18:46:35","2025-01-15 18:46:35"
5937,7511,"The company *gives out* special calendars for free if you buy the item today.","今日その商品を買うとその会社が無料で特製カレンダー*をくれる*。","2025-01-15 18:49:37","2025-01-15 18:49:37"
5938,7511,"After three hours of effort to solve the problem, my patience *gave out*.","その問題を解こうとする3時間に及ぶ努力の後で、私の忍耐力は*尽きた*。","2025-01-15 18:49:37","2025-01-15 18:49:37"
5939,7512,"As the day *went by*, more people came into town wondering what was happening there.","その日が*過ぎる*につれ、より多くの人々がそこで何が起きているのかと思いながら街にやってきた。","2025-01-15 18:53:26","2025-01-15 18:53:26"
5940,7512,"Her real name was Yoshiko, but she usually *went by* the nickname, Chiko-chan.","彼女の本当の名前はヨシコだったが、彼女は大抵チコちゃんというニックネーム*で知られていた*。","2025-01-15 18:53:26","2025-01-15 18:53:26"
5941,7513,"We had to *go off* to our grandparents’ house for our annal Christmas dinner..","私たちは毎年恒例のクリスマスディナーのために祖父母の家に*出かけ*なければならなかった。","2025-01-16 15:18:03","2025-01-16 15:18:03"
5942,7513,"My alarm didn’t *go off* this morning, so I overslept and was late for school.","今朝、目覚まし時計が*作動し*なかったので、私は寝過ごして学校に遅刻した。","2025-01-16 15:18:03","2025-01-16 15:18:03"
5943,7514,"Colombia’s civil war has been *going on* for many decades.","コロンビアの内戦は何十年も*続いて*いる。","2025-01-16 15:22:47","2025-01-16 15:22:47"
5944,7514,"I knew something was *going on* under the surface but couldn’t tell for sure what it is.","私は水面下で何かが*起こって*いるのは知っていたが、それが何であるのか正確にはわからなかった。","2025-01-16 15:22:47","2025-01-16 15:22:47"
5945,7514,"I’m *going on* my first trip abroad next month, and I need some advice.","私は来月初めての海外旅行*に出かける*予定なので、アドバイスを必要としています。","2025-01-16 15:22:47","2025-01-16 15:22:47"
5946,7515,"After she had switched off the TV, Mary *went out* for a walk.","メアリーはテレビの電源を切ると、散歩に*出かけた*。","2025-01-16 15:25:57","2025-01-16 15:25:57"
5947,7515,"The moment a severe earthquake struck our area, all the lights *went out*.","強烈な地震が私たちの地域を襲った瞬間、全ての明かりが*消えた*。","2025-01-16 15:25:57","2025-01-16 15:25:57"
5948,7516,"My father’s going to *go over* the whole document to make sure it is perfect.","私の父は文書全体が完璧であることを確かめるためにそれ*に詳細に目を通す*つもりだ。","2025-01-16 15:39:55","2025-01-16 15:39:55"
5949,7516,"Masato *went over* what he’d learned the night before the exam.","マサトは試験ぜんやに学習したこと*を復習した*。","2025-01-16 15:39:55","2025-01-16 15:39:55"
5950,7517,"I know Yuto has been *going with* Risa for some time now.","私はここしばらくユウトがリサ*と付き合って*いることを知っている。","2025-01-16 15:41:54","2025-01-16 15:41:54"
5951,7517,"Do you think this shirt *goes with* my trousers?","このシャツは私のズボン*に似合う*と思いますか。","2025-01-16 15:41:54","2025-01-16 15:41:54"
5952,7518,"“I’m Carla,” she said, and *held out* her hand for a handshake.","「私はカーラです」と彼女は言い、握手のために手*を差し出した*。","2025-01-16 16:25:01","2025-01-16 16:25:01"
5953,7518,"A deep respect for human rights *holds out* hope for better treatment of us human beings.","人権への深い敬意というのは、我々人間へのより良い扱いに対する希望*を抱かせる*ものだ。","2025-01-16 16:25:01","2025-01-16 16:25:01"
5954,7519,"The guard at the parking lot *held up* his hands high to stop our car.","駐車場の警備員は私たちの車を止めるために高く両手*を上げた*。","2025-01-16 16:29:28","2025-01-16 16:29:28"
5955,7519,"We were *held up* by a traffic jam on the way and couldn’t make it to the meeting in time.","私たちは途中交通渋滞のために*遅れ*、その会議に間に合わなかった。","2025-01-16 16:29:28","2025-01-16 16:29:28"
5956,7519,"The bank was *held up* last night.","昨夜、その銀行は*強盗に入ら*れた。","2025-01-16 16:29:28","2025-01-16 16:29:28"
5957,7520,"In the world today, a great many people have to *live on* a very inadequate diet.","今日の世界では、非常に多くの人々が著しく不適切な食事*を常食とし*なければならない。","2025-01-16 16:35:26","2025-01-16 16:35:26"
5958,7520,"Few couples can afford to *live on* one person’s earnings, especially if they have children.","ほとんどの夫婦は、特に子供がいるなら、一人分の収入*で生活する*余裕はない。","2025-01-16 16:35:26","2025-01-16 16:35:26"
5959,7520,"The name of this Edo era’s great artist *lives on* today in many museums around the world.","この江戸時代の偉大な画家の名声は、今日も世界中の多くの美術館で*生き続けている*。","2025-01-16 16:35:26","2025-01-16 16:35:26"
5960,7521,"When I walked out to the road, I *looked to* the right and then the left before crossing it.","歩いて道路に出たとき、私は渡る前に右*の方を見て*から左を見た。","2025-01-16 16:38:23","2025-01-16 16:38:23"
5961,7521,"In former days, when in doubt, people often *looked to* magicians for directions.","人々は昔、迷った時には指示を仰ぐために魔術師*に頼る*ことがよくあった。","2025-01-16 16:38:23","2025-01-16 16:38:23"
5962,7522,"Sota always tries to *look up* new words in his dictionary whenever they came up.","ソウタは新しい単語が出てくるといつでも辞書でそれら*を調べ*ようとしている。","2025-01-19 09:53:07","2025-01-19 09:53:07"
5963,7522,"Be sure to *look* us *up* when you’re in town.","町に来た時にはぜひ私たち*を訪ねて*ください。","2025-01-19 09:53:07","2025-01-19 09:53:07"
5964,7522,"According to the statistics, things seem to be finally *looking up*.","統計によれば、事態はようやく*好転し*つつあるように思われる。","2025-01-19 09:53:07","2025-01-19 09:53:07"
5965,7523,"It was some time before the firefighters *put out* the forest fire.","消防士たちが森林火災*を消す*までにはしばらくかかった。","2025-01-19 09:56:11","2025-01-19 09:56:11"
5966,7523,"Car manufacturers around the world *put out* new models at least once a year.","世界中の自動車メーカーは少なくとも年に1回、新型車*を出す*。","2025-01-19 09:56:11","2025-01-19 09:56:11"
5967,7524,"John traveled through Syria before deciding to *settle down* in a small village in Spain.","ジョンはスペインの小さな村に*定住する*と決める前にシリアをくまなく旅行した。","2025-01-19 09:59:58","2025-01-19 09:59:58"
5968,7524,"We were just *settling down* to dinner when there was a call from Eita, my friend.","友人のエイタから電話がかかってきたとき、私たちはちょうど夕食を*始める*ところだった。","2025-01-19 09:59:58","2025-01-19 09:59:58"
5969,7525,"Tom just *stood by* without doing anything to help her pick out a gift.","トムは彼女が贈り物を選ぶ手助けは何もせず、ただ*傍観していた*。","2025-01-19 10:03:03","2025-01-19 10:03:03"
5970,7525,"My parents said that they would *stand by* me no matter what decision I made.","私の両親は私がどんな決定をしても私*を擁護する*と言った。","2025-01-19 10:03:03","2025-01-19 10:03:03"
5971,7526,"WHO *stands for* the World Health Organization.","WHOを世界保健機関*を意味する*。","2025-01-19 10:06:59","2025-01-19 10:06:59"
5972,7526,"The new English teacher told us that she wouldn’t *stand for* speaking Japanese in class.","新任の英語の先生は授業中に日本語を話すこと*を許容する*つもりはないと私たちに言った。","2025-01-19 10:06:59","2025-01-19 10:06:59"
5973,7527,"I often hear Americans *take in* a third of their calories at restaurants.","アメリカ人はレストランでカロリーの3分の1*を取る*とよく聞く。","2025-01-19 10:11:09","2025-01-19 10:11:09"
5974,7527,"He had a hard time believing her this time because he’d been *taken in* by her before.","彼は以前彼女に*騙さ*れたことがあるので、今回彼女のことを信じるのに苦労した。","2025-01-19 10:11:09","2025-01-19 10:11:09"
5975,7527,"We decided to *take in* a few more sights while we were there.","私たちはそこにいる間、さらにいくつかの名所*を見物する*ことにした。","2025-01-19 10:11:09","2025-01-19 10:11:09"
5976,7528,"At the moment, his coworkers seem to be all too busy to *take on* extra work.","現在のところ、彼の同僚たちは全員忙しすぎて追加の仕事*を引き受ける*ことはできないように思われる。","2025-01-19 10:15:33","2025-01-19 10:15:33"
5977,7528,"Since 1936, the torch has *taken on* a different form for every Olympic relay.","1936年以来、トーチはオリンピックの聖火リレーごとに異なる形*を呈している*。","2025-01-19 10:15:33","2025-01-19 10:15:33"
5978,7529,"Tom *took to* running long distances in an attempt to lose some weight.","トムは体重を落とそうと長距離のランニング*を始めた*。","2025-01-19 11:39:34","2025-01-19 11:39:34"
5979,7529,"My sister *took to* her new teacher as soon as she met her.","私の妹は新任の先生に会うとすぐに彼女のこと*を好きになった*。","2025-01-19 11:39:34","2025-01-19 11:39:34"
5980,7530,"I like bikes as they *take up* little space on the roads and are environmentally friendly.","道路でほとんどスペース*を取ら*ず、環境にやさしいので、私は自転車が好きだ。","2025-01-19 11:42:26","2025-01-19 11:42:26"
5981,7530,"More and more people are *taking up* yoga in Japan these days.","最近、日本ではますます多くの人たちがヨガ*を始めて*いる。","2025-01-19 11:42:26","2025-01-19 11:42:26"
5982,7531,"The project team was disappointed to hear that their proposal was *turned down*.","プロジェクトチームは彼らの提案が*却下さ*れたと聞いてがっかりした。","2025-01-19 11:45:24","2025-01-19 11:45:24"
5983,7531,"Mayu *turned* her car radio *down* so she could hear the announcement better.","マユはアナウンスがよく聞こえるようにカーラジオの音*を小さくした*。","2025-01-19 11:45:24","2025-01-19 11:45:24"
5984,7532,"Please don’t forget to *turn in* your report when you come back to the office now.","明日会社に戻ったら、忘れずに報告書*を提出して*ください。","2025-01-19 11:47:49","2025-01-19 11:47:49"
5985,7532,"If you find a wallet on the ground, you’re supposed to *turn* it *in* to the police.","もしあなたが地面に財布を見つけたら、警察にそれ*を届け*なければならない。","2025-01-19 11:47:49","2025-01-19 11:47:49"
5986,7533,"He *made for* the exit when he heard a knock on the back door.","彼は裏口のノックの音を聞くと、出口*の方へ進んだ*。","2025-01-19 13:51:57","2025-01-19 13:51:57"
5987,7533,"It is a proven fact that nappier employees *make for* improved customer service.","満足度の高い従業員は顧客サービスの向上*に寄与する*というのは証明された事実だ。","2025-01-19 13:51:57","2025-01-19 13:51:57"
5988,7534,"John spoke English so fast that we couldn’t *make out* what he was saying.","ジョンが英語を速く話したので、私たちは彼の言っていること*を理解する*ことができなかった。","2025-01-19 14:04:27","2025-01-19 14:04:27"
5989,7534,"Sam couldn’t *make out* her face in the twilight, but he thought she might be smiling.","黄昏時にサムは彼女の顔を見分けることができなかったが、彼女は微笑んでいるかもしれないと思った。","2025-01-19 14:04:27","2025-01-19 14:04:27"
5990,7534,"I *made out* a check for $25 and handed it to the salesperson.","私は25ドルの小切手*を書き*、それを店員に渡した。","2025-01-19 14:04:27","2025-01-19 14:04:27"
5991,7535,"The proposals *met with* a lot of criticism at the annual meeting of the stockholders.","その提案は年次株主総会で多くの批判*を受けた*。","2025-01-19 14:07:39","2025-01-19 14:07:39"
5992,7535,"The researcher traveled to farming villages and *met with* groups of local mothers.","その研究者は農村へ行き、地元の母親たちのグループ*と会った*。","2025-01-19 14:07:39","2025-01-19 14:07:39"
5993,7536,"With her father in the hospital, she’s the only worker to *provide for* her family of four.","父親が入院しているので、彼女は4人家族*を扶養する*ただ1人の働き手だ。","2025-01-19 14:21:25","2025-01-19 14:21:25"
5994,7536,"In our rapidly graying society, we need more people who *provide for* the care of the elderly.","急速に高齢化する社会において、私たちには老人介護*に備える*人がもっと必要だ。","2025-01-19 14:21:25","2025-01-19 14:21:25"
5995,7537,"Once I started reading this book, I haven’t been able to *put* it *down*.","一旦この本を読み始めたら、私はそれ*を置く*ことができないでいる。","2025-01-19 14:23:34","2025-01-19 14:23:34"
5996,7537,"The riot was soon *put down* by the police.","暴動は警察によって間も無く*鎮めら*れた。","2025-01-19 14:23:34","2025-01-19 14:23:34"
5997,7538,"Our neighbor’s cat was nearly *run over* by a car yesterday.","私たちの隣人の猫は昨日、もう少しで車に*轢か*れるところだった。","2025-01-19 14:26:14","2025-01-19 14:26:14"
5998,7538,"I was so absorbed in a book that I didn’t realize the bath was almost beginning to *run over*.","私は本に夢中になっていたので、風呂が*溢れ*そうになっていることに気が付かなかった。","2025-01-19 14:26:14","2025-01-19 14:26:14"
5999,7539,"It is essential that you check the weather forecast before you *set out* for mountain climbing.","登山に*出発する*前には天気予報を確認することが極めて重要だ。","2025-01-19 14:30:12","2025-01-19 14:30:12"
6000,7539,"It was in the 1860s that Edison *set out* to invent a new kind of artificial light.","エジソンが新しい種類の人工光を発明し*始めた*のは1860年代のことだった。","2025-01-19 14:30:12","2025-01-19 14:30:12"
6001,7539,"James *set out* his notebook and textbook, all ready for the lecture to begin.","ジェームズはノートと教科書*を並べ*、講義開始の準備は万端だった。","2025-01-19 14:30:12","2025-01-19 14:30:12"
6002,7540,"Many people think this year’s potato crop failure *was due to* unusual weather.","多くの人が今年のジャガイモの不作は異常気象*のためであった*と考えている。","2025-01-19 14:33:47","2025-01-19 14:33:47"
6003,7540,"According to this ad, a new book by the author *is due to* come out next month.","この広告によれば、その著者による新しい本が来月出版される*予定だ*。","2025-01-19 14:33:47","2025-01-19 14:33:47"
6004,7541,"Those little ants can carry *up to* 5,000 time their body weight.","あの小さなアリたちは自分の体重の5000倍*まで*運ぶことができる。","2025-01-19 14:37:51","2025-01-19 14:37:51"
6005,7541,"It is all *up to* the parents to decide which schools to choose for their young children.","小さな子供たちのためにどの学校を選ぶかを決めるのはすべて親*次第で*ある。","2025-01-19 14:37:51","2025-01-19 14:37:51"
6006,7541,"I knew the boy was *up to* something, but I couldn’t tell what it might be.","その少年が何か*をしようとして*いることはわかったが、それが何なのかはわからなかった。","2025-01-19 14:37:51","2025-01-19 14:37:51"
6007,7542,"I can’t imagine how this new idea of his will be accepted in society *at large*.","私は彼のこの新しい考えがどうやって社会*一般*に受け入れられるか想像できない。","2025-01-19 14:40:13","2025-01-19 14:40:13"
6008,7542,"The suspect of the murder case is still *at large*.","殺人事件の容疑者はまだ*逃走中*だ。","2025-01-19 14:40:13","2025-01-19 14:40:13"
6009,7543,"When we describe what we see, we *in effect* describe ourselves.","私たちが見えるものを描写する時は、*事実上*自分自身を描写しているのだ。","2025-01-19 14:42:21","2025-01-19 14:42:21"
6010,7543,"This law has been *in effect* for the past ten years.","この法律は過去10年間*施行されている*。","2025-01-19 14:42:21","2025-01-19 14:42:21"
6011,7544,"He was *all but* broke after shopping at the department store yesterday.","昨日デパートで買い物をした後、彼は一文無し*も同然*だった。","2025-01-19 16:46:36","2025-01-19 16:46:36"
6012,7544,"*All but* Peter were unable to get to class on time because the bus was not running.","ピーター*以外の全員*はバスが動いていなかったので授業に時間通りには着けなかった。","2025-01-19 16:46:36","2025-01-19 16:46:36"
6013,7545,"We discussed *at length* the plan for the coming school festival.","私たちは来る学園祭の計画を*詳細に*話し合った。","2025-01-19 16:48:40","2025-01-19 16:48:40"
6014,7545,"*At length* the door opened and a young woman came in.","*とうとう*ドアが開き、若い女性が入ってきた。","2025-01-19 16:48:40","2025-01-19 16:48:40"
6015,7546,"The coffee shop was located just *next to* the railroad station.","喫茶店は鉄道駅*の*すぐ*隣に*位置していた。","2025-01-19 16:51:58","2025-01-19 16:51:58"
6016,7546,"I’ve heard of Chad but know *next to* nothing about it.","私はチャドという国ことを聞いたことはあるが、その国については*ほとんど*何も知らない。","2025-01-19 16:51:58","2025-01-19 16:51:58"
6017,7547,"During the rainy season, it continues to rain for days *on end*.","梅雨の間は、*連続して*何日も雨が降り続く。","2025-01-19 16:54:02","2025-01-19 16:54:02"
6018,7547,"When cats get angry, the hair on their neck stands *on end*.","猫が怒ると、首の辺りの毛が*逆*立つ。","2025-01-19 16:54:02","2025-01-19 16:54:02"
6019,7548,"There are pluses and minuses for us being connected *by way of* the worldwide internet.","私たちが世界規模のインターネット*経由で*繋がっていることにはプラス面とマイナス面とがある。","2025-01-19 16:57:01","2025-01-19 16:57:01"
6020,7548,"*By way of* apology for the rudeness, the shop owner offered me a dessert on the house.","失礼のお詫び*として*、その店のオーナーは店の奢りで私にデザートを提供してくれた。","2025-01-19 16:57:01","2025-01-19 16:57:01"
6021,7549,"The cold, gray weather *added to* the dark atmosphere of the house.","寒くてどんよりした天気がその家の暗い雰囲気*を増加させた*。","2025-01-20 11:33:43","2025-01-20 11:33:43"
6022,7550,"Jim, I really admire you for how easily you’ve *adapted to* your new way of life here.","ジム、私はあなたが簡単にここでの新しい生活様式*に順応した*ことに本当に関心しています。","2025-01-20 11:36:05","2025-01-20 11:36:05"
6023,7551,"Many people today *object to* trapping methods that cause a lot of pain to wild animals.","今日、野生動物にひどい苦痛をもたらす捕獲方法*に反対する*人は多い。","2025-01-20 11:37:42","2025-01-20 11:37:42"
6024,7552,"Wherever you are, it’s never fun to *admit to* having done something embarrassing.","どこにいようと、何か恥ずかしいことをしてしまったこと*を認める*のは決して楽しいことではない。","2025-01-20 11:39:15","2025-01-20 11:39:15"
6025,7553,"Today, fewer and fewer families *conform to* the one-income model we used to have.","今日では、以前私たちが有していた単一収入モデル*に一致する*家族はますます減りつつある。","2025-01-20 11:41:39","2025-01-20 11:41:39"
6026,7554,"In the long drought, some people in the poorer districts *resorted to* criminal acts.","長い干ばつで、貧困地区では犯罪行為*に訴える*人々もいた。","2025-01-20 11:43:19","2025-01-20 11:43:19"
6027,7555,"In most of the Western countries, traffic *keeps to* the right side of the road.","ほとんどの西欧諸国では、車は道路の右側*を通行する*。","2025-01-20 11:47:31","2025-01-20 11:47:31"
6028,7556,"Our plane *got to* London about an hour ahead of schedule due to the tailwind.","私たちの飛行機は追い風のために予定より1時間ほど早くロンドン*に到着した*。","2025-01-20 11:52:27","2025-01-20 11:52:27"
6029,7556,"It was in the summer of 2019 that I *got to* see firsthand how good he was at the game.","その試合で彼がどんなに優れていたのかを直接見る*ことができた*のは、2019年の夏だった。","2025-01-20 11:52:27","2025-01-20 11:52:27"
6030,7557,"We are all required to *adhere to* certain rules and regulations to live in a society.","私たちは全員、社会で生きるために特定の規約*に従う*ことを求められている。","2025-01-20 11:53:56","2025-01-20 11:53:56"
6031,7558,"The businessperson stopped to *reflect on* which course would be the best for his firm.","その実業家は自分の会社にとってどの方針が最善なのか*を*立ち止まって*熟考した*。","2025-01-20 11:56:07","2025-01-20 11:56:07"
6032,7559,"Have you *decided on* who to invite yet?","もう誰を招待するか*を決めました*か。","2025-01-20 11:58:29","2025-01-20 11:58:29"
6033,7560,"As Mary became more skillful, the amount of work that *fell on* her grew accordingly.","メアリーが熟練するにつれ、彼女*に降りかかる*仕事量はそれに応じて増えた。","2025-01-20 12:00:24","2025-01-20 12:00:24"
6034,7561,"The animals that *feed on* plants have teeth with flattened ends.","植物*を餌にする*動物は先端が平らな歯を持つ。","2025-01-20 12:01:50","2025-01-20 12:01:50"
6035,7562,"I *ran into* Mary’s brother at the bus stop yesterday.","私は昨日、バス停でメアリーの兄*に偶然出会った*。","2025-01-20 12:03:10","2025-01-20 12:03:10"
6036,7563,"It looked like someone had *broken into* our office, so we called the police.","誰かが私たちの会社*に侵入した*ようだったので、私たちは警察に電話した。","2025-01-20 18:59:15","2025-01-20 18:59:15"
6037,7563,"He *broke into* a sprint when walking along the street.","彼は通りを歩いていたとき、*急に*全速力で走り*出した*。","2025-01-20 18:59:15","2025-01-20 18:59:15"
6038,7564,"The two companies *entered into* a partnership to build autonomous cars.","その二社は自動走行車を製造するために協力関係*を結んだ*。","2025-01-20 19:00:48","2025-01-20 19:00:48"
6039,7565,"Unable to control herself, she *burst into* tears at the news.","彼女は自分を抑えることができず、その知らせを聞いて*急に*泣き*出した*。","2025-01-20 19:02:03","2025-01-20 19:02:03"
6040,7566,"We usually use a shredder to *dispose of* paper records containing personal information.","私たちは個人情報を含む紙の記録*を処分する*のに通常シュレッダーを使う。","2025-01-20 19:04:08","2025-01-20 19:04:08"
6041,7567,"Jane’s father did not *approve of* her going to the party.","ジェーンの父は、彼女がそのパーティーへ行くこと*に賛成し*なかった。","2025-01-20 19:05:26","2025-01-20 19:05:26"
6042,7568,"I’m one of those people who *boast of* having never been sick in many years.","私は、長年病気にかかっていないこと*を自慢する*人々の1人だ。","2025-01-20 19:06:45","2025-01-20 19:06:45"
6043,7569,"I have no idea what’s *become of* the old statue which used to be here.","以前ここにあった古い像*がどうなったのか*私には全くわからない。","2025-01-20 19:08:08","2025-01-20 19:08:08"
6044,7570,"The English word “cent” *derives from* the Latin word centum.","英語の単語centはラテン語のcentum*に由来する*。","2025-01-20 19:09:14","2025-01-20 19:09:14"
6045,7571,"Education has historically *aimed at* making people conform to society.","歴史的には教育は人々を社会に順応させること*を目標としてきた*。","2025-01-21 09:35:29","2025-01-21 09:35:29"
6046,7572,"We must be careful not to let our biases *interfere with* our judgment.","私たちは先入観が自分たちの判断*を邪魔し*ないように注意すべきだ。","2025-01-21 09:37:00","2025-01-21 09:37:00"
6047,7573,"Doris knew she had to *part with* the dog sooner or later.","ドリスは遅かれ早かれその犬*を手放さ*なければならないとわかっていた。","2025-01-21 09:38:22","2025-01-21 09:38:22"
6048,7574,"After being away for six months, Maki *longs for* the chance to see her family again.","6ヶ月間離れていた後だから、マキは家族と再び会える機会*を切望している*。","2025-01-21 09:40:31","2025-01-21 09:40:31"
6049,7575,"Would you *send for* a security guard who has the keys?","鍵を持っている警備員*を呼びにやって*もらえますか。","2025-01-21 09:41:59","2025-01-21 09:41:59"
6050,7576,"After a long battle against the epidemic, people have finally started to *go about* their daily lives.","伝染病との長い戦いの後で、人々はようやく日常生活*に取り掛かり*始めた。","2025-01-21 09:43:46","2025-01-21 09:43:46"
6051,7577,"Helen happened to *run across* some old photos while cleaning her desk drawers.","ヘレンは机の引き出しを掃除している時に何枚かの古い写真*を偶然見つけた*。","2025-01-21 09:46:41","2025-01-21 09:46:41"
6052,7577,"Yuka’s cat, which had been asleep on a bench, woke up suddenly and *ran across* the yard.","ユカの猫はベンチで寝ていたが、突然目を覚まして庭*を走って横切った*。","2025-01-21 09:46:41","2025-01-21 09:46:41"
6053,7578,"She spent hours looking for a present for her parents, but *ended up* buying nothing there.","彼女は両親へのプレゼントを探すのに何時間も費やしたが、*結局*そこでは何も買わな*かった*。","2025-01-21 09:54:58","2025-01-21 09:54:58"
6054,7579,"During our trip around the country, we *used up* almost all the toothpaste we’d taken with us.","その国を回る旅行中、私たちは持ってきた歯磨き粉*を*ほとんど全て*使い果たした*。","2025-01-21 09:56:26","2025-01-21 09:56:26"
6055,7580,"The professor *summed up* the lecture in just a few minutes.","教授はその講義*を*わずか数分で*まとめた*。","2025-01-21 09:58:10","2025-01-21 09:58:10"
6056,7581,"It rained hard in the morning, but it looks as if it’s going to *clear up* by the early evening.","午前中は激しい雨が降ったが、夕方までには*晴れ*そうだ。","2025-01-21 10:00:04","2025-01-21 10:00:04"
6057,7582,"I’m *tied up* at the moment but will be free by five.","私は今*忙しくて動けない*が、5時までには手が空くだろう。","2025-01-21 10:01:36","2025-01-21 10:01:36"
6058,7583,"Try as we would, we could not get her to *cheer up*.","どんなに頑張っても、私たちは彼女に*元気を出さ*せることはできなかった。","2025-01-21 10:03:06","2025-01-21 10:03:06"
6059,7584,"Fortunately, no one was inside the factory when it *blow up*.","幸運なとことに、その工場が*爆発した*時には中に誰もいなかった。","2025-01-21 10:04:23","2025-01-21 10:04:23"
6060,7585,"If I had known your telephone number, I would have *called* you *up*.","もしあなたの電話番号を知っていたら、あなた*に電話をかけた*だろうに。","2025-01-21 10:23:50","2025-01-21 10:23:50"
6061,7586,"Annoyed by the kids taking loudly, someone said, “*Shut up*!”","子供達が大声で話すのにイライラして、誰かが「*黙りなさい*！」と言った。","2025-01-21 10:25:36","2025-01-21 10:25:36"
6062,7587,"It was on July 23, 1962, when the baseball legend Jackie Robinson *stepped up* to a microphone, not home plate.","野球の伝説的人物、ジャッキー・ロビンソンが本塁ではなくマイクに*近づいた*のは、1962年7月23日のことだった。","2025-01-21 10:28:42","2025-01-21 10:30:12"
6063,7587,"During the epidemic, his factory was asked to *step up* the production of face masks.","伝染病の流行中、彼の工場はマスクの生産*を増やす*ように依頼された。","2025-01-21 10:30:12","2025-01-21 10:30:12"
6064,7588,"What doctors recommended is that we eat what we like but just *cut down on* quantity.","医師たちが勧めているのは、好きなものを食べてもいいが、ただ量*を減らす*ことだ。","2025-01-21 10:31:58","2025-01-21 10:31:58"
6065,7589,"I had the right of way, but this big luxury car just didn’t *slow down*.","私に先行権があったが、この大型高級車はとにかく*速度を落とさ*なかった。","2025-01-21 10:33:38","2025-01-21 10:33:38"
6066,7590,"In order for food to be absorbed in the body, it must be *broken down* into little pieces.","食べ物が体に吸収されるためには、細かく*分解さ*れなければならない。","2025-01-21 10:37:56","2025-01-21 10:37:56"
6067,7590,"On the way the air condition of our car *broke down*, and we suffered from the heat.","途中で私たちの車のエアコンが*故障し*、私たちは暑さに苦しんだ。","2025-01-21 10:37:56","2025-01-21 10:37:56"
6068,7591,"I think it is our duty to *hand down* our good traditions and customs to future generations.","後世の人々に私たちの良き伝統と風習*を伝える*ことは私たちの義務だと思う。","2025-01-21 11:07:04","2025-01-21 11:07:04"
6069,7592,"According to a study, the more words a person *takes down*, the better he remembers the content.","ある研究によれば、人はたくさん言葉*を書く*ほど、その内容をしっかり覚える。","2025-01-21 11:10:31","2025-01-21 11:10:31"
6070,7593,"Many houses were *burned down* in the fires that broke out after the big earthquake.","大地震の後に起きた火災で多くの家が*全焼した*。","2025-01-21 11:11:52","2025-01-21 11:11:52"
6071,7594,"As I looked around, a tall man suddenly *came out* from behind the building and ran away.","私が辺りを見回すと、背の高い男が突然建物の裏手から*現れ*、逃げていった。","2025-01-21 11:13:18","2025-01-21 11:13:18"
6072,7595,"When driving on an expressway, we must see to it that we don’t *run out* of gas.","私たちは高速道路を運転している時にガソリンを*切らさ*ないように注意しなければならない。","2025-01-21 11:14:31","2025-01-21 11:14:31"
6073,7596,"When you want to *speak out* for or against something, what you need most is the courage.","何かに対して賛成または反対か*はっきり言い*たいときに最も必要なものは勇気だ。","2025-01-21 11:16:03","2025-01-21 11:16:03"
6074,7597,"Running out of money is the most common reason people *drop out* of anything.","資金が尽きるということが、人々が何事からも*脱落する*最も一般的な理由だ。","2025-01-21 11:17:20","2025-01-21 11:17:20"
6075,7598,"The room was a mess, so I had to *sort* it *out* quickly.","部屋が散らかっていたので、私は急いでそれ*を片付け*なければならなかった。","2025-01-21 11:23:05","2025-01-21 11:23:05"
6076,7599,"I was so completely *worn out* that I couldn’t keep on working.","私は完全に*疲れ果てて*いたので、仕事を続けられなかった。","2025-01-22 13:56:55","2025-01-22 13:56:55"
6077,7600,"It was in 1999 when Sony *rolled out* the first-generation AIBO.","ソニーが第一世代のAIBO*を発売した*のは1999年のことだった。","2025-01-22 13:59:05","2025-01-22 13:59:05"
6078,7601,"It took them some time to *iron out* their differences of opinion.","彼らが意見の違い*を調整する*のにはしばらく時間がかかった。","2025-01-22 14:00:27","2025-01-22 14:00:27"
6079,7602,"I *set off* for the destination on my bike along a rough dirt road.","私は荒れた未舗装の道路を自転車で目的地に向けて*出発した*。","2025-01-22 14:01:45","2025-01-22 14:01:45"
6080,7603,"He felt ashamed because he didn’t have anything to *show off* to anyone.","彼は人に*見せる*ものが何もないので、恥ずかしかった。","2025-01-22 14:03:03","2025-01-22 14:03:03"
6081,7604,"Dieting commonly means eating low-fat and low-calorie food to *keep off* weight.","ダイエットとは一般に、体重*を増やさない*ために低脂肪、低カロリーのものを食べることを意味する。","2025-01-22 14:05:06","2025-01-22 14:05:06"
6082,7605,"The new construction glowed in the dark, *giving off* a soft green light.","その新しい建造物は柔らかな緑色の光*を発しながら*、暗闇の中で輝いていた。","2025-01-22 14:06:44","2025-01-22 14:06:44"
6083,7606,"The clerk had to *break off* the conversation with me in order to wait on a customer.","その店員は顧客の応対をするために私との会話*を急にやめ*なければならなかった。","2025-01-22 14:08:53","2025-01-22 14:08:53"
6084,7607,"When Roy quit the company, the manager asked Lisa *take over* his job.","ロイが会社を辞めたとき、部長はリサに彼の仕事*を引き継ぐ*ように頼んだ。","2025-01-22 16:49:27","2025-01-22 16:49:27"
6085,7608,"I’d like to *put in* a few sentences here to explain what I mean by this.","私はこれで何を言おうとしているかを説明するために、ここに少し文*を付け加え*たい。","2025-01-22 16:53:04","2025-01-22 16:53:04"
6086,7608,"The hard work the team *put in* led to their victory in the competition.","チームが*注ぎ込んだ*多大な努力が競技会での勝利につながった。","2025-01-22 16:53:04","2025-01-22 16:53:04"
6087,7609,"Now that you know where I live, I hope you’ll *drop in* when you’re in the neighborhood.","私がどこに住んでいるのかお分かりでしょうから、近所にお越しの際は*立ち寄って*くださいね。","2025-01-22 16:54:40","2025-01-22 16:54:40"
6088,7610,"The other day a very kind man let me *cut in* in front of him in a convenience store.","先日、コンビニでとても親切な男性が私を彼の前に*割り込ま*せてくれた。","2025-01-22 16:56:06","2025-01-22 16:56:06"
6089,7611,"The wisdom of the past should be *passed on* from generation to generation.","過去の叡智は世代から世代へと*伝えら*れるべきだ。","2025-01-22 16:57:31","2025-01-22 16:57:31"
6090,7612,"I haven’t read the new novel yet, so I want to avoid a review that *gives away* its ending.","私はその新しい小説をまだ読んでいないので、結末*をばらす*書評は避けたい。","2025-01-22 16:59:35","2025-01-22 16:59:35"
6091,7613,"Once in the room, I stood still for a second, letting my eyes *adjust to* the change of light.","私は部屋に入ると、少しの間じっと立って、目を明るさの変化*に順応さ*せた。","2025-01-22 17:04:26","2025-01-22 17:04:26"
6092,7614,"*Comparing* this year’s result *with* last year’s, the boss appreciated everybody’s efforts.","上司は今年の結果*を*昨年のもの*と比較して*、全員の努力を評価した。","2025-01-22 17:06:48","2025-01-22 17:06:48"
6093,7615,"Whether we like it or not, we are *exposed to* large amounts of information every day.","好むと好まざるとに関わらず、私たちは毎日大量の情報*に晒さ*れている。","2025-01-22 17:08:18","2025-01-22 17:08:18"
6094,7616,"She is lazy and *leaves* hard work *to* others.","彼女は怠け者で、きつい仕事*を*他人*に任せる*。","2025-01-22 17:09:52","2025-01-22 17:09:52"
6095,7617,"I *attached* a postage stamp *to* the envelope and mailed it.","私は切手*を*封筒*に貼って*投函した。","2025-01-22 17:11:14","2025-01-22 17:11:14"
6096,7618,"Many of Satoshi’s friends *attributed* his success *to* his hard work and flexible thinking.","サトシの友人の多くは、彼の成功*を*勤勉さと柔軟な思考*の結果と考えた*。","2025-01-22 17:13:18","2025-01-22 17:13:18"
6097,7619,"This research *owes* much *to* the thoughtful comments from my colleagues at work.","この研究は多く*を*職場の同僚からの思慮深い意見*に負っている*。","2025-01-22 17:15:44","2025-01-22 17:15:44"
6098,7620,"The professor *confined* his lecture *to* how the problem had been handled so far.","教授は講義*を*その問題がこれまでどのように扱われてきたかという点*に絞った*。","2025-01-22 17:17:34","2025-01-22 17:17:34"
6099,7621,"Plutarch had a gloomy image of old age, *likening* it *to* autumn.","プルタルコスは老齢に陰鬱なイメージを持っており、それ*を*秋*に喩えた*。","2025-01-22 17:19:54","2025-01-22 17:19:54"
6100,7622,"when she appeared at the door, I found it hard to *keep* my voice *from* rising in a happy shout.","彼女が戸口に現れたとき、私は自分の声*が*嬉しい叫びで高くなるの*を抑える*のが難しかった。","2025-01-22 17:22:16","2025-01-22 17:22:16"
6101,7623,"On that stormy morning, the manager at the hut *discouraged* us *from* setting off for a climb.","その嵐の朝、山小屋の管理人は私たちに登山*に*出発すること*を思いとどまらせた*。","2025-01-22 17:24:10","2025-01-22 17:24:10"
6102,7624,"Many parents *forbid* their children *from* using their smartphones for a certain number of hours a day.","1日のうち一定の時間、子供達*に*スマートフォンを使うこと*を禁止する*親は多い。","2025-01-22 17:26:09","2025-01-22 17:26:09"
6103,7625,"The new rules at the museum *prohibited* visitors *from* smoking in the building.","その博物館の新たな規則は来館者*に*建物内での喫煙*を禁止した*。","2025-01-22 17:27:40","2025-01-22 17:27:40"
6104,7626,"After reading a comment on the book, I decided to *order* it *from* an online bookstore.","その本に関する批評を読んだ後、私はオンライン書店*に*それ*を注文する*ことに決めた。","2025-01-22 17:29:01","2025-01-22 17:29:01"
6105,7627,"We can *substitute* a group of easier words *for* one difficult word whenever necessary.","私たちは必要な時はいつでも難しい1語*の代わりに*より易しい言葉のかたまり*を使う*ことができる。","2025-01-22 17:31:04","2025-01-22 17:31:04"
6106,7628,"Everyone wants money because you can *exchange* money *for* whatever you want or need.","誰もがお金*を*欲しいものや必要なものなん*と*でも*交換する*ことができるので、お金を欲しがっている。","2025-01-23 17:01:55","2025-01-23 17:01:55"
6107,7629,"The mass media *blamed* the politician *for* not listening to the voices of the people.","マスメディアは、国民の声に耳を傾けない*ことで*その政治家*を非難した*。","2025-01-23 17:03:36","2025-01-23 17:03:36"
6108,7630,"Nancy *punished* herself *for* having been too strict with her students the previous day.","ナンシーは、前日生徒たちに厳しくしすぎた*ことで*自分*を責めた*。","2025-01-23 17:05:13","2025-01-23 17:05:13"
6109,7631,"I hope you will *forgive* me *for* having kept you waiting for such a long time.","あなたをこんなに長い時間待たせた*ことについて*私*を許して*いただけると良いのですが。","2025-01-23 17:06:38","2025-01-23 17:06:38"
6110,7632,"The incident *deprived* the couple *of* their happy home life.","事故はその夫婦*から*幸せな家庭生活*を奪った*。","2025-01-23 17:07:48","2025-01-23 17:07:48"
6111,7633,"Worry and stress *rob* us *of* out youthful energy and vitality.","心配とストレスは私たち*から*若々しいエネルギーと活力*を奪う*。","2025-01-23 17:09:26","2025-01-23 17:09:26"
6112,7634,"I’m completely *cured of* the bad cold I was suffering from for some time.","しばらく苦しんでいたひどい風邪*が*完全に*治った*。","2025-01-23 17:11:03","2025-01-23 17:11:03"
6113,7635,"The girl *accused* her old friend *of* spreading rumors about her.","その少女は、自分に関する噂を広めた*ことで*旧友*を非難した*。","2025-01-23 17:12:36","2025-01-23 17:12:36"
6114,7636,"We *suspected* the boy *of* having hidden his classmate’s book on purpose.","私たちはわざと級友の本を隠したこと*について*その少年*を疑った*。","2025-01-23 17:14:06","2025-01-23 17:14:06"
6115,7637,"This system *assures* all citizens *of* the same medical treatments.","この制度はすべての国民*に*同じ医療*を保証している*。","2025-01-23 18:15:07","2025-01-23 18:15:07"
6116,7638,"I don’t think it a good idea to try to *transform* Mars *into* a habitable planet.","私は火星*を*住むのに適した惑星*に変え*ようとすることは良い考えだと思わない。","2025-01-23 18:17:15","2025-01-23 18:17:15"
6117,7639,"We tried hard to *talk* Saki *into* joining our sports team, but it was in vain.","私たちは精一杯サキ*を説得して*私たちの運動部に入部*させ*ようとしたが、ダメだった。","2025-01-23 18:20:42","2025-01-23 18:20:42"
6118,7640,"The old students of the retiring teacher *presented* her *with* a gold watch.","退職する教師の昔の生徒たちは彼女*に*金時計*を贈った*。","2025-01-23 18:22:20","2025-01-23 18:22:20"
6119,7641,"The doctor *diagnosed* my condition *as* the common cold.","その医師は私の体調*を*普通の風邪*と診断した*。","2025-01-24 10:30:44","2025-01-24 10:30:44"
6120,7642,"The sunrise from the top of Mt. Fuji *struck* me *as* the most breathtaking scene I’d ever seen.","富士山頂から見た日の出は私*に*それまでに見た中で最も素晴らしい光景*だという印象を与えた*。","2025-01-24 10:32:40","2025-01-24 10:32:40"
6121,7643,"We gave a gift to Mary to *congratulate* her *on* her promotion.","私たちは昇進*のことで*メアリー*を祝う*ために贈り物をした。","2025-01-24 10:34:24","2025-01-24 10:34:24"
6122,7644,"The newly completed portion of the street was *named after* a well-known poet from the city.","新しく完成した通りの一部は、その町出身の有名な詩人*にちなんで名付けら*れた。","2025-01-24 10:37:21","2025-01-24 10:37:21"
6123,7645,"The most important thing is not to succeed but to *make an effort*.","最も大切なことは、成功することではなく*努力する*ことだ。","2025-01-24 11:19:23","2025-01-24 11:19:23"
6124,7646,"His family was forced to leave their home to *make way* for the construction of a new road.","彼の家族は新しい道路の建設にあたった*道をあける*ために強制的に家屋を立ち退かされた。","2025-01-24 11:20:46","2025-01-24 11:20:46"
6125,7647,"We’ll *live a* full and happy *life* if we can pursue things which we think are important.","自分たちが大切だと考えることを追求できれば、私たちは充実した幸せな*生活を送る*だろう。","2025-01-24 11:22:24","2025-01-24 11:22:24"
6126,7648,"A long time ago, my uncle *made a living* selling marine products in the surrounding area.","私の叔父は昔、周辺地域で海産物を売って*生計を立てていた*。","2025-01-24 11:23:53","2025-01-24 11:23:53"
6127,7649,"Welcomed by warm applause, she appeared on the stage and *took her place* at the piano.","彼女は温かい拍手に迎えられてステージに現れ、ピアノの*椅子に座った*。","2025-01-24 11:28:03","2025-01-24 11:28:03"
6128,7649,"Takao, a taxi driver, isn’t worried about self-driving cars *taking his place* anytime soon.","タクシー運転手であるタカオは、自動運転の車が近いうちに彼*に取って代わる*ことについては心配していない。","2025-01-24 11:28:03","2025-01-24 11:28:03"
6129,7650,"My mother and I *took turns* looking after my father when he was in hospital.","母と私は、父が入院中、父の世話を*交代でした*。","2025-01-24 11:29:04","2025-01-24 11:29:04"
6130,7651,"I’ll *take a chance* and take the entrance exam to the university next year.","私は*思い切って*来年その大学の入学試験を受けて*みる*つもりだ。","2025-01-25 11:07:37","2025-01-25 11:07:37"
6131,7652,"A new plan for the research has begun to *take shape* in my mind.","その研究の新しい計画が頭の中で*形になり*始めた。","2025-01-25 11:09:17","2025-01-25 11:09:17"
6132,7653,"Trent has just arrived to class late and hurriedly *taken a seat* next to Tanya.","トレントはたった今授業に遅れて到着し、急いでターニャの隣に*着席した*ところだ。","2025-01-25 11:10:54","2025-01-25 11:10:54"
6133,7654,"If you want to be successful in business, you must be willing to *take* a few *risks*.","ビジネスで成功したければ、あなたは進んで多少の*危険を冒さ*なければならない。","2025-01-25 11:12:52","2025-01-25 11:12:52"
6134,7655,"I wonder how many countries there are in the world where people *shake hands* in greeting.","人々が挨拶する際に*握手する*国は世界にどのくらいあるのだろう。","2025-01-25 11:14:10","2025-01-25 11:14:10"
6135,7656,"The hotel which had been closed for some time is said to have *changed hands*.","しばらく閉まっていたそのホテルは*持ち主が変わった*と言われている。","2025-01-25 11:15:28","2025-01-25 11:15:28"
6136,7657,"More stockholders want to *have a say* in the running of their companies these days.","最近では会社の運営*について発言権を持ち*たいと思う株主が増えている。","2025-01-25 11:17:31","2025-01-25 11:17:31"
6137,7658,"She tends to get cross when she can’t *have her own way*.","彼女は*思い通りにする*ことができないときは不機嫌になりがちだ。","2025-01-25 11:18:56","2025-01-25 11:18:56"
6138,7659,"It is not always easy to *keep one’s temper*.","*冷静さを保つ*のは必ずしも簡単とは限らない。","2025-01-25 11:20:33","2025-01-25 11:20:33"
6139,7660,"During your stay here, you can *take advantage of* a library, if you want to.","ここに滞在中は、希望するなら図書館*を利用して*もいいですよ。","2025-01-25 11:21:55","2025-01-25 11:21:55"
6140,7661,"The city gradually began to *take control of* the situation after the damage by the flood.","氏は次第に洪水の被害後の状況*を制御し*始めた。","2025-01-25 11:23:35","2025-01-25 11:23:35"
6141,7662,"Today more employers are letting workers *make use of* flextime and telework.","今日、ますます多くの企業主は従業員がフレックスタイム制とテレワーク*を活用する*ことを許可している。","2025-01-25 11:25:15","2025-01-25 11:25:15"
6142,7663,"Do you know why Tom was *made fun of* at school?","トムはどうして学校で*からかわ*れたのか知っていますか。","2025-01-25 11:26:41","2025-01-25 11:26:41"
6143,7664,"My niece, who is a first grader, wants to *make friends with* everyone in her class.","私の姪は小学一年生だが、クラス全員*と仲良くなり*たがっている。","2025-01-25 11:28:20","2025-01-25 11:28:20"
6144,7665,"I think the news media are *making* too *much of* the results of the latest health study.","報道機関は最新の健康に関する地調査結果*を重要視し*すぎていると思う。","2025-01-25 11:30:10","2025-01-25 11:30:10"
6145,7666,"I *had difficulty* focusing on studying because I wanted to watch my favorite movie on TV.","私はテレビで好きな映画を見たかったので、勉強に集中する*のが困難だった*。","2025-01-25 11:36:27","2025-01-25 11:36:27"
6146,7667,"According to statistics, some 2.1 billion people worldwide don’t *have access to* safe water at home.","統計によれば、世界中で21億人ほどが家庭で安全な水*を利用でき*ない。","2025-01-25 11:38:09","2025-01-25 11:38:09"
6147,7668,"The stories we read as children can *have a* strong *influence on* how we think and behave.","私たちが子供の時に読む物語は、私たちの考え方や行動の仕方*に*強い*影響を与える*可能性がある。","2025-01-25 11:40:11","2025-01-25 11:40:11"
6148,7669,"I told the curator that I *had a* great *liking for* paintings done in the ukiyo-e style.","私は学芸員に、自分は浮世絵の画法で描かれた絵画*を*非常に*好んでいる*と言った。","2025-01-25 11:41:57","2025-01-25 11:41:57"
6149,7670,"It is feared the worsening air quality will *give rise to* many fundamental health problems.","待機の質の悪化は多くの根本的な健康問題*を引き起こす*恐れがある。","2025-01-25 11:43:35","2025-01-25 11:43:35"
6150,7671,"Statistics show that Japanese women *give birth to* fewer than two children in their lifetime.","統計は日本人女性が生涯で2人未満の子供*を産む*ことを示している。","2025-01-25 11:45:06","2025-01-25 11:45:06"
6151,7672,"I didn’t have any trouble *finding my way to* the hotel.","私はホテル*へたどり着く*のに全く苦労しなかった。","2025-01-25 12:40:08","2025-01-25 12:40:08"
6152,7673,"We have to *keep an eye on* obesity because it can lead to a range of health problems.","様々な健康問題を引き起こす可能性があるので、私たちは肥満*に気をつけ*なければならない。","2025-01-25 12:41:52","2025-01-25 12:41:52"
6153,7674,"During the epidemic, poorer children of the world *fell victim to* the disease very easily.","伝染病の流行中に世界のより貧しい子供たちがいとも容易くその病気*の犠牲になった*。","2025-01-25 12:43:35","2025-01-25 12:43:35"
6154,7675,"I recognized Mary as soon as I *caught sight of* her at the airport.","私は空港でメアリー*を見かける*とすぐに彼女だと分かった。","2025-01-25 12:45:04","2025-01-25 12:45:04"
6155,7676,"Prof. Smith *put emphasis on* speaking practice in his English lessons last year.","スミス教授は昨年の彼の英語の授業ではスピーキング練習*を重視した*。","2025-01-25 12:46:50","2025-01-25 12:46:50"
6156,7677,"We can’t deny the fact that our facial expressions *are* closely *related to* emotions.","私たちの顔の表情は感情*と*密接な*関係がある*という事実を否定できない。","2025-01-26 10:28:08","2025-01-26 10:28:08"
6157,7678,"The human body *is similar to* most plants in that it is designed to be active during the day.","ヒトの体は、日中活発であるように設計されているという点で、ほとんどの植物*に似ている*。","2025-01-26 10:29:52","2025-01-26 10:29:52"
6158,7679,"If you are under the impression that only the students of four-year schools *are subject to* debt, think again.","もしあなたが4年制学校の学生だけが負債*を負いやすい*と思い込んでいるなら、考え直しなさい。","2025-01-26 10:32:37","2025-01-26 10:32:37"
6159,7680,"Mr. Kato *is superior to* anyone in the company in his English ability.","カトウさんは英語の能力においては会社の誰*よりも優れている*。","2025-01-26 10:34:23","2025-01-26 10:34:23"
6160,7681,"It is very important for all of us to *be* more *sensitive to* the feelings of others.","他人の気持ち*に*もっと*敏感である*ことは私たち皆にとってとても重要だ。","2025-01-26 10:36:27","2025-01-26 10:36:27"
6161,7682,"Sam says that because he is an Englishman, he *is accustomed to* dismal, cloudy weather.","サムは、自分は英国人なので陰鬱な曇った天気*には慣れている*と言う。","2025-01-26 10:38:27","2025-01-26 10:38:27"
6162,7683,"*Contrary to* what most people think, the bicycle was actually invented after the train.","たいていの人が思っていること*と反して*、実際には自転車は汽車より後に発明された。","2025-01-26 10:41:10","2025-01-26 10:41:10"
6163,7684,"Historians say Michelangelo *was indifferent to* food and more out of necessity than joy.","ミケランジェロは食べ物*に無関心で*、楽しみよりもむしろ必要のために食事をしたと歴史家は言う。","2025-01-26 10:43:18","2025-01-26 10:43:18"
6164,7685,"From the viewpoint of health, daytime work must *be preferable to* nighttime work.","健康の観点からは、日中の仕事が夜間の仕事*より好ましい*に違いない。","2025-01-26 10:44:46","2025-01-26 10:44:46"
6165,7686,"The lawyer is popular because she *is dedicated to* her clients.","その弁護士は自分の依頼人のこと*に専念する*ので、人気がある。","2025-01-26 10:46:03","2025-01-26 10:46:03"
6166,7687,"Up in the mountain, we enjoyed those beautiful flowers which *were peculiar to* high elevations.","山上では、高地*に特有な*それらの美しい花々を私たちは楽しんだ。","2025-01-26 10:47:34","2025-01-26 10:47:34"
6167,7688,"When we are stressed out, we *are prone to* shorter and poor sleep.","私たちはイライラしているときに短時間で質の悪い睡眠*に陥りやすい*。","2025-01-26 10:48:46","2025-01-26 10:48:46"
6168,7689,"This proposal *is* almost *identical to* the one our group made a couple of months ago.","この提案は数ヶ月前に私たちのグループがしたもの*と*ほとんど*同じものだ*。","2025-01-26 11:15:13","2025-01-26 11:15:13"
6169,7690,"My father has long *been involved in* a campaign to prevent power harassment.","私の父は長いことパワハラ防止の運動*に携わっている*。","2025-01-26 11:17:15","2025-01-26 11:17:15"
6170,7691,"The student *was* so *absorbed in* a book that he didn’t seem to hear me.","その生徒は本*に熱中していた*ので、私の言うことが聞こえないようだった。","2025-01-26 11:18:29","2025-01-26 11:18:29"
6171,7692,"He says he *is* still *lacking in* confidence in speaking English.","彼はいまだに英語を話すのには自信*がない*と言う。","2025-01-26 11:19:32","2025-01-26 11:19:32"
6172,7693,"Prof. Smith, who is from the USA, *is* well *versed in* Japanese literature, especially novels.","アメリカ出身のスミス教授は、日本文学、特に小説*に精通している*。","2025-01-26 11:21:05","2025-01-26 11:21:05"
6173,7694,"Seaweeds, frequently used in Japanese cooking, *are abundant in* vitamins and minerals.","日本料理で頻繁に使われる海藻にはビタミンとミネラル*が豊富である*。","2025-01-26 11:22:27","2025-01-26 11:22:27"
6174,7695,"My father had always *been* too *busy with* his work until this year.","私のの父は今年まではずっと仕事*で忙し*すぎ*た*。","2025-01-26 11:24:11","2025-01-26 11:24:11"
6175,7696,"While waiting, I visited a nearby wine bar that *was popular with* English residents of Paris.","待っている間、私はパリ在住のイギリス人*に人気がある*近くのワインバーを訪れた。","2025-01-26 11:25:43","2025-01-26 11:25:43"
6176,7697,"All of our rooms *are equipped with* an air conditioner, a small refrigerator, and free Wi-Fi.","私どもの部屋はすべて、エアコンと小さな冷蔵庫、無料Wi-Fi*を備えています*。","2025-01-26 11:29:43","2025-01-26 11:29:43"
6177,7698,"They loved each other and *were content with* what little they had.","彼らは互いに愛し合っており、少ないながらもいるもの*で満足していた*。","2025-01-26 11:31:12","2025-01-26 11:31:12"
6178,7699,"In an economic recession after the disaster, his company *was confronted with* new challenges.","災害後の経済不況で、彼の会社は新たな難題*に直面していた*。","2025-01-26 11:33:57","2025-01-26 11:33:57"
6179,7700,"Count on him; he *is acquainted with* all the local customs.","彼を頼りにしなさい。彼は地元のあらゆる慣習*に精通している*から。","2025-01-26 11:35:27","2025-01-26 11:35:27"
6180,7701,"Sliding doors *are characteristic of* the traditional Japanese architecture.","引き戸は伝統的な日本建築*に特有のものである*。","2025-01-26 11:36:44","2025-01-26 11:36:44"
6181,7702,"Yuta got first prize in the contrast, but later wondered if he *was worthy of* the prize.","ユウタはコンテストで1位になったが、後になって自分はその賞*にふさわしい*だろうかと思った。","2025-01-26 11:38:19","2025-01-26 11:38:19"
6182,7703,"He *was* completely *ignorant of* her good intention until the last moment.","彼は最後の瞬間まで全く彼女の善意*を知らなかった*。","2025-01-26 11:39:26","2025-01-26 11:39:26"
6183,7704,"My grandfather says he*’s* fully *confident of* my success in the exam next year.","祖父は来年の試験での私の合格*を*心から*確信している*と言う。","2025-01-26 11:41:11","2025-01-26 11:41:11"
6184,7705,"I believe we should all try to *be considerate of* others’ happiness and comfort.","私たちは皆、他人の幸福と安心*を思いやる*努力をするべきだと思う。","2025-01-26 11:42:53","2025-01-26 11:42:53"
6185,7706,"The evidence was not enough to prove that the suspect *was guilty of* the crime.","その証拠は容疑者がその犯罪*について有罪である*と証明するには十分ではなかった。","2025-01-26 11:47:29","2025-01-26 11:47:29"
6186,7707,"He was ruled innocent; we’d *been convinced of* his innocence from the beginning.","彼に無罪の判決が下った。私たちは最初から彼の無実*を確信していた*。","2025-01-26 11:48:50","2025-01-26 11:48:50"
6187,7708,"To grow up mentally, it’s important to learn to *be tolerant of* other views and ideas.","精神的に大人になるためには、ほかの見方や考え*に対して寛大に*なることが大切だ。","2025-01-26 11:50:10","2025-01-26 11:50:10"
6188,7709,"We should *be wary of* telephone calls from strangers.","私たちは知らない人からの電話*に用心する*べきだ。","2025-01-26 11:51:10","2025-01-26 11:51:10"
6189,7710,"Unfortunately, no planets which seem to *be suitable for* human life have yet been found.","残念ながら、人間の生命*に適している*と思われる惑星はいまだ発見されていない。","2025-01-26 11:53:00","2025-01-26 11:53:00"
6190,7711,"I *am grateful to* my parents *for* making me what I am today.","私を今日の私にしてくれた*ことで*両親*に感謝している*。","2025-01-26 11:54:22","2025-01-26 11:54:22"
6191,7712,"The artist *was* not *particular about* the kind of food he ate when working.","その芸術家は、作業中は食べ物の種類*についてやかましく*なかった。","2025-01-26 11:55:40","2025-01-26 11:55:40"
6192,7713,"To make matters worse, his wife *came down with* a bad cold at about the same time.","さらに悪いことに、彼の妻がほぼ同じ時期にひどい風邪*にかかった*。","2025-01-26 13:33:59","2025-01-26 13:33:59"
6193,7714,"Modern photography as we know it *came into being* around the year 1865.","私たちが知っている現代の写真技術は1865年ごろ*出現した*。","2025-01-26 21:24:51","2025-01-26 21:24:51"
6194,7715,"I know he’s made tremendous efforts to make his dream *come true*.","私は彼が夢を*実現さ*せるためにものすごい努力をしてきたことを知っている。","2025-01-26 21:26:00","2025-01-26 21:26:00"
6195,7716,"Getting regular exercise like taking a walk every day will definitely *do* you a lot of *good*.","毎日散歩すると言った定期的な運動をすることは、必ず大いにあなた*のためになる*だろう。","2025-01-26 21:27:43","2025-01-26 21:27:43"
6196,7717,"Please tell him to *get in touch with* me as soon as possible.","できる限り早く私*に連絡する*ように彼に伝えてください。","2025-01-26 21:29:11","2025-01-26 21:29:11"
6197,7718,"Helen Keller *went blind* and deaf from an unknown illness when she was 19 months old.","ヘレン・ケラーは生後19ヶ月のときに未知の病気で*失明し*、聴覚も失った。","2025-01-26 21:31:05","2025-01-26 21:31:05"
6198,7719,"The two women are good friends though they *have* very little *in common with* each other.","その2人の女性は互い*に共通している*点はほとんどないが、親友だ。","2025-01-26 21:32:57","2025-01-26 21:32:57"
6199,7720,"We should *keep* this *in mind*: alcohol should be kept out of the hands of the young.","私たちはこれ*を心にとどめておく*べきだ。酒が若者の手に届かないようにしておくべきだということを。","2025-01-26 21:34:59","2025-01-26 21:34:59"
6200,7721,"We can’t *look back on* our childhood without feeling how happy we were in those days.","子供時代*を回想する*ときは必ず、当時いかに幸せだったかを思わずにはいられない。","2025-01-26 21:37:10","2025-01-26 21:37:10"
6201,7722,"Although I’d never skied before, I *made it* all the way down the mountain.","私はそれまでスキーをしたことはなかったが、山をずっと下まで降りるのに*成功した*。","2025-01-26 21:38:39","2025-01-26 21:38:39"
6202,7723,"The manager suggested that they *put* the new project *into practice* right away.","部長は、彼らがすぐにその新しいプロジェクト*を実行する*ことを提案した。","2025-01-26 21:41:28","2025-01-26 21:41:38"
6203,7724,"More people are beginning to *sign up for* universities’ online programs these days.","最近では、より多くの人々が大学のオンライン講座*に登録し*始めている。","2025-01-26 21:43:08","2025-01-26 21:43:08"
6204,7725,"The news that a boy had successfully swum across the bay *took* us all *by surprise*.","少年がその湾を見事に泳いで渡ったというニュースは私たち全員*を驚かせた*。","2025-01-26 21:44:50","2025-01-26 21:44:50"
6205,7726,"*In terms of* population, our prefecture is the fourth largest in the country.","人口*の観点では*、私たちの県は全国で4番目の多さだ。","2025-01-27 11:21:00","2025-01-27 11:21:00"
6206,7727,"Today one in five adults over 25 has never been married, *in contrast to* roughly one in ten in 1950.","1950年のほぼ10人に1人*と違って*、今日では25歳以上の成人の5人に1人が結婚の経験がない。","2025-01-27 11:24:23","2025-01-27 11:24:23"
6207,7728,"With the level of the oceans rising, this island is *in danger of* disappearing under the water.","海水位の上昇に伴い、この島は水面下に消える*という危険に晒されて*いる。","2025-01-27 11:25:49","2025-01-27 11:25:49"
6208,7729,"With more foreigners living in Japan, more children are *in need of* language support.","日本に住む外国人が増えているので、より多くの子供たちが言語の支援*を必要として*いる。","2025-01-27 11:27:19","2025-01-27 11:27:19"
6209,7730,"*In response to* your request, we’re sending these packages at our expense.","あなたのご要望*に応じて*、私どもの負担でこれらの小包をお送りします。","2025-01-27 11:29:00","2025-01-27 11:29:00"
6210,7731,"The latest research has found that most people are *in favor of* using more solar energy.","最新の調査で、ほとんどの人が太陽エネルギーをもっと利用すること*に賛成して*いるとわかった。","2025-01-27 11:30:45","2025-01-27 11:30:45"
6211,7732,"The government had to change its original plan *in the face of* strong criticism from the public.","政府は国民の激しい批判*に直面して*当初の計画を変更しなければならなかった。","2025-01-27 12:00:33","2025-01-27 12:00:33"
6212,7733,"The person who is *in charge of* the ski school at the moment is Mr. John Smith.","現在スキースクール*を管理して*いる人物はジョン・スミス氏だ。","2025-01-27 12:02:38","2025-01-27 12:02:38"
6213,7734,"The population of Native Americans has declined *in relation to* immigrants.","アメリカ先住民の人口は移民*と比べて*減少している。","2025-01-27 12:04:02","2025-01-27 12:04:02"
6214,7735,"The word “aloha” is used *in place of* hello and goodbye, but it means much more than that.","「アロハ」という言葉はこんにちはとさようなら*の代わりに*使われているが、それよりずっと多くの意味を持つ。","2025-01-27 12:05:42","2025-01-27 12:05:42"
6215,7736,"*In the presence of* many strangers, I felt very tense and acted as if I was an idiot.","大勢の知らない人たち*の面前で*、私はひどく緊張して馬鹿みたいに振る舞った。","2025-01-27 12:07:20","2025-01-27 12:07:20"
6216,7737,"Many people in town wanted to hold a memorial service *in honor of* the late mayer.","町の多くのひとびとは亡くなった市長*に敬意を表して*追悼式を開きたいと思った。","2025-01-27 12:08:57","2025-01-27 12:08:57"
6217,7738,"*In light of* the structure and function of the body, apes are almost identical to us humans.","体の構造と機能*から見て*、類人猿は我々人類とほとんど同じだ。","2025-01-27 12:10:44","2025-01-27 12:10:44"
6218,7739,"We should aspire to live *in harmony with* people of all religions, races and nations.","私たちはあらゆる宗教、人種、国家の人々*と調和して*暮らすことを求めるべきだ。","2025-01-27 12:12:49","2025-01-27 12:12:49"
6219,7740,"As a kid, I earned a small amount of money *in exchange for* walking a neighbor’s dog.","子供のとき、私は隣人の犬を散歩させること*と引き換えに*わずかな額のお金を稼いだ。","2025-01-27 12:15:27","2025-01-27 12:15:27"
6220,7741,"Many people insist coal-fired power plants be closed *for the sake of* the environment.","環境*のために*石炭火力の発電所を閉鎖すべきだと主張する人は多い。","2025-01-27 12:16:48","2025-01-27 12:16:48"
6221,7742,"In the English conversation class, most of the students kept silent *for fear of* making mistakes.","英会話の授業では、ほとんどの生徒が間違えること*を恐れて*黙っていた。","2025-01-27 12:18:22","2025-01-27 12:18:22"
6222,7743,"Many millions of people worldwide tend to get sick *for lack of* access to clean drinking water.","世界中で何百万もの人々がきれいな飲み水の入手方法*がないために*病気に鳴る傾向がある。","2025-01-27 12:19:56","2025-01-27 12:19:56"
6223,7744,"The craftsman said that he couldn’t increase quantity *at the expense of* quality.","その職人は、質*を犠牲にして*量を増やすことはできないと言った。","2025-01-27 12:21:26","2025-01-27 12:21:26"
6224,7745,"My younger sister screamed loudly *at the sight of* a big cockroach in her room.","私の妹は自分の部屋で大きなゴキブリ*を見て*、大きく悲鳴を上げた。","2025-01-27 12:22:59","2025-01-27 12:22:59"
6225,7746,"We seem to be *at the mercy of* the worsening effect of climate change.","私たちは気候変動の影響悪化*に翻弄されて*いるように思える。","2025-01-27 12:24:27","2025-01-27 12:24:27"
6226,7747,"The speaker talked about the importance of reading *as opposed to* playing video games.","講演者はテレビゲームをすること*ではなく*読書の重要性について話した。","2025-01-27 15:03:33","2025-01-27 15:03:33"
6227,7748,"Today’s lecture was on the possibility of getting rid of mosquitoes *by means of* genetic engineering.","今日の講義は遺伝子工学*を用いて*蚊を駆除する可能性についてであった。","2025-01-27 15:05:27","2025-01-27 15:05:27"
6228,7749,"It was utterly *by virtue of* his daily efforts that he’d successfully passed the exam.","彼が首尾よくその試験に合格したのは、まったく毎日の努力*のおかげで*あった。","2025-01-27 15:07:15","2025-01-27 15:07:15"
6229,7750,"*On behalf of* everyone on the team, I would like to express out thanks to you, Kate.","チーム全員*を代表して*、ケイト、あなたにお礼を申し上げたいと思います。","2025-01-27 15:10:03","2025-01-27 15:10:03"
6230,7751,"Johann Fichte was fired from the University of Jena in 1799 *on a charge of* atheism.","ヨハン・フィヒテは1799年に無神論*の罪で*イエナ大学を解雇された。","2025-01-27 15:12:05","2025-01-27 15:12:05"
6231,7752,"The first change I would like to inform you of is *with regard to* the uniforms of out team.","皆に伝えたい最初の変更点は、私たちのチームのユニフォーム*に関して*です。","2025-01-27 15:14:08","2025-01-27 15:14:08"
6232,7753,"This new research of outs is special *in part* because of the large amount of data collected.","私たちのこの新しい研究は、*1つには*収集された大量のデータという点で特別だ。","2025-01-29 11:56:10","2025-01-29 11:56:10"
6233,7754,"The large family had just one table, so they had to eat *in turn*.","その大家族にはテーブルが1つしかなく、*順番に*食事をしなければならなかった。","2025-01-29 11:59:49","2025-01-29 11:59:49"
6234,7755,"Sidney patted his breast pocket to make sure his wallet was *in place*.","シドニーは財布が*あるべき場所に*あることを確認するために胸ポケットを軽く叩いた。","2025-01-29 12:01:16","2025-01-29 12:01:16"
6235,7756,"In philosophical terms, it may be so, but *in practice*, it isn’t that simple.","哲学の観点からはそうかもしれないが、*実際には*それほど単純ではない。","2025-01-29 12:02:24","2025-01-29 12:02:24"
6236,7757,"The singer became so popular that soon she was *in* great *demand* at all the TV networks.","その歌手は非常に人気が出たので、すぐに全てのテレビ放送網から*引っ張りだこになっ*た。","2025-01-29 12:03:52","2025-01-29 12:03:52"
6237,7758,"Just relax for a while; *in the meantime*, I’ll do the cooking.","しばらくゆっくりしていてください。*その間に*、私は料理をしますから。","2025-01-29 12:05:19","2025-01-29 12:05:19"
6238,7759,"We think rapid expansion of out business will *in all likelihood* reduce short-term profits.","私たちのビジネスの急速な拡張は、*十中八九*短期的な利益を減らすだろうと私たちは考えている。","2025-01-29 12:06:58","2025-01-29 12:06:58"
6239,7760,"I’m surprised to see Yuri at this party; she’s so shy she barely even speaks *at work*.","私はこのパーティーでユリに会って驚いている。彼女はとても内気で、*職場で*ほとんど喋らないほどだから。","2025-01-29 12:10:37","2025-01-29 12:10:37"
6240,7760,"I’m sure the same mechanism is also *at work* in this situation.","私はこの状況でも同じメカニズムが*作用して*いると確信している。","2025-01-29 12:10:37","2025-01-29 12:10:37"
6241,7761,"We shouldn’t forget that polluted air is putting the health of the whole nation *at risk*.","私たちは汚染された大気が全国民の健康を*危険な状態に*晒していることを忘れるべきではない。","2025-01-29 12:12:00","2025-01-29 12:12:00"
6242,7762,"Virginia was *at a loss* as to what to cook for Leonard and his friends that night.","バージニアはその晩、レナードと彼の友人たちに何を料理すべきかについて*途方に暮れて*いた。","2025-01-29 12:13:38","2025-01-29 12:13:38"
6243,7763,"*At first sight* I took a tall boy with a broad smile to be Tom, but I was completely wrong.","*一見したところ*、にこにこしている背の高い少年がトムだと思ったが、全然違っていた。","2025-01-29 12:15:46","2025-01-29 12:15:46"
6244,7764,"Ken is not necessarily very popular among his classmates, but I know he’s a very nice guy *at heart*.","剣はクラスメートに必ずしもすごく人気があるというわけではないが、*根は*とてもいいやつだと私は知っている。","2025-01-29 12:19:37","2025-01-29 12:19:37"
6245,7765,"She broke off her conversation *at intervals* and smiled at me.","彼女は*時折*会話をやめ、私に微笑みかけた。","2025-01-29 12:20:33","2025-01-29 12:20:33"
6246,7766,"A few hundred years ago, people were expected to live for about 50 years *on average*.","数百年前には人々は*平均して*約50年生きるとされていた。","2025-01-29 12:22:30","2025-01-29 12:22:30"
6247,7767,"We are emotional beings and experience a wide range of feelings *on a* daily *basis*.","私たちは情緒的な生き物で、日常*的に*幅広い感情を経験する。","2025-01-29 12:24:02","2025-01-29 12:24:02"
6248,7768,"Constant deforestation may have a serious impact on climate conditions *on a* global *scale*.","絶え間ない森林破壊は地球*規模で*気象状況に深刻な影響を与えるかもしれない。","2025-01-29 12:25:51","2025-01-29 12:25:51"
6249,7769,"In the store I entered, the prices of the goods *on display* were all clearly shown.","私の入った店では、*陳列中の*商品の価格はすべて明示されていた。","2025-01-29 12:27:34","2025-01-29 12:27:34"
6250,7770,"We don’t know why various kinds of allergies are *on the increase* these days.","なぜ近ごろはさまざまなアレルギーが*増加中で*あるのか、私たちにはわからない。","2025-01-29 12:28:55","2025-01-29 12:28:55"
6251,7771,"Criminal activities using the internet are widespread, so it is best to be *on our guard*.","インターネットを使った犯罪活動が広まっているので、*警戒して*おくに越したことはない。","2025-01-29 12:30:11","2025-01-29 12:30:11"
6252,7772,"Erika says she agrees to the plan we’re discussing only *to* a certain *extent*.","エリカは私たちが議論している計画にはある*程度まで*しか同意しないと言っている。","2025-01-29 12:31:33","2025-01-29 12:31:33"
6253,7773,"*To my surprise*, when I reached the top, three people were already there chatting.","*私が驚いたことに*、私が頂上に着いた時には、3人の人がすでにそこでおしゃべりをしていた。","2025-01-29 12:33:31","2025-01-29 12:33:31"
6254,7774,"What she said about the problem was very much *to the point*.","彼女がその問題について述べたことは、実に*要を得て*いた。","2025-01-29 12:35:05","2025-01-29 12:35:05"
6255,7775,"*To make matters worse*, my father lost his house key somewhere last night.","*さらに悪いことに*、父は昨晩どこかで家の鍵を失くしてしまった。","2025-01-29 12:36:26","2025-01-29 12:36:26"
6256,7776,"It’s clearly *to your advantage* to be versed in the latest information technology.","最新の情報技術に精通していることは、明らかに*あなたにとって都合が良い*。","2025-01-29 12:38:29","2025-01-29 12:38:29"
6257,7777,"*From* April 1 *on*, we students are supposed to wear our new school uniform.","4月1日*以降は*、私たち生徒は新しい制服を着ることになっている。","2025-01-29 12:39:52","2025-01-29 12:39:52"
6258,7778,"Humans and apes are fairly close cousins, *from* an evolutionary *point of view*.","進化論的な*視点からは*、人類と類人猿はかなり近いいとこ同士だ。","2025-01-29 12:41:48","2025-01-29 12:41:48"
6259,7779,"Did he say *for sure* that he was coming to the party?","彼は*確かに*パーティーに来ると言ったのですか。","2025-01-29 12:42:45","2025-01-29 12:42:45"
6260,7780,"Construction of the building has been *under way* for some time now.","その建物の建設は今すでにかなりの間*進行中*だ。","2025-02-01 10:35:20","2025-02-01 10:35:20"
6261,7781,"When Sam visited the small fishing village, a wind farm was *under construction* nearby.","サムが小さな漁村を訪れたとき、近くで風力発電所が*建設中*だった。","2025-02-01 10:37:25","2025-02-01 10:37:25"
6262,7782,"I haven’t seen or heard anything from Charlie *of late*.","*最近*私はチャーリーに合っていないし、彼からは何の連絡もない。","2025-02-01 10:38:31","2025-02-01 10:38:31"
6263,7783,"The boy came to school *of his own accord* after having stayed away for half a year.","その少年は半年間欠席した後、*自分の意思で*登校した。","2025-02-01 10:40:20","2025-02-01 10:40:20"
6264,7784,"On Friday evenings, there is a ceremony which is held every week *without fail*.","金曜日の夜に、毎週*必ず*開かれる儀式がある。","2025-02-01 10:41:23","2025-02-01 10:41:23"
6265,7785,"My father writes letters by hand, so we often jokingly say he’s a bit *behind the times*.","私の父は手書きで手紙を書くので、私たちはしばしば冗談めかしてちょっと*時代遅れ*だねと言う。","2025-02-01 10:43:09","2025-02-01 10:43:09"
6266,7786,"The sunrise we saw from the beach was beautiful *beyond description*.","その海岸から見た日の出は*言葉にならないほど*美しかった。","2025-02-01 10:44:34","2025-02-01 10:44:34"
6267,7787,"After running hard for thirty minutes, Emily was *out of breath*, so she sat down to rest.","エミリーは30分間一生懸命走って*息切れし*たので、腰を下ろして休んだ。","2025-02-01 10:46:12","2025-02-01 10:46:12"
6268,7788,"I think it’s quite *out of character* for her to give up anything in the middle of making an effort.","頑張っている途中で何かを諦めるなんて、まったく彼女*らしくない*と思う。","2025-02-01 10:48:05","2025-02-01 10:48:05"
6269,7789,"*No matter how* busy John is, he never fails to call his grandparents at least once a week.","ジョンは*どんなに*忙しく*ても*、少なくとも1週間に1度は祖父母に必ず電話する。","2025-02-01 10:53:30","2025-02-01 10:53:30"
6270,7790,"Welsh is *what we call* a minority language.","ウェールズ語は*いわゆる*少数言語だ。","2025-02-01 10:54:45","2025-02-01 10:54:45"
6271,7791,"So many things have happened to him over the years that he is no longer *what* he *used to be*.","非常に多くのことが長年にわたって彼に起きてきたので、彼はもはや*以前の*彼ではない。","2025-02-01 10:56:40","2025-02-01 10:56:40"
6272,7792,"I want something to read while I wait in the hospital; anything *will do* if it’s interesting.","病院で待つ間、何か読むものが欲しい。面白ければ何でも*いい*。","2025-02-01 10:58:52","2025-02-01 10:58:52"
6273,7793,"I thought he said he was coming, but I *may well* not have heard from right.","彼は来ると言ったと思ったが、*おそらく*私が正しく聞いていなかった*のだろう*。","2025-02-01 11:01:29","2025-02-01 11:01:29"
6274,7794,"It seems she has completely made up her mind; you *might just as well* talk to a brick wall.","彼女は完全に決心がついているように見える。レンガの壁に話しかける*ようなものだ*。","2025-02-01 11:03:52","2025-02-01 11:03:52"
6275,7795,"You *cannot* be *too* careful when you drive in stormy weather.","荒れた天気の中で運転するときは*いくら*注意*してもしすぎることはない*。","2025-02-01 11:19:17","2025-02-01 11:19:17"
6276,7796,"I would be *the last* person *to* deny the very real joy and pleasure that dogs bring.","私は、犬がくれる真の喜びと楽しみを*最も*否定し*そうにない*人間だろう。","2025-02-01 11:21:31","2025-02-01 11:21:31"
6277,7797,"What you eat daily *has* a lot *to do* with your health in years to come.","あなたが毎日食べるものはあなたの将来の健康*と*大いに*関係がある*。","2025-02-01 11:23:11","2025-02-01 11:23:11"
6278,7798,"*To tell the truth*, I don’t really like scary movies.","*実を言えば*、私は恐怖映画があまり好きではない。","2025-02-01 11:24:26","2025-02-01 11:24:26"
6279,7799,"Water is, *needless to say*, indispensable to our daily life.","*言うまでもなく*、水は私たちの日常生活に不可欠なものだ。","2025-02-01 11:25:43","2025-02-01 11:25:43"
6280,7800,"People wear what they *feel like* wearing even at work these days.","近頃では職場でさえ人々は着*てみたい*ものを着る。","2025-02-01 11:26:57","2025-02-01 11:26:57"
6281,7801,"He was totally confident because he *was used to* performing in front of many people.","彼は大勢の前で演技すること*に慣れていた*ので、自信満々であった。","2025-02-02 20:19:38","2025-02-02 20:19:38"
6282,7802,"I *couldn’t help* laughing at myself for having said such a foolish thing.","そんなバカなことを言ってしまって、私は自分のことを笑わ*ずにはいられなかった*。","2025-02-02 20:22:25","2025-02-02 20:22:25"
6283,7803,"I *came* very *close to* uttering a few angry words, but barely got myself under control.","私は*もう*ほんの*少しで*怒りの一言を発し*そうになった*が、なんとか自分を抑えた。","2025-02-02 20:23:52","2025-02-02 20:23:52"
6284,7804,"Aya went to the department store *with a view to* buying a present for her friend.","アヤは友達へのプレゼントを買う*目的で*デパートへ行った。","2025-02-02 20:25:45","2025-02-02 20:25:45"
6285,7805,"*Joking aside*, I really believe she will become in the future a leading scholar in this field.","*冗談はさておき*、彼女は将来この分野において一流の学者になると私は確信している。","2025-02-02 20:27:49","2025-02-02 20:27:49"
6286,7806,"I’ll report you to the boss if I *catch* you *sleeping* at work again.","もしあなた*が*仕事中にまた*居眠りしているところを見つけ*たら、あなたのことを上司に言いつけますよ。","2025-02-02 20:29:35","2025-02-02 20:29:35"
6287,7807,"*Speaking of* movies, what is the most interesting one you have seen recently?","映画*と言えば*、あなたが最近見た中では何が一番面白いですか。","2025-02-02 20:38:52","2025-02-02 20:38:52"
6288,7808,"*Judging from* the short speech he has just made, I think he is a very intelligent person.","彼が今した短いスピーチ*から判断すると*、彼はとても知的な人物だと思う。","2025-02-02 20:41:12","2025-02-02 20:41:12"
6289,7809,"Wind is the air shifting from one place to another; *that is*, wind is moving air.","風とはある場所から別の場所へ移動する空気のことだ。*すなわち*、風とは動いている空気だ。","2025-02-02 20:42:36","2025-02-02 20:42:36"
6290,7810,"Time has no value *in itself*; the value lies in how we make use of it.","時間は*それ自体では*なんの価値もない。私たちが時間をどのように活用するかということに価値がある。","2025-02-02 20:43:58","2025-02-02 20:43:58"
6291,7811,"On weekends nobody else is up before ten, so Ken has the living room all *to himself*.","週末は10時前には他の誰も起きていないので、ケンは*自分だけで*居間を使うことができる。","2025-02-02 20:47:53","2025-02-02 20:47:53"
6292,7811,"With the deadline just a few days away, I said *to myself*, “How are you going to make it?”","締め切りがわずか数日後に迫っていて、」どうやって終わらせるつもり?」と私は*自分自身に*言い聞かせた。","2025-02-02 20:47:53","2025-02-02 20:47:53"
6293,7812,"The advance of technology seems to create in us new kinds of desires *one after another*.","科学技術の進歩は、私たちの中に新たな欲望を*次々に*生み出しているように思われる。","2025-02-02 20:49:19","2025-02-02 20:49:19"
6294,7813,"The person we met in the elevator proved to be *none other than* the famous actor.","私たちがエレベーターで会った人物は*ほかならぬ*その有名な俳優だと分かった。","2025-02-02 20:51:02","2025-02-02 20:51:02"
6295,7814,"Twenty years on, John says he *would rather* eat Japanese food *than* any other kind.","あれから20年経って、ジョンは他のどんなもの*よりもむしろ*日本食を食べ*たい*と言っている。","2025-02-02 20:57:33","2025-02-02 20:57:33"
6296,7815,"There were *as many as* 100 people at the lecture yesterday.","昨日の講義には100人*もの数の*人がいた。","2025-02-02 20:59:43","2025-02-02 20:59:43"
6297,7816,"Chris, the eldest of their three children, is *as good as* grown up now.","彼らの3人の子供たちのうちで一番年長のクリスは、今では大人*も同然*だ。","2025-02-02 21:01:06","2025-02-02 21:01:06"
6298,7817,"This book is *as* interesting *as any* I have read.","この本は私が読んだことのある*どれにも劣らず*興味深い。","2025-02-02 21:02:26","2025-02-02 21:02:26"
6299,7818,"Yui got *all the more nervous* because she had to speak in English.","ユイは英語で話さなければならなかったので*ますます緊張*した。","2025-02-02 21:04:07","2025-02-02 21:04:07"
6300,7819,"His unclear explanation made it *that much harder* for us to understand his intention.","彼の曖昧な説明は、私たちが彼の意図を理解するのを*いっそう難しく*した。","2025-02-02 21:09:02","2025-02-02 21:09:02"
6301,7820,"Most of my friends cannot read Spanish, *much less* speak it with fluency.","私の友人のほとんどはスペイン語を読めない。*ましてや*流暢に話すこと*なんてできない*。","2025-02-02 21:11:19","2025-02-02 21:11:19"
6302,7821,"I am fortunate to have found a career that I love, and *what is more*, I am well paid for it.","私は大好きな仕事を見つけられて幸運だ。そして*さらに*、それでよい給料をもらっている。","2025-02-02 21:12:46","2025-02-02 21:12:46"
6303,7822,"My brother should have *known better than to* drive without his license on him.","私の兄は免許を携帯せずに運転し*ないだけの分別を持つ*べきだった。","2025-02-02 21:14:37","2025-02-02 21:14:37"
6304,7823,"“Hi, Tom, how’re you?” “Oh, Kenta! *Couldn’t be better*, thanks. And you?”","「やあ、トム、調子はどう?」「やあ、ケンタ！*最高だよ*、ありがとう。君は?」","2025-02-02 21:17:06","2025-02-02 21:17:06"
6305,7824,"That day, I overslept, and *worse still*, the bus was behind schedule.","その日、私は寝過ごして、*さらに悪いことに*、バスが遅れていた。","2025-02-02 21:18:12","2025-02-02 21:18:12"
6306,7825,"*To the best of my knowledge*, he’s been working for his mother’s company for years.","*私の知る限り*、彼は何年も母親の会社に勤めている。","2025-02-02 21:19:46","2025-02-02 21:19:46"
6307,7826,"She was *not* offended *in the least* at his somewhat harsh remark.","彼女は彼の少しきつい言葉にも*まったく*気分を害することは*なかっ*た。","2025-02-02 21:21:30","2025-02-02 21:21:30"
6308,7827,"Though my grandmother is in her mid-90s, she still wants to live her life *to the fullest*.","私の祖母は90代半ばだが、今も人生を*心ゆくまで*生きたいと思っている。","2025-02-02 21:23:08","2025-02-02 21:23:08"
6309,7828,"That new building in front of the station is *by far* the tallest in the city.","駅の正面にあるその新しい建物は、市内部は*飛び抜けて*高い。","2025-02-02 21:24:13","2025-02-02 21:24:13"
6310,7829,"Jim’s uncle will give him financial support to go to university, *provided that* he promises to study hard.","ジムのおじは、*もし*ジムが一生懸命勉強すると約束する*ならば*、大学進学の学資援助をしてくれるだろう。","2025-02-03 10:55:36","2025-02-03 10:55:36"
6311,7830,"We are able to discover something new *every time* we visit a museum.","私たちは博物館を訪れる*たびに*何かしら新しい発見をすることができる。","2025-02-03 10:56:59","2025-02-03 10:56:59"
6312,7831,"The beautiful scenery came into view *the moment* we turned the corner.","私たちが角を曲がる*とすぐに*美しい景色が見えてきた。","2025-02-03 10:58:20","2025-02-03 10:58:20"
6313,7832,"*When it comes to* job satisfaction, most people say their salary doesn’t necessarily take top priority.","仕事の満足度*のこととなると*、給料は必ずしも最優先ではないとほとんどの人が言う。","2025-02-03 11:00:07","2025-02-03 11:00:07"
6314,7833,"Outwardly, Sam looked happy, but *as it was*, he was deeply concerned about his mother’s condition.","見たところサムは楽しそうに見えたが、*実際は*彼の母親の体調を非常に心配していた。","2025-02-03 11:03:36","2025-02-03 11:03:36"
6315,7833,"The police told the family to leave the room *as it was* for the investigation.","警察はその家族に、捜査のために部屋を*そのままに*しておくように言った。","2025-02-03 11:03:36","2025-02-03 11:03:36"
6316,7834,"*As far as* I *am concerned*, two cups of coffee a day are more than enough.","私*に関する限り*、1日にコーヒー2杯は十分過ぎるほどだ。","2025-02-03 11:05:18","2025-02-03 11:05:18"
6317,7835,"The ingredients for this recipe are *as follows*; water, lemon juice, and sugar.","このレシピの材料は*次のとおり*です。水、レモン汁と砂糖です。","2025-02-03 11:06:30","2025-02-03 11:06:30"
6318,7836,"*As is often the case with* Davis, he overslept by half an hour and was late for class today.","デイビス*にはよくあることだが*、彼は今日30分寝過ごし、授業に遅れた。","2025-02-03 11:08:46","2025-02-03 11:08:46"
6319,7837,"*As* company bosses *go*, I think Mr. Yoshida is much younger than most.","*一般の*会社の社長*と比べると*、吉田氏はほとんどの人よりかなり若いと私は思う。","2025-02-03 11:10:41","2025-02-03 11:10:41"
6320,7838,"Lily said that she would prefer a larger home *if only* her family could afford it.","リリーは家族に金銭的余裕があり*さえすれば*、より大きい家の方がいいと言った。","2025-02-03 11:13:29","2025-02-03 11:13:29"
6321,7838,"*If only* I could make them understand my viewpoint.","彼らに私の視点を理解させることができ*さえすればいいのに*。","2025-02-03 11:13:29","2025-02-03 11:13:29"
6322,7839,"*If it were not for* music, our lives would be dull and boring.","*もし*音楽*がなければ*、私たちの生活は退屈でつまらないだろう。","2025-02-03 11:39:30","2025-02-03 11:39:30"
6323,7840,"Dogs are remarkably similar to human infants *in the way* they pay attention to us adults.","犬は、私たち大人に注目する*という点からすると*人間の幼児に著しく似ている。","2025-02-03 11:41:41","2025-02-03 11:41:41"
6324,7841,"He donated some money in hopes of reducing the number of people who starve *to death*.","餓*死する*人の数が減ることを願って、彼は幾らかのお金を寄付した。","2025-02-03 11:43:16","2025-02-03 11:43:16"
6325,7842,"Now that he has lived in Paris for six months, Kei speaks French *with* greater *ease*.","ケイはパリに住んで6ヶ月になるので、フランス語をずっと*容易に*話す。","2025-02-03 11:44:33","2025-02-03 11:44:33"
6326,7843,"*Believe it or not*, obesity also occurs even among people those living in poverty.","*まさかと思うような話だが*、肥満は貧しい生活をしている人々の間でさえも起きる。","2025-02-03 11:45:55","2025-02-03 11:45:55"
6327,7844,"The movie was boring and some of us were *not all that* interested in following the story.","その映画は退屈で、私たちの中には話の筋を追うのに*それほど*興味が*ない*者もいた。","2025-02-03 20:33:17","2025-02-03 20:33:17"
6328,7845,"Generally speaking, *the longer* you practice, *the better* you’ll get at anything.","一般的に、なんでも*長く*練習*すればするほど、いっそう上手に*なる。","2025-02-03 20:35:37","2025-02-03 20:35:37"
6329,7846,"*Just as* some people are born artists, *so* some are born athletes.","生まれながらの芸術家がいる*ように*、生まれながらのスポーツマンもいる。","2025-02-03 20:38:16","2025-02-03 20:38:16"
6330,7847,"You watched a movie until four? *No wonder* you look so tired and sleepy.","4時まで映画を見ていたの？疲れて眠そうな顔をしている*のは当然だ*ね。","2025-02-03 20:39:51","2025-02-03 20:39:51"
6331,7848,"Yesterday *it happened that* an old friend of mine and I were riding in the same train car.","昨日、*たまたま*旧友と私は列車の同じ車両に乗っていた。","2025-02-03 20:41:34","2025-02-03 20:41:34"
6332,7849,"If he’s from that city, *chances are* he may know about the temple which appears in that story.","彼がその町の出身なら、*ひょっとしたら*その物語に登場する寺について知っているかもしれない。","2025-02-03 20:43:17","2025-02-03 20:43:17"
6333,7850,"*There is no* denying that e-books have become an important part of people’s reading habits.","電子書籍が人々の読書習慣の重要な一部となってきていることは否定*できない*。","2025-02-03 20:44:41","2025-02-03 20:44:41"
6334,7851,"He is *not so much* a scholar *as* a journalist.","彼は学者*というより*ジャーナリストだ。","2025-02-03 20:46:07","2025-02-03 20:46:07"
6335,7852,"*Hardly* had we reached the cottage *when* it began to rain.","私たちが山小屋に到着する*かしないうちに*雨が降り始めた。","2025-02-03 20:47:32","2025-02-03 20:47:32"
6336,7853,"I *never* see you *without* thinking of my mother.","私はあなたに会う*と必ず*母のことを思い浮かべます。","2025-02-03 20:48:42","2025-02-03 20:48:42"
6337,7854,"*It goes without saying that* nothing is more important than our health.","健康ほど重要なものはない*ということは言うまでもない*。","2025-02-03 20:49:50","2025-02-03 20:49:50"
6338,7855,"*It is true* his grandmother is in her mid-90s, *but* she is still going very strong.","*確かに*彼の祖母は90代半ば*だが*、今なお非常に元気だ。","2025-02-03 20:51:55","2025-02-03 20:51:55"
6339,7856,"At the time, we all hoped *it wouldn’t be long before* the epidemic came to an end.","当時、私たちは皆、伝染病の流行が終わる*のに長くはかからないだろう*と期待していた。","2025-02-03 20:53:46","2025-02-03 20:53:46"
6340,7857,"*It is high time that* I bought a pair of new shoes.","私は*もういい加減に*新しい靴を買って*もよいころだ*。","2025-02-03 20:55:07","2025-02-03 20:55:07"
6341,7858,"*No sooner* had I come home *than* my mother gave me a call.","帰宅する*とすぐに*母親が私に電話してきた。","2025-02-03 20:56:29","2025-02-03 20:56:29"
6342,7859,"*It is no use* regretting what you didn’t do.","やらなかったことを後悔し*ても無駄だ*。","2025-02-04 08:40:54","2025-02-04 08:40:54"
6343,7860,"*It was not until* mid-April *that* the snow disappeared completely from the ground.","4月半ば*になって初めて*地面から雪が完全に消えた。","2025-02-04 08:42:57","2025-02-04 08:42:57"
6344,7861,"Friendship *is to* people *what* sunshine *is to* flowers.","友情*の*人*に対する関係は*日光*の*花*に対する関係に等しい*。","2025-02-04 08:44:38","2025-02-04 08:44:38"
6345,7862,"John left us in such a great hurry that he *didn’t so much as* say goodbye to us.","ジョンは大急ぎで去ったので、私たちにさよならを言うこと*さえしなかった*。","2025-02-04 08:46:54","2025-02-04 08:46:54"
6346,7863,"My grandfather often said that *nothing is more* precious *than* peace.","平和*ほど*大切な*ものはない*と祖父はよく言った。","2025-02-04 08:48:28","2025-02-04 08:48:28"
6347,7864,"The group made two proposals in two years: *the former* was on air pollution, *the latter* on global warming.","そのグループは2年間に2つ提言をした。*前者は*大気汚染、*後者は*地球温暖化に関することだ。","2025-02-04 08:50:44","2025-02-04 08:50:44"
6348,7865,"To know *is one thing*, and to teach *is another*.","知っていること*と*教えること*は別のものだ*。","2025-02-04 08:52:02","2025-02-04 08:52:02"
6349,7866,"To operate this machine, *all you have to do is* press this button.","この機械を操作するには、*ただ*このボタンを押し*さえすればよい*。","2025-02-04 08:53:35","2025-02-04 08:53:35"
6350,7867,"*Suffice it to say that* she didn’t do her duty as she was supposed to have done.","彼女は果たすべきだった義務を果たさなかった*と言えば十分であろう*。","2025-02-04 08:55:13","2025-02-04 08:55:13"
6351,7868,"The invention made by Samuel Morse in the 1830s *was to* be called the telegraph later.","1830年代にサミュエル・モールスにより成された発明は、後に電信と呼ばれる*ことになった*。","2025-02-04 09:00:37","2025-02-04 09:02:05"
6352,7868,"In a democratic society, all the citizens *are to* respect the rights of other people.","民主主義社会では、すべての国民は他人の権利を尊重する*べきだ*。","2025-02-04 09:00:37","2025-02-04 09:02:05"
6353,7868,"If this research *is to* be trustworthy, there should be at least 200 participants.","この研究を信頼できるものにするつもりなら、少なくとも200人の参加者がいる*べきだ*。","2025-02-04 09:02:05","2025-02-04 09:02:05"
6354,7869,"Facing strong opposition from the public, the government *was forced to* rethink the bill.","国民からの激しい反対に直面して、政府は*やむなく*その法案を見直し*た*。","2025-02-04 09:03:41","2025-02-04 09:03:41"
6355,7870,"I*’m supposed to* submit my application before the end of the week.","私は今週末までに願書を提出する*ことになっている*。","2025-02-04 09:05:11","2025-02-04 09:05:11"
6356,7871,"It is humans’ activities that *are to blame for* this climate change we’re seeing.","私たちが目の当たりにしているこの気候変動*に対して責めを負うべき*なのは、人類の活動である。","2025-02-04 09:07:09","2025-02-04 09:07:09"
6357,7872,"Everyone *is entitled to* their opinion, but to respect others’ opinions is also essential.","誰にでも自分の意見を持つ*資格がある*が、他の人の意見を尊重することも極めて重要だ。","2025-02-04 09:09:23","2025-02-04 09:09:23"
6358,7873,"People who do not sleep sufficiently *tend to* have a bigger appetite and eat more.","十分に睡眠を取らない人は、食欲がより旺盛でより多く食べる*傾向がある*。","2025-02-04 09:15:17","2025-02-04 09:15:17"
6359,7874,"It was just pure luck that we *happened to* be there and witness the historic incident.","私たちが*偶然*そこにいて歴史的事件を目撃し*た*のはまったくの幸運だった。","2025-02-04 09:17:15","2025-02-04 09:17:15"
6360,7875,"After a few hours of hard work, the boy finally *managed to* solve the math problem.","その少年は数時間一生懸命取り組んだ後、ついに*なんとか*その数学の問題を解い*た*。","2025-02-04 09:19:23","2025-02-04 09:19:23"
6361,7876,"No society *can afford to* ignore air pollution or climate change.","大気汚染や気候変動を無視する*余裕のある*社会はない。","2025-02-04 09:20:44","2025-02-04 09:20:44"
6362,7877,"Busy with her work, the lady at the desk didn’t even *bother to* look up.","机に向かっている女性は、仕事が忙しくて*わざわざ*顔を上げることもしなかった。","2025-02-04 09:22:31","2025-02-04 09:22:31"
6363,7878,"It seems the long hot summer we’ve had this year is finally *coming to an end*.","今年の長く暑い夏がようやく*終わり*つつあるようだ。","2025-02-04 09:23:47","2025-02-04 09:23:47"
6364,7879,"Some colleges have *gone so far as to* make studying abroad mandatory for graduation.","卒業にあたって海外留学を必須に*さえしている*大学もある。","2025-02-04 09:25:17","2025-02-04 09:25:17"
6365,7880,"Due to an approaching typhoon, we *had no choice but to* postpone our day at the beach.","接近する台風のために、私たちは海辺で過ごすのを延期する*よりほかに仕方がなかった*。","2025-02-04 09:27:19","2025-02-04 09:27:19"
6366,7881,"Tim proposed that we *spend* time *watching* the game on TV together.","私たちが一緒にテレビでその試合*を見て過ごす*ことをティムは提案した。","2025-02-04 13:43:52","2025-02-04 13:43:52"
6367,7882,"She *makes a point of* doing light exercise before she goes to bed.","彼女は寝る前に*必ず*軽い運動をする*よう努力している*。","2025-02-04 13:47:15","2025-02-04 13:47:15"
6368,7883,"It *remains to be seen* whether our efforts to stop climate change are really sufficient.","気候変動を阻止するための我々の努力が本当に十分かどうかは*まだわからない*。","2025-02-04 13:48:41","2025-02-04 13:48:41"
6369,7884,"I can’t *bring myself to* throw away a perfectly good glove although I’ll never find the other one.","もう一方の手袋は決して見つからないだろうが、完璧に素晴らしい片方の手袋を捨てる*気になれ*ない。","2025-02-04 13:50:19","2025-02-04 13:50:19"
6370,7885,"A young gentleman kindly *took the trouble to* take us to the nearest railroad station.","若い男の方が親切にも私たちを最寄りの鉄道駅まで*わざわざ*連れて行って*くれた*。","2025-02-04 13:51:54","2025-02-04 13:51:54"
6371,7886,"His performance *left nothing to be desired*.","彼の演技は申し分なかった。","2025-02-04 13:52:40","2025-02-04 13:52:40"
6372,7887,"*In order to* reduce pollution, everyone should use public transportation as much as possible.","汚染を減らす*ためには*、全員ができる限り公共交通機関を使うべきだ。","2025-02-04 15:03:42","2025-02-04 15:03:42"
6373,7888,"Water polo resembles handball and soccer but is different *in that* it is played in a pool.","水球はハンドボールとサッカーに似ているが、プールで行われる*という点で*異なっている。","2025-02-04 15:05:33","2025-02-04 15:05:33"
6374,7889,"I don’t mid what time you come to the office *as long as* it is before 11 a.m.","午前11時前*であれば*、あなたは何時に会社に来ても構いません。","2025-02-04 15:07:11","2025-02-04 15:07:11"
6375,7890,"Since this is very complicated, I myself will *see to it that* there is no mistake.","これは非常に複雑なので、私自身が間違いがない*ように気をつけます*。","2025-02-04 15:08:51","2025-02-04 15:08:51"
6376,7891,"The students asked their teacher to speak more slowly *so that* they *could* understand her.","生徒たちは、彼らが先生の言うことを理解*できるように*、もっとゆっくり話してくれるよう先生に頼んだ。","2025-02-04 15:10:37","2025-02-04 15:10:37"
6377,7892,"*By the time* we arrived at the party, there was nothing left to eat or drink.","私たちがパーティーに到着する*までには*、食べ物や飲み物はなくなっていた。","2025-02-04 15:12:51","2025-02-04 15:12:51"
6378,7893,"Her students have always practiced writing English, *so that* now they are all good English writers.","彼女の生徒たちは常に英語で書く練習をしてきた。*その結果*、今では全員が英語を上手にかける。","2025-02-04 15:15:06","2025-02-04 15:15:06"
6379,7894,"*Now that* the decision has been made, we will be obliged to accept it.","決定が下された*以上*、私たちはそれを受け入れざるを得ないだろう。","2025-02-04 15:16:23","2025-02-04 15:16:23"
6380,7895,"*In case* you have any questions, contact me anytime.","*もし*何か質問がある*なら*、いつでも私に連絡しなさい。","2025-02-04 15:18:15","2025-02-04 15:18:15"
6381,7895,"Father told us to take a map with us *in case* we got lost.","父は私たちに、迷う*といけないから*地図を持っていくように言った。","2025-02-04 15:18:15","2025-02-04 15:18:15"
6382,7896,"*Given that* he is richly experienced, we think he’s suitable for the new post.","彼が経験豊富である*ことを考慮すれば*、私たちは彼が新しいポストに適任だと思う。","2025-02-04 20:16:38","2025-02-04 20:16:38"
6383,7897,"*Even as* I write this, thinking of her, I can still feel her soft, warm hand in mine.","*まさに*彼女のことを思ってこれを書いている*ときも*、私は自分の手の中の彼女の柔らかくて温かい手を今でも感じられる。","2025-02-04 20:18:40","2025-02-04 20:18:40"
6384,7898,"I’m sure few, *if any*, team members doubted the truthfulness of the captain’s explanation.","キャプテンの説明の誠実さを疑ったチームのメンバーは、*もしいても*ごく少数だと確信している。","2025-02-04 20:21:02","2025-02-04 20:21:02"
6385,7899,"He was allowed to participate in the meeting *on the condition that* he remain silent.","彼は黙っている*という条件で*会議への参加を許可された。","2025-02-04 20:22:35","2025-02-04 20:22:35"
6386,7900,"The couple talked in low voices *lest* the people around them overhear.","そのカップルは周りの人*に*聞かれ*ないように*小声で話した。","2025-02-04 20:24:17","2025-02-04 20:24:17"
6387,7901,"*What with* overwork *and* exhaustion, nearly half the members fell ill.","過労*やら*疲労*やらで*、ほぼ半数のメンバーが病気になった。","2025-02-04 20:26:06","2025-02-04 20:26:06"
6388,7902,"His sister is a professional translator, *and* an excellent one *at that*.","彼の姉はプロの翻訳家で、*それも*優秀な翻訳家だ。","2025-02-04 20:28:03","2025-02-04 20:28:03"
6389,7903,"Giving people gifts is a pleasure for me, *inasmuch as* it also makes me happy to see people smile.","人がにっこりするのを見ると私も嬉しくなる*ので*、人に贈り物をすることは私にとって喜びだ。","2025-02-04 20:29:40","2025-02-04 20:29:40"
6390,7904,"Today we can buy *just about* any sort of food from anywhere on the globe, in any season.","今日私たちは*ほぼ*どんな種類の食べ物でも、地球のどこからでも、どの季節にも買うことができる。","2025-02-04 20:31:37","2025-02-04 20:31:37"
6391,7905,"The manager told us to *go ahead* and make a reservation at the restaurant.","部長は私たちに、*先に行って*レストランの予約をするように言った。","2025-02-04 20:33:00","2025-02-04 20:33:00"
6392,7906,"When you visit London, be sure to *check out* the Tower of London and Big Ben.","ロンドンを訪れる際には、ぜひロンドン塔とビッグ・ベン*を見てみ*なさい。","2025-02-04 20:36:13","2025-02-04 20:36:13"
6393,7906,"Sara is thinking of going to the library to *check out* a few books.","サラは数冊の本*を借り出す*ために図書館に行こうかと考えている。","2025-02-04 20:36:13","2025-02-04 20:36:13"
6394,7907,"With the epidemic raging at the time, many small business were barely *holding on*.","当時伝染病が猛威を振るっており、多くの中小企業はかろうじて*持ちこたえて*いた。","2025-02-04 20:40:08","2025-02-04 20:40:08"
6395,7907,"I’m going to take another picture, so just *hold on* a while longer.","もう1枚写真を撮りますから、もう少しの間*お待ち*ください。","2025-02-04 20:40:08","2025-02-04 20:40:08"
6396,7907,"At the top of the ladder, I felt scared because there was nothing to *hold on* to.","はしごのてっぺんで何も*つかむ*ものがなかったので、私は怖かった。","2025-02-04 20:40:08","2025-02-04 20:40:08"
6397,7908,"No sooner had I *hung up* the phone than there came another call.","私が電話*を切る*とすぐに、別の電話がかかってきた。","2025-02-04 20:41:43","2025-02-04 20:41:43"
6398,7909,"My sister had taught me how to cook the dish, so I *gave* it *a try* for myself this morning.","姉が私にその料理の仕方を教えてくれていたので、今朝自分でそれ*を試してみた*。","2025-02-04 20:44:24","2025-02-04 20:44:24"
6399,7910,"I want to move this to the corner. Will you *give* me *a hand*, please?","これを隅に移動させたい。私*に手を貸し*てくれますか。","2025-02-04 20:45:44","2025-02-04 20:45:44"
6400,7911,"When I called her, Saki said, “I’ll *call back* in an hour or so.”","私がサキに電話したとき、彼女は「1時間くらいしたら*折り返し電話する*」と言った。","2025-02-04 20:47:46","2025-02-04 20:47:46"
6401,7912,"With the beach closed for the season, we’re planning out summer schedule *from scratch*.","今シーズンは海辺が閉鎖されているので、私たちは夏の予定を*ゼロから*立てている。","2025-02-04 20:49:01","2025-02-04 20:49:01"
6402,7913,"We have just been to the airport to *see* my daughter *off* to Chicago.","私たちはシカゴへ向かう娘*を見送る*ために空港へ行ってきたところだ。","2025-02-04 20:50:26","2025-02-04 20:50:26"
6403,7914,"Kosuke can *hold his breath* much longer than any other boy.","コウスケは他のどの男子よりもずっと長く*息を止める*ことができる。","2025-02-04 20:51:50","2025-02-04 20:51:50"
6404,7915,"Ken was beginning to feel tired after having been *behind the wheel* for almost two hours.","ケンは2時間近く*運転して*きて、疲労を感じ始めていた。","2025-02-04 20:53:15","2025-02-04 20:53:15"
6405,7916,"He’s a bit behind the times. *Having said that*, I know he’s always reading newspapers.","彼は少し時代遅れだ。*とは言ったものの*、彼が常に新聞を読んでいることを私は知っている。","2025-02-04 20:54:57","2025-02-04 20:54:57"
6406,7917,"She’d promised me that she’d visit me around two, and she really did so at two *on the dot*.","彼女は2時ごろに私を訪問すると約束し、実際に2時*ちょうどに*訪ねてきた。","2025-02-04 20:56:27","2025-02-04 20:56:27"
6407,7918,"Could I *ask* you *a favor*? Please post this letter for me?","あなた*にお願いがある*のですが。この手紙を投函してください。","2025-02-05 10:09:19","2025-02-05 10:09:19"
6408,7919,"What in the world are you *driving at*? I can’t at all understand what you’re saying.","いったいどういう*つもり*ですか。あなたの言っていることは全く理解できません。","2025-02-05 10:11:00","2025-02-05 10:11:00"
6409,7920,"He thought he *lost face* by asking a silly question in public.","彼は人前でバカな質問をして*面目を失った*と思った。","2025-02-05 10:12:13","2025-02-05 10:12:13"
6410,7921,"I slipped on the road, and *before I knew it*, I found myself lying face down on the ground.","私は道路で滑って、*あっという間に*地面にうつ伏せになっていた。","2025-02-05 10:13:29","2025-02-05 10:13:29"
6411,7922,"Adam and I really wanted to see what was in that bedroom, so we *stuck around*.","アダムと私はその寝室に何があるのか本当に確かめたかったので、*その辺で待った*。","2025-02-05 10:14:59","2025-02-05 10:14:59"
6412,7923,"It’s a little past five, so let’s *call it a day*.","5時を少し過ぎましたので、*今日の仕事を終え*ましょう。","2025-02-05 10:16:02","2025-02-05 10:16:02"
6413,7924,"There is no doubt that anyone who *has a good command of* English has a bright future.","英語*を自由に使いこなす力がある*人は誰にも明るい未来があることは間違いない。","2025-02-05 10:17:45","2025-02-05 10:17:45"
6414,7925,"I’m *keeping my fingers crossed* that next Saturday is a perfect day for a picnic.","次の土曜日がピクニックにうってつけの日になることを*祈って*います。","2025-02-05 10:19:13","2025-02-05 10:19:13"
6415,7926,"In 2016, the U.S. President *paid a visit to* Hiroshima for the first time in history.","2016年、アメリカ合衆国大統領が歴史上初めて広島*を訪問した*。","2025-02-05 10:21:28","2025-02-05 10:21:28"
6416,7927,"He had an accident? He’d been speeding all the time, so it *serves* him *right*.","彼が事故に遭ったの？彼はいつもスピード違反をしていたから、彼*には当然の報いだ*。","2025-02-05 10:23:04","2025-02-05 10:23:04"
6417,7928,"The Japanese *go to the polls* to vote for the members of the Upper House every three years.","日本人は3年ごとに参議院議員を選ぶための*投票に行く*。","2025-02-05 10:24:18","2025-02-05 10:24:18"
6418,7929,"It’s been almost two years since she *took office* as governor of this prefecture.","彼女がこの件の知事に*就任して*から2年になろうとしている。","2025-02-05 10:25:52","2025-02-05 10:25:52"
6419,7930,"His parents were widely criticized for *turning a blind eye to* his antisocial behavior.","彼の両親は彼の反社会的好意を*見て見ぬふりをして*多くの人に非難された。","2025-02-05 10:28:02","2025-02-05 10:28:02"
6420,7931,"*Last but not least*, salt has many other uses such as melting ice on roads in snowy regions.","*最後になったが*、雪の多い地方では路上の氷を溶かすなど、塩にはほかのたくさんの用途がある。","2025-02-05 10:29:50","2025-02-05 10:29:50"
6421,7932,"The woman I am to meet today does not *know* me *by sight*.","今日会う予定の女性は私*の顔も知ら*ない。","2025-02-05 10:33:56","2025-02-05 10:33:56"
6422,7933,"Rob has a great sense of humor and loves *pulling* my *leg*.","ロブには素晴らしいユーモアの感覚があって、私*をからかう*のが大好きだ。","2025-02-05 10:35:46","2025-02-05 10:35:46"
6423,7934,"*The bottom line* is that all of us have to be there without fail by ten tomorrow morning.","*要点*は、私たち全員が明日の朝10時までに必ずそこにいなければならないということだ。","2025-02-05 10:40:20","2025-02-05 10:40:20"
6424,7935,"The baby has now started to *take a* good *look at* anything presented to him before taking it.","その赤ちゃんは今では、自分に差し出されたものは何でも、それを手に取る前にじっくり*見る*ようになってきた。","2025-02-05 10:43:39","2025-02-05 10:43:39"
6425,7936,"I want you to just imagine *what* it would feel like to *live* in extreme poverty as he did.","彼がそうしてきた極貧の中で暮らすこと*がどんなものか*、あなたにちょっと想像してもらいたい。","2025-02-05 10:45:42","2025-02-05 10:45:42"
6426,7937,"*What* do you go on a diet *for*, if you end up losing your health?","結局健康を害することになるのなら、*どうして*ダイエットをするのですか。","2025-02-05 10:47:23","2025-02-05 10:47:23"
6427,7938,"I *have no idea* what to buy Mary for her birthday.","メアリーの誕生日に彼女に何を買ってあげるべきか*見当がつかない*。","2025-02-05 10:48:27","2025-02-05 10:48:27"
6428,7939,"I’ve been trying in vain to repair this for hours. I *could use* some help from someone.","私は何時間もこれを修理しようとしているが、だめだ。誰かの手助け*があればありがたい*。","2025-02-05 10:49:51","2025-02-05 10:49:51"
6429,7940,"*How come* you didn’t show up for the morning practice yesterday?","*どうして*昨日、朝の練習に出なかったのですか。","2025-02-05 10:51:16","2025-02-05 10:51:16"
6430,7941,"*Take your time* walking down these steps: they’re very slippery after the rain.","*ゆっくり*この階段を降りてください。雨の後でとても滑りやすいですから。","2025-02-05 10:52:36","2025-02-05 10:52:36"
6431,7942,"You’ve been very busy the whole week; maybe it’s best to *take it easy* over the weekend.","あなたは丸1週間とても忙しかった。週末は*のんびりするの*がいいでしょう。","2025-02-05 10:54:17","2025-02-05 10:54:17"
6432,7943,"“Thank you very much for your help. I really appreciate it.” “*My pleasure*.”","「手伝ってくれてありがとう。本当に感謝しています」「*どういたしまして*」","2025-02-05 10:55:48","2025-02-05 10:55:48"
6433,7944,"My brother said he had a hard time *making himself understood* in English the other day.","私の弟は、先日英語で*自分の言うことを相手にわかってもらう*のに苦労したと言った。","2025-02-05 10:58:41","2025-02-05 10:58:41"
6434,7945,"I don’t *see much of* him now, but we used to *see a lot of* each other.","現在は彼*にそれほど会わ*ないが、以前は互い*によく会っ*たものだ。","2025-02-05 11:00:42","2025-02-05 11:00:42"
6435,7946,"If you’re under the impression that this used car is a good buy, *think again*.","もしこの中古車がお買い得だと思い込んでいるのなら、*考え直し*なさい。","2025-02-05 11:02:02","2025-02-05 11:02:02"
6436,7947,"Please make yourself at home and *help yourself to* anything in the fridge.","どうぞくつろいで、冷蔵庫の中のものは何でも*自由に取って*ください。","2025-02-05 11:03:19","2025-02-05 11:03:19"
6437,7948,"“Do you think you’ll be finished with this by the early evening?” “No, *I’m afraid not*.”","「あなたは夕方までにこれを終えてしまっていると思いますか」「いいえ、*残念ながらそうは思いません*」","2025-02-05 11:05:22","2025-02-05 11:05:22"
6438,7949,"Since we’ve done a good job, let’s *treat* ourselves *to* something special this evening.","私たちは良い仕事をしたので、今夜は自分たち*に*何か特別なもの*をご馳走し*よう。","2025-02-05 11:07:01","2025-02-05 11:07:01"
6439,7950,"We *were* completely *fed up with* all those traffic jams during the “Golden Week” holidays.","私たちはゴールデンウィーク中のそうした交通渋滞*に*すっかり*うんざりしていた*。","2025-02-05 11:09:16","2025-02-05 11:09:16"
6440,7951,"I thought of visiting him, but *come to think of it*, he’s been studying in America for some time.","私は彼を訪ねてみようと思ったが、*考えてみると*彼はしばらくの間アメリカで勉強しているのだった。","2025-02-05 11:11:11","2025-02-05 11:11:11"
6441,7952,"The film director was *highly thought of* by most critics.","その映画監督はほとんどの批評家に*高く評価さ*れていた。","2025-02-05 11:12:40","2025-02-05 11:12:40"
6442,7953,"*Legend has it that* there used to live kappa, imaginary creatures, in the river around here.","*伝説によると*、想像上の生き物である河童がかつてこの辺りの川に住んでいた*ということだ*。","2025-02-05 11:14:42","2025-02-05 11:14:42"
6443,7954,"*Here we are* at the end of the line. This is where I’ve wanted to for a long time.","終点に*着きました*。ここは私が長いこと来たいと思っていた場所です。","2025-02-05 11:16:39","2025-02-05 11:16:39"
6444,7955,"John and I *hit it off* from the moment we met in college five years ago.","ジョンと私は5年前に大学であった瞬間から*仲良くなった*。","2025-02-05 11:17:59","2025-02-05 11:17:59"
6445,7956,"*Watch your step*, everyone! It’s dark and very slippery in here.","みなさん、*足元に注意して*ください。ここは暗くてとても滑りやすいです。","2025-02-05 11:19:22","2025-02-05 11:19:22"
6446,7957,"Please don’t forget to *give my* best *regards to* your father.","忘れずにあなたのお父さん*に*くれぐれも*よろしくとお伝え*ください。","2025-02-05 11:20:39","2025-02-05 11:20:39"
6447,7958,"“Oh, no! I forgot to bring the box.” “*You’re kidding*. We don’t have time to go back home to get it.”","「しまった！その箱を持ってくるのを忘れた」「*冗談でしょ*。家に戻って取ってくる時間はないよ」","2025-02-05 11:22:29","2025-02-05 11:22:29"
6448,7959,"Our brain *is* especially *susceptible to* temptation when we’re feeling bad or sad.","気分が悪いときや悲しいとき、私たちの脳は特に誘惑*の影響を受けやすい*。","2025-02-05 18:28:33","2025-02-05 18:28:33"
6449,7960,"I’m afraid what he’s been saying *is* completely *at odds with* what he’s been doing.","彼が言っていることはやっていること*と*完全に*食い違っている*のではないかと思う。","2025-02-05 18:30:18","2025-02-05 18:30:18"
6450,7961,"My father is a policeman and *is committed to* the safety and security of society.","私の父は警察官で、社会の安全・安心*に献身している*。","2025-02-05 18:33:07","2025-02-05 18:33:07"
6451,7962,"Whether you love or hate it, AI is definitely *here to stay*.","好むと好まざるとに関わらず、人工知能は確実に*定着している*。","2025-02-05 18:34:12","2025-02-05 18:34:12"
6452,7963,"Those who have difficulty sleeping well *are liable to* wake up in the middle of the night.","熟睡するのが難しい人は真夜中に目を覚まし*がちだ*。","2025-02-05 18:35:39","2025-02-05 18:35:39"
6453,7964,"The politician who was arrested for vote buying seemed to have *been intent on* reelection.","票の買収で逮捕されたその政治家は再選*に懸命だった*ように思われた。","2025-02-05 18:37:27","2025-02-05 18:37:27"
6454,7965,"I *was no match for* Makoto at Japanese chess, and he beat me in three games in a row.","私は将棋では*とても*マコト*にはかなわず*、彼は3局連続して私を打ち負かした。","2025-02-05 18:39:00","2025-02-05 18:39:00"
6455,7966,"She*’s* very *vulnerable to* criticism, so don’t say anything that might upset her further.","彼女はとても批判*に弱い*ので、彼女をそれ以上動揺させるかもしれないことは何も言わないように。","2025-02-05 18:41:44","2025-02-05 18:41:44"
6456,7967,"Any customer who comes in the store today *is eligible for* the discount.","本日ご来店のお客様はどなたでも割引*される資格があります*。","2025-02-05 18:42:55","2025-02-05 18:42:55"
6457,7968,"Although it lasts almost three hours, we all agree this movie *is worth* seeing many times.","その映画は3時間近く続くが、何回も見る*価値がある*と私たち全員の意見が一致している。","2025-02-05 18:44:14","2025-02-05 18:44:14"
6458,7969,"I’m under the impression that that guy *is out to* make money at our expense.","あの男は私たちのお金で金儲け*をしようとしている*のではないかという気がする。","2025-02-05 18:45:23","2025-02-05 18:45:23"
6459,7970,"The topic the speaker talked on was something I’m very interested in, so I *was all ears*.","講演者が話したテーマは私がとても興味を持っているものだったので、*一心に耳を傾けた*。","2025-02-05 18:46:47","2025-02-05 18:46:47"
6460,7971,"At the news that she’d passed the entrance exam, she *was beside herself with* joy.","彼女は自分が入学試験に合格したという知らせを聞き、うれしさ*で我を忘れた*。","2025-02-05 18:48:34","2025-02-05 18:48:34"
6461,7972,"I’m not good at math, so probably I*’m* not *cut out to be* a scientist.","私は数学が得意ではないので、おそらく科学者*には向いてい*ない。","2025-02-05 18:50:00","2025-02-05 18:50:00"
6462,7973,"How long ago was it that the Harry Potter novels *were all the rage*?","ハリー・ポッターの小説が*大流行した*のはどのくらい前のことですか。","2025-02-05 18:51:06","2025-02-05 18:51:06"
6463,7974,"The study was unable to *account for* the effects of stressful events on emotion.","その調査はストレスのかかる出来事が感情に与える影響*の説明にはなら*なかった。","2025-02-05 18:53:03","2025-02-05 18:54:39"
6464,7974,"A research study has found that habits *account for* about 40 percent of out daily behaviors.","習慣が私たちの日々の行動の約40%*を占める*ということが調査研究で明らかになっている。","2025-02-05 18:54:39","2025-02-05 18:54:39"
6465,7975,"Moving around the world *allows for* a new way of seeing things.","世界中を巡ることは物事の新しい見方*を可能にする*。","2025-02-05 18:55:43","2025-02-05 18:55:43"
6466,7976,"We wanted at least 100, 000 yen for the project, but had to *settle for* 80,000 yen.","私たちはその企画のために最低10万円欲しかったが、8万円*で我慢し*なければならなかった。","2025-02-05 18:57:06","2025-02-05 18:57:06"
6467,7977,"On a long autumn night, many people *yearn for* the hometown they left a long time ago.","秋の夜長には、多くの人々は遠い昔に後にした故郷*を恋しがる*。","2025-02-05 18:58:25","2025-02-05 18:58:25"
6468,7978,"Yamada’s knowledge of chemistry *counted for* a great deal in his new position.","山田さんの化学の知識は彼の新しいポストでは大いに*価値を持っていた*。","2025-02-05 18:59:41","2025-02-05 18:59:41"
6469,7979,"To help *cope with* their daily stress, many people take up yoga.","日々のストレス*を処理する*助けとして、多くの人々がヨガを始める。","2025-02-05 19:00:52","2025-02-05 19:00:52"
6470,7980,"We arranged our trip to *coincide with* the start of baseball season.","私たちは野球シーズンの始まり*と一致する*ように旅行を手配した。","2025-02-05 19:02:05","2025-02-05 19:02:05"
6471,7981,"Needless to say, everybody who opens a business has to *comply with* the law.","言うまでもなく、ビジネスを始める人は誰でも法律*に従わ*なければならない。","2025-02-06 07:59:02","2025-02-06 07:59:02"
6472,7982,"I think she can *dispense with* any more advice.","彼女はこれ以上の助言*はなしですます*ことができると私は思う。","2025-02-06 08:01:40","2025-02-06 08:01:40"
6473,7983,"Katy took a few days off to *attend to* her personal matters.","ケイティは自身の個人的な問題*を処理する*ために数日休暇を取った。","2025-02-06 08:03:44","2025-02-06 08:03:44"
6474,7984,"As a girl, Eri *aspired to* a career in medicine, but changed her mind later.","少女のころ、エリは医学分野での職業*を熱望していた*が、後に考えを変えた。","2025-02-06 08:06:21","2025-02-06 08:06:21"
6475,7985,"After two months of intense struggle, it seemed as if he’d decided to *submit to* his fate.","2か月間の苦闘の末、彼は運命*に屈する*ことを決めたように思われた。","2025-02-06 08:08:12","2025-02-06 08:08:12"
6476,7986,"If they had been asked individually, nobody would have *consented to* this crazy proposal.","もしも彼らが個別に尋ねられていたなら、こんなばかげた提案*には*誰も*同意し*なかっただろう。","2025-02-06 08:10:17","2025-02-06 08:10:17"
6477,7987,"Today many ordinary people *deal in* stocks via the internet.","今日では多くの普通の人がインターネット経由で株*を扱っている*。","2025-02-06 08:11:38","2025-02-06 08:11:38"
6478,7988,"We won’t be able to reach a consensus if he *persists in* his demand.","彼が自分の要求*に固執する*なら、私たちは意見の一致に至れないだろう。","2025-02-06 08:13:16","2025-02-06 08:13:16"
6479,7989,"Alex is now able to *indulge in* her favorite hobby, knitting, because she retired last month.","アレックスは先月退職したので、今は大好きな趣味である編み物を*思う存分する*ことができる。","2025-02-06 08:15:53","2025-02-06 08:15:53"
6480,7990,"To deal with the shrinking workforce, Japan has *embarked on* what is called a robot revolution.","労働人口の減少に対処するために、日本はいわゆるロボット革命*に乗り出している*。","2025-02-06 08:18:00","2025-02-06 08:18:00"
6481,7991,"I’d like to *dwell on* this point further because it’s so important.","この点は非常に重要なので、さらにこのこと*を詳しく論じ*たい。","2025-02-06 08:25:05","2025-02-06 08:25:05"
6482,7991,"It is futile to *dwell on* the problems of today; instead, let’s try to have unlimited optimism.","今日の問題*についてくよくよ考え*ても無益だ。代わりに、無限の楽観主義を持つようにしよう。","2025-02-06 08:25:05","2025-02-06 08:25:05"
6483,7992,"The succession of late nights was beginning to *tell on* his health.","連日の夜更かしは彼の健康*に影響し*始めていた。","2025-02-06 08:26:43","2025-02-06 08:26:43"
6484,7993,"We should *refrain from* talking loudly here in the middle of the night.","私たちは真夜中にここで大声で話すの*を慎む*べきだ。","2025-02-06 08:27:50","2025-02-06 08:27:50"
6485,7994,"This author writes in her book about her experience of being *discriminated against* as a child.","この著者は、著書の中で子供のころに*差別さ*れた経験について書いている。","2025-02-06 08:29:21","2025-02-06 08:29:21"
6486,7995,"Once you’ve signed a contract with anyone, you’re supposed to *abide by* it to the letter.","どんな人との契約でもいったん署名してしまったら、厳密にそれ*に従わ*なければならない。","2025-02-06 08:30:55","2025-02-06 08:30:55"
6487,7996,"We’d thought the preparations were perfect, things didn’t *work out* the way we’d expected.","準備は完璧だと思っていたが、物事は私たちが期待していたようには*うまくいか*なかった。","2025-02-06 08:38:11","2025-02-06 08:39:34"
6488,7996,"James wishes to stay in good shape and *works out* at a gym three times per week.","ジェームズは調子の良い状態を保ちたいと願って、週に3回ジムで*運動している*。","2025-02-06 08:39:34","2025-02-06 08:39:34"
6489,7997,"The police *ruled out* the possibility that the robber might have entered through the window.","警察は強盗が窓から侵入したかもしれないという可能性*を排除した*。","2025-02-06 08:41:04","2025-02-06 08:41:04"
6490,7998,"The investigative committee *singled out* the direct cause of the incident.","調査委員会はその事故の直接的な原因*を取り上げた*。","2025-02-06 08:42:17","2025-02-06 08:54:46"
6491,7999,"Father *passed out* last night and was rushed to the hospital by ambulance.","お父さんは昨夜*気絶して*、救急車で病院に急いで搬送された。","2025-02-06 08:43:57","2025-02-06 08:43:57"
6492,8000,"Jim said I *missed out on* something interesting by not going with him to the exhibition.","ジムは、彼と展覧会に行かなかったことで私が面白いこと*を逃した*と言った。","2025-02-06 08:43:57","2025-02-06 08:43:57"
6493,8001,"I think it’s almost time to *wind up* this meeting.","そろそろこの会議*を終わりにする*ころだと思います。","2025-02-06 08:57:07","2025-02-06 08:57:07"
6494,8002,"I went into a vegetable patch and *pulled up* a carrot, but it looked too small for anything.","私は家庭菜園へ行ってニンジン*を引き抜いた*が、何に使うにしても小さすぎるようだった。","2025-02-06 09:02:08","2025-02-06 09:02:08"
6495,8002,"Our minibus *pulled up* in front of a small office building on a busy commercial street.","私たちのマイクロバスは賑やかな商店街にある小さなオフィスビルの正面に*止まった*。","2025-02-06 09:02:08","2025-02-06 09:02:08"
6496,8003,"After he’d tried several times, Jim finally *threw up* his hands and gave up the attempt.","ジムは何回か挑戦した後で、とうとう両手*を上げ*、試みをあきらめた。","2025-02-06 09:04:41","2025-02-06 09:04:41"
6497,8003,"Hiro became sick soon after dinner and had *thrown up* several times by midnight.","ヒロは夕食の直後に気分が悪くなり、真夜中までに何回も*吐いた*。","2025-02-06 09:04:41","2025-02-06 09:04:41"
6498,8004,"The law decrees that dogs running loose be *rounded up* for the safety of the public.","法律は、公衆の安全のためにつながれていない犬は*駆り集めら*れるべきだと定めている。","2025-02-06 09:06:24","2025-02-06 09:06:24"
6499,8005,"This detective story *caught on* probably because its ending is really surprising.","この探偵小説はおそらく結末が本当に意外なので*人気が出た*。","2025-02-06 09:08:38","2025-02-06 09:08:38"
6500,8005,"It took a minute before I *caught on* to what he meant by his joke.","彼が冗談で言おうとしたことを*理解する*のにちょっと時間がかかった。","2025-02-06 09:08:38","2025-02-06 09:08:38"
6501,8006,"You’re utterly mistaken if you thought you could cheat on exams and *get away with* it.","もしあなたが試験でカンニングをしてそれ*をうまくやってのけられる*と考えていたなら、まったくの勘違いだ。","2025-02-07 10:18:05","2025-02-07 10:18:05"
6502,8006,"Today’s news paper says someone *got away with* three million yen from a nearby supermarket.","近くのスーパーで誰かが300万円*を持ち逃げした*と今日の新聞に出ている。","2025-02-07 10:18:05","2025-02-07 10:18:05"
6503,8007,"In the interview, the politician *shied away from* any question concerning his private life.","インタビューで、その政治家は私生活に関するどんな質問*も避けた*。","2025-02-07 10:22:34","2025-02-07 10:22:34"
6504,8008,"I had to kill a couple of hours the other day, so I *hung around* in a park nearby.","先日、私は2、3時間潰さなければならなかったので、近くの公園を*ぶらついた*。","2025-02-07 10:24:06","2025-02-07 10:24:06"
6505,8009,"Let’s *get down to* business: there’s a lot of work to do today.","仕事*に本気で取り掛かり*ましょう。今日はたくさんやることがあるから。","2025-02-07 10:26:06","2025-02-07 10:26:06"
6506,8010,"He felt *let down* when she failed to do what she’d promised.","彼女が約束したことをできなかったとき、彼は*失望させら*れたと感じた。","2025-02-07 10:27:15","2025-02-07 10:27:15"
6507,8011,"It must have taken a lot of organization and hard work to *pull off* such a big party.","そんな盛大なパーティー*をやってのける*には大変な組織力と労力が必要だったに違いない。","2025-02-07 10:28:35","2025-02-07 10:28:35"
6508,8012,"Yui *followed through on* the promise to return home by ten.","ユイは10時までに帰宅するという約束*を最後まで守った*。","2025-02-07 10:30:20","2025-02-07 10:30:20"
6509,8013,"He says he often *finds himself thinking* of the woman he parted from a long time ago.","彼は、*気がつくと*ずっと前に別れた女性のことをよく*考えている*と言う。","2025-02-07 10:34:05","2025-02-07 10:34:05"
6510,8014,"Every chef dreams of great produce, but most *make do with* what is available on the market.","すべての料理人は素晴らしい農産物を夢見ているが、ほとんどの人は市場で手に入る物*で間に合わせている*。","2025-02-07 10:35:43","2025-02-07 10:35:43"
6511,8015,"I’m sure he’ll *make good* in his new job.","彼は新しい仕事で*成功する*と私は確信している。","2025-02-07 10:38:16","2025-02-07 10:38:16"
6512,8015,"In a year, his landlady *made good* her warning and evicted him from his room.","1年後に、彼の大家の女性は自らの刑こと*を遂行し*、彼を部屋から立ち退かせた。","2025-02-07 10:38:16","2025-02-07 10:38:16"
6513,8016,"With prices rising, it is becoming harder for anyone to *make ends meet* these days.","物価が上昇しているので、最近では誰でも*収入内でやりくりする*のがより難しくなってきている。","2025-02-07 10:39:51","2025-02-07 10:39:51"
6514,8017,"As a small child, Fred liked to *make believe* he was a ninja on a secret mission.","フレッドは子供のころ、秘密の任務を帯びた忍者*のふりをする*のが好きだった。","2025-02-07 10:41:24","2025-02-07 10:41:24"
6515,8018,"Patients tend to *take* it *for granted* that a doctor knows everything, but does he?","患者は、医師がなんでも知っているの*を当然だと思い*がちだが、そうだろうか。","2025-02-07 10:42:55","2025-02-07 10:42:55"
6516,8019,"Our big mistake was that we hadn’t *taken* the traffic conditions *into account*.","私たちの大きな失敗は交通状況*を考慮に入れ*なかったことだった。","2025-02-07 10:44:24","2025-02-07 10:44:24"
6517,8020,"The teacher *took hold of* the child’s hand and led her gently into the classroom.","先生はその子供の手*を取り*、優しく教室の中へいざなった。","2025-02-07 10:45:48","2025-02-07 10:45:48"
6518,8021,"The employer *took* no *notice of* his manager’s advice and made a mistake.","社長は部長の助言*に注意を払わ*ず、間違いを犯した。","2025-02-07 10:47:49","2025-02-07 10:47:49"
6519,8022,"The revised law concerning privacy *took effect* on January 1 this year.","プライバシーに関する改正法が今年の1月1日に*施行された*。","2025-02-07 10:50:18","2025-02-07 10:50:18"
6520,8022,"In half an hour, the medicine he took began to *take effect*.","30分後、彼が飲んだ薬が*効き*始めた。","2025-02-07 10:50:18","2025-02-07 10:50:18"
6521,8023,"Koji seems to be *taking* great *pains* to avoid meeting Ryota face to face.","コウジはリョウタと面と向かって会うのを避けるのに*苦心して*いるようだ。","2025-02-07 10:54:43","2025-02-07 10:54:43"
6522,8024,"His mother told him to *keep track of* all the money he spent while he was traveling.","彼の母親は彼に旅行中に使ったすべてのお金*を把握しておく*ように言った。","2025-02-07 10:56:38","2025-02-07 10:56:38"
6523,8025,"She asked me to *keep* her *company* until her parents came home.","彼女は私に両親が帰宅するまで彼女*と一緒にいて*欲しいと頼んだ。","2025-02-07 10:58:50","2025-02-07 10:58:50"
6524,8026,"My father always reads a newspaper attentively to *keep abreast of* economic trends.","父は経済の動向*に遅れずついて行く*ためにいつも新聞を注意深く読む。","2025-02-07 11:00:35","2025-02-07 11:00:35"
6525,8027,"Mary *let go of* her mother’s hand when they were slating, and then she had a fall.","メアリーはスケートをしていた時に母親の手*を放し*、そして転倒した。","2025-02-07 11:02:03","2025-02-07 11:02:03"
6526,8028,"It’s not so easy for new companies to *live up to* customer’s expectations.","新しい会社が顧客の期待*に添う*ことはそれほど容易なことではない。","2025-02-07 11:04:03","2025-02-07 11:04:03"
6527,8029,"He couldn’t have *looked* her straight *in the eye* if he’d had any evil intent on her.","彼がもし彼女に対して悪意を持っていたなら、彼は彼女*の目を正視する*ことができなかっただろう。","2025-02-07 11:05:59","2025-02-07 11:05:59"
6528,8030,"To try to empathize with others — this basic rule *holds true* no matter what our belief is.","他人に共感しようとすること、この基本的な法則は私たちにどんな信念があろうと*当てはまる*。","2025-02-07 11:07:21","2025-02-07 11:07:21"
6529,8031,"He’s trying hard to *come to terms with* the earlier life he’d lived recklessly.","彼は無謀に生きた若い頃の生活*に折り合いをつけ*ようと努力している。","2025-02-07 11:09:10","2025-02-07 11:09:10"
6530,8032,"It *came to light* that some athletes had been gambling at illegal casinos.","違法カジノでギャンブルをしていたスポーツ選手たちがいたことが*明るみに出た*。","2025-02-07 18:40:13","2025-02-07 18:40:13"
6531,8033,"In most countries of the world, people legally *come of age* at 18.","世界のほとんどの国では、18歳で法的に*成人になる*。","2025-02-07 18:41:07","2025-02-07 18:41:07"
6532,8034,"She studied Chinese, assuming knowledge of it would *come in handy* for getting a job.","彼女は就職にその知識が*役立つ*だろうと考えて、中国語を勉強した。","2025-02-07 18:42:20","2025-02-07 18:42:20"
6533,8035,"We did out best to succeed, but the project *fell short of* our goal.","私たちは成功するために全力を尽くしたが、プロジェクトは目標*に達しなかった*。","2025-02-07 18:43:44","2025-02-07 18:43:44"
6534,8036,"Knowing a few words of the country you travel to *goes a long way to* make your trip more enjoyable.","旅行する国の言葉を少し知っていることは、あなたの旅をより楽しいものになる*のに大いに役立つ*。","2025-02-07 18:45:32","2025-02-07 18:45:32"
6535,8037,"By signing an unfair contract, the boss *paved the way for* the bankruptcy of his company.","不公平な契約にサインをしたことで、社長は彼の会社が倒産*に向かう道を開いてしまった*。","2025-02-07 18:47:19","2025-02-07 18:47:19"
6536,8038,"The ability to create knowledge and *put* it *to* good *use* is the key characteristic of humans.","知識を生み出してうまくそれ*を利用する*能力は人間の主要な特性だ。","2025-02-07 18:48:37","2025-02-07 18:48:37"
6537,8039,"It *stands to reason* that children should be independent of their parents after a certain age.","子供たちがある年齢をすぎたら親から独立するべきだというのは*もっともなことである*。","2025-02-07 18:49:55","2025-02-07 18:50:04"
6538,8040,"I’m really looking forward to *seeing the sights of* your country on my trip next month.","私は来月の旅行であなたの国*の観光をする*のを本当に楽しみにしています。","2025-02-07 18:51:45","2025-02-07 18:51:45"
6539,8041,"Her letter doesn’t communicate much, but *reading between the lines*, I can tell she is sad.","彼女の手紙からはあまり多くのことが伝わってこないが、*行間を読む*と彼女は悲しいのだとわかる。","2025-02-07 18:53:18","2025-02-07 18:53:18"
6540,8042,"John’s company has introduced a new product, but rival firms are expected to *follow suit* soon.","ジョンの会社は新製品を発表したが、競合他社がすぐに*真似をする*だろう。","2025-02-07 18:54:45","2025-02-07 18:54:45"
6541,8043,"When we were in junior high, we often *played jokes on* our history teacher.","私たちが中学生だったとき、よく歴史の先生*にいたずらをした*。","2025-02-07 18:56:00","2025-02-07 18:56:00"
6542,8044,"The noise from the nearby construction site is *getting on* my *nerves*, and I can’t concentrate.","近くの建設現場からの騒音が私*の神経にさわり*、集中できない。","2025-02-07 18:59:26","2025-02-07 18:59:26"
6543,8045,"No one can *get the better of* her in an argument.","議論で彼女*に勝つ*ことができる人はいない。","2025-02-07 19:01:09","2025-02-07 19:01:09"
6544,8046,"Bob wants to *get even with* AI for bullying him.","ボブはいじめられたことである*に仕返しをした*いと思っている。","2025-02-07 19:02:22","2025-02-07 19:02:22"
6545,8047,"The traditional way to learn to *keep* our emotions *in check* is to sit and meditate.","私たちが感情*を抑えら*れるようになる伝統的な方法は、座って瞑想することだ。","2025-02-07 19:03:48","2025-02-07 19:03:48"
6546,8048,"You need to *have an eye for* color and style if you want to be a fashion designer.","ファッションデザイナーになりたければ、色とスタイル*に対する眼識を持っている*必要がある。","2025-02-07 19:05:48","2025-02-07 19:05:48"
6547,8049,"To finish my thesis in time — I’ve had only this *on my mind* all these three months.","論文を間に合わせること、この3か月間ずっとこのことだけ*を気にしている*。","2025-02-07 19:07:13","2025-02-07 19:07:13"
6548,8050,"Mariko says that though she speaks some French, she *has yet to* visit France.","マリコはフランス語を少しだけ話すが、*まだ*フランスを訪問*してはいない*と言う。","2025-02-07 19:08:44","2025-02-07 19:08:44"
6549,8051,"I’m glad my mother never knew how high I *dared to* climb.","私がどんなに高い所に登*ろうとした*のかを母が全く知らなくて良かったと思う。","2025-02-07 19:10:09","2025-02-07 19:10:09"
6550,8052,"The government is reportedly considering *imposing* a new tax *on* us to fund its post-epidemic activities.","伝えられるところによれば、政府は伝染病流行後の活動の財源にするために新たに税金*を*私たち*に課すこと*を検討中だ。","2025-02-07 19:12:30","2025-02-07 19:12:30"
6551,8053,"He *ascribed* his failure in the examination *to* bad luck.","彼は試験に落ちたこと*を*不運*のせいにした*。","2025-02-07 19:14:05","2025-02-07 19:14:05"
6552,8054,"This incident *brought home* the importance of studying hard *to* Mayu.","この出来事は一生懸命勉強することの重要性*を*マユ*に痛感させた*。","2025-02-07 19:15:40","2025-02-07 19:15:40"
6553,8055,"The owner carefully displayed *a variety of* products in order to appeal to shoppers.","オーナーは買い物客の興味を引くように*いろいろな*製品を注意深く陳列した。","2025-02-07 20:27:29","2025-02-07 20:27:29"
6554,8055,"“Golden rice” is *a variety of* rice produced through genetic engineering.","「ゴールデンライス」は遺伝子組み換えによって作られた米*の1種*だ。","2025-02-07 20:27:29","2025-02-07 20:27:29"
6555,8056,"*A handful of* giant corporations dominate the worldwide industry of computer services.","*一握りの*巨大企業が世界中のコンピュータサービス産業を独占している。","2025-02-07 20:28:58","2025-02-07 20:28:58"
6556,8057,"At the time the family was faced with *a host of* difficulties, including financial ones.","当時、その家族は財政難を含む*多くの*困難に直面していた。","2025-02-07 20:30:18","2025-02-07 20:30:18"
6557,8058,"Today, as on any given day, *scores of* drones are launched and landed at the seashore nearby.","今日もいつもの日と同じように、*多数の*ドローンが近くの海岸で飛ばされたり着陸したりしている。","2025-02-07 20:31:48","2025-02-07 20:31:48"
6558,8059,"I’m glad to hear *many a* student wants to study abroad nowadays.","最近では*多くの*学生が海外留学したがっていると聞いて私はうれしい。","2025-02-07 20:33:06","2025-02-07 20:33:06"
6559,8060,"I’ve read *quite a few* self-help books in my life, and learned a lot from them.","私はこれまでに*かなりの数の*自己啓発本を読んできて、それらから多くのことを学んだ。","2025-02-07 20:34:23","2025-02-07 20:34:23"
6560,8061,"Wildlife rangers find *all manner of* items including toothbrushes in dead animal’s stomachs.","野生動物保護官は、死んだ動物の胃の中に歯ブラシを含む*あらゆる種類の*ものを見つける。","2025-02-07 20:36:14","2025-02-07 20:36:14"
6561,8062,"He’s the type who prefers to do things *on his own* rather than to work with others.","彼は他人と一緒に働くよりも*自分1人で*物事をするのを好むタイプだ。","2025-02-07 20:38:10","2025-02-07 20:38:10"
6562,8063,"What is *at issue* here is not whether disasters on that scale will occur but when they will.","ここで*問題な*のは、そのような規模の災害が起きるかどうかではなく、いつ起きるかということだ。","2025-02-07 20:39:49","2025-02-07 20:39:49"
6563,8064,"Yuta has on average 5,000 yes *at* his *disposal* as pocket money each month.","ユウタには毎月のお小遣いとして自分*の自由に使える*お金が平均5千円ある。","2025-02-07 20:41:32","2025-02-07 20:41:32"
6564,8065,"With so much *at stake*, we cannot afford to make mistakes.","非常に多くのことが*危うくなって*いるので、私たちは間違えることができない。","2025-02-07 20:42:40","2025-02-07 20:42:40"
6565,8066,"My mother asked me to check if there were *enough* chairs *to go around* for the party.","母は私にパーティーで*全員に行き渡るだけの*椅子があるかどうか確認するように頼んだ。","2025-02-07 20:44:06","2025-02-07 20:44:06"
6566,8067,"To help pay for tuition, I’m working part-time at a supermarket *every other* weekend.","学費の支払いを助けるために、私は*隔*週の週末にスーパーでアルバイトをしている。","2025-02-07 20:46:50","2025-02-07 20:46:50"
6567,8067,"I noticed then that *every other* adult on the train was starting at his or her own smartphone.","私はその時、電車内の*他の*大人*全員*が各々のスマートフォンを見ているのに気づいた。","2025-02-07 20:46:50","2025-02-07 20:46:50"
6568,8068,"Joe has little money at his disposal and little to save *for a rainy day*.","ジョーには自由に使えるお金も*緊急時に備えて*蓄えるお金もほとんどない。","2025-02-07 20:48:43","2025-02-07 20:48:43"
6569,8069,"It started to rain *in earnest* soon after I left the office.","私が会社を出るとすぐに*本格的に*雨が降り出した。","2025-02-07 20:49:36","2025-02-07 20:49:36"
6570,8070,"If you want to keep yourself *in good shape*, you need to exercise every day.","自分自身を*調子良く*しておきたければ、あなたは毎日運動する必要がある。","2025-02-07 20:50:37","2025-02-07 20:50:37"
6571,8071,"She apparently came to the party not expecting such a surprise was *in store for* her.","どうやら彼女はそんなサプライズが自分*のために用意して*あるとは思わずにパーティーに来たようだった。","2025-02-07 20:52:06","2025-02-07 20:52:06"
6572,8072,"Another book by the same author is *in the works* for publication soon.","同じ作家による次の本が近日出版の*準備中*だ。","2025-02-07 20:53:13","2025-02-07 20:53:13"
6573,8073,"The patient’s recovery was quick and even the doctors thought this was *nothing short of* a miracle.","その患者の回復は早く、医師たちでさえこれは*まさしく*奇跡だと思った。","2025-02-07 20:54:46","2025-02-07 20:54:46"
6574,8074,"Jack is staying with his friend for the time being until he finds a place *of his own*.","ジャックは*自分自身の*住居が見つかるまで、当分の間友人の家に泊まっている。","2025-02-07 20:56:04","2025-02-07 20:56:04"
6575,8075,"He seems to be in trouble again, but all those problems are *of his own making*.","彼はまたトラブルになっているようだが、そうした問題は全て*彼自身が引き起こした*ものだ。","2025-02-07 20:57:29","2025-02-07 20:57:29"
6576,8076,"Don’t you think we need a law or something to control smartphone use by people *on the move*?","*移動中の*人々のスマートフォン使用を規制する法律か何かが必要だとは思いませんか。","2025-02-07 20:59:25","2025-02-07 20:59:25"
6577,8077,"Her husband is a nice-looking man who is a little *on the* lean *side*.","彼女の夫は少し痩せ*気味の*ハンサムな男性だ。","2025-02-07 21:00:38","2025-02-07 21:00:38"
6578,8078,"We have to make sure that things don’t get *out of hand*.","私たちは自体が*手に負えなく*なることがないようになる必要がある。","2025-02-07 21:02:24","2025-02-07 21:02:24"
6579,8078,"A boy asked a question, but the chairman dismissed it *out of hand*.","少年が質問をしたが、議長は*即座に*それを退けた。","2025-02-07 21:02:24","2025-02-07 21:02:24"
6580,8079,"Our pet dog is old, so using stairs is *out of the question*.","うちのペットの犬は年老いているので、階段を使うなんて*あり得ない*。","2025-02-08 09:05:29","2025-02-08 09:05:29"
6581,8080,"In the last forty years, the *per capita* income of Americans has more than doubled.","過去40年で、アメリカ人*1人当たりの*収入は倍以上になった。","2025-02-08 09:07:12","2025-02-08 09:07:12"
6582,8081,"Erina is *right as rain* now; in fact, she’s already started taking some dance classes.","エリナは今では*すっかり健康*だ。実際、彼女はすでにいくつかのダンスの授業を始めている。","2025-02-08 09:08:50","2025-02-08 09:08:50"
6583,8082,"As far as math is concerned, Rupert is *second to none* in his class.","数学に関する限り、ルパートはクラスの*誰にも劣らない*。","2025-02-08 09:11:00","2025-02-08 09:11:00"
6584,8083,"She is *something of a* singer, but her songs are now behind the times.","彼女は*ちょっとした*歌手だが、彼女の歌は今では時代遅れだ。","2025-02-08 09:12:31","2025-02-08 09:12:31"
6585,8084,"*Upwards of* 95% of our company’s workers are university graduates.","私たちの会社の従業員の95%*以上*が大学卒だ。","2025-02-08 09:14:08","2025-02-08 09:14:08"
6586,8085,"*Regardless of* the weather, we’ll hold the tennis tournament as planned.","天候*にかかわらず*、我々は予定どおりテニストーナメントを開催するつもりだ。","2025-02-08 09:16:06","2025-02-08 09:16:06"
6587,8086,"*In accordance with* her instructions, I went to see him myself.","私は彼女の指示*に従って*、私自身で彼に会いに行った。","2025-02-08 09:17:21","2025-02-08 09:17:21"
6588,8087,"As an incentive, the winners were paid *in proportion to* their number of victories.","報奨金として、勝者は勝利の数*に比例して*お金をもらった。","2025-02-08 09:18:41","2025-02-08 09:18:41"
6589,8088,"There was heavy damage in this area *in the wake of* the typhoon.","台風*が通った後に*この地域ではひどい被害があった。","2025-02-08 09:20:12","2025-02-08 09:20:12"
6590,8089,"*As of* noon today, more students than the designated number have already signed up.","今日の正午*現在*、すでに指定された数を上回る学生が受講登録している。","2025-02-08 09:21:38","2025-02-08 09:21:38"
6591,8090,"Our project would definitely have ended in failure *but for* his earnest support.","彼の熱心な支援*がなければ*、私たちのプロジェクトは間違いなく失敗に終わっていただろう。","2025-02-08 09:22:55","2025-02-08 09:22:55"
6592,8091,"Jimmy has been *on* friendly *terms with* me for many years.","ジミーは長年にわたって私*と*親しい*間柄で*ある。","2025-02-08 09:24:33","2025-02-08 09:24:33"
6593,8092,"“It’s hard!” exclaimed one student, *on the verge of* tears.","「難しい！」泣き*そうになって*、1人の生徒が叫んだ。","2025-02-08 09:26:04","2025-02-08 09:26:04"
6594,8093,"Do you know if there is a post office *within walking distance of* the station?","駅*から歩いて行けるところに*郵便局があるかご存知ですか。","2025-02-08 09:27:51","2025-02-08 09:27:51"
6595,8094,"His words were a bit vague, but we thought they were *to the effect that* he’d be absent.","彼の言葉は少し曖昧だったが、私たちはそれは彼が欠席する*という趣旨で*あったと考えた。","2025-02-08 09:30:18","2025-02-08 09:30:18"
6596,8095,"Its lates performance is *a case in point*: the city promises a quick response but takes months.","市の直近の仕事ぶりが*適例*だ。すなわち、市は迅速な対応を約束するが、何か月もかかる。","2025-02-08 09:32:13","2025-02-08 09:32:13"
6597,8096,"The panelists discussed *the pros and cons* of using English as the sole language for higher education.","パネリストたちは高等教育において唯一の言語として英語を使うことの*賛否*を議論した。","2025-02-08 09:33:35","2025-02-08 09:33:35"
6598,8097,"The summer cottage my grandparents used to go to has became *a* complete *white elephant*.","祖父母がかつてよく行っていた夏の別荘は完全に*無用の長物*になっている。","2025-02-08 09:35:12","2025-02-08 09:35:12"
6599,8098,"When we met, *the elephant in the room* was the topic of their son having lost the election.","私たちが会ったときに*誰も触れたがらなかった話題*は、落選した彼らの息子のことだった。","2025-02-08 09:36:41","2025-02-08 09:36:41"
6600,8099,"I think the fact I have to work irregular hours is *part and parcel of* being a journalist.","私が不規則な時間に働かねばならないという事実は、ジャーナリストであること*の不可分の要素*だと私は思う。","2025-02-08 09:38:27","2025-02-08 09:38:27"
6601,8100,"I realized that he had known *all along* about their purpose in joining in our trip.","彼らが私たちの旅行に加わった目的について、彼は*最初から*知っていたのだと私は気づいた。","2025-02-09 18:41:46","2025-02-09 18:41:46"
6602,8101,"Our summer vacation has come to an end *all too* soon.","私たちの夏休みは*とても*早く終わってしまった。","2025-02-09 18:42:34","2025-02-09 18:42:34"
6603,8102,"After all, he is the leader of a community, and should be evaluated *as such*.","何といっても彼は地域のリーダーなのだから、*そういう人として*評価されるべきだ。","2025-02-09 18:44:01","2025-02-09 18:44:01"
6604,8103,"Touch is the most active sense, though which we experience the outer *first hand*.","触覚は最も活発な感覚で、それを通じて私たちは*直接*外界を知覚する。","2025-02-09 18:45:32","2025-02-09 18:45:32"
6605,8104,"They suggested that he come to their firm *at* his *convenience*.","彼らは、彼*の都合のよいときに*彼が出社することを提案した。","2025-02-09 18:46:53","2025-02-09 18:46:53"
6606,8105,"It is generally thought to be rude for a lot of friends to visit a person *at short notice*.","たくさんの友人が1人の人を*急に*訪問するのは失礼だと一般には考えられている。","2025-02-09 18:48:18","2025-02-09 18:48:18"
6607,8106,"During the day, the children were allowed to run around in the park *at will*.","子供たちは日中、*思いのままに*公園を走り回るのを許されていた。","2025-02-09 18:49:25","2025-02-09 18:49:25"
6608,8107,"*By and large*, the new measures announced by the government were well accepted.","*概して*、政府が発表した新しい政策は広く受け入れられた。","2025-02-09 18:50:35","2025-02-09 18:50:35"
6609,8108,"If you leave the situation as it is, I fear you’ll have a big problem *down the road*.","もし状況を今のままにしておけば、あなたは*やがて*大きな問題を抱えるだろうと私は懸念している。","2025-02-09 18:52:23","2025-02-09 18:52:23"
6610,8109,"Having discovered *early on* that he lacked the talent, he gave up the dream of becoming an artist.","*早い時期に*自分には才能がないと分かったので、彼は芸術家になる夢を諦めた。","2025-02-09 18:53:44","2025-02-09 18:53:44"
6611,8110,"I’ve become a bit tired of this game. How about trying something new *for a change*?","私はこのゲームに少し飽きてきました。*気分転換に*何か新しいのをやってみるのはどうですか。","2025-02-09 18:55:34","2025-02-09 18:55:34"
6612,8111,"I saw him playing here a couple of hours ago. He may have gone home *for all I know*.","私は2、3時間前に彼がここで遊んでいるのを見た。*よく走らないが*、彼は家に帰ってしまったかもしれない。","2025-02-09 18:57:25","2025-02-09 18:57:25"
6613,8112,"If you buy one item, you can get another *for nothing*.","商品を1つ買えば、*無料で*もう1つもらえます。","2025-02-09 18:59:31","2025-02-09 18:59:31"
6614,8112,"He tried very hard, but all he did was *for nothing*.","彼は一生懸命頑張ったが、彼がしたことは*無駄*だった。","2025-02-09 18:59:31","2025-02-09 18:59:31"
6615,8113,"At first, I didn’t think it would be difficult; *if anything*, I took it to be simple.","最初、私はそれが難しいとは思わなかった。*どちらかと言えば*、それは簡単だと思った。","2025-02-09 19:00:47","2025-02-09 19:00:47"
6616,8114,"With today’s victory, the Tigers have now won three games *in a row*.","今日の勝利でタイガースは今のところ*連続して*3試合に勝利している。","2025-02-09 19:01:52","2025-02-09 19:01:52"
6617,8115,"In that study, thousands of people were polled either *in person* or online.","その研究では、数千人が*直接*またはオンラインで世論調査を受けた。","2025-02-09 19:03:09","2025-02-09 19:03:09"
6618,8116,"*In retrospect*, we should have made out plan more detailed and better thought-out.","*振り返ってみると*、私たちは計画をより詳細に、より考え抜いたものにしておくべきだった。","2025-02-09 19:04:39","2025-02-09 19:04:39"
6619,8117,"*More often than not*, a smile, the universal symbol of happiness, is used as a mask.","*普通は*、幸福の普遍的な象徴である笑顔は、仮面として使われる。","2025-02-09 19:06:00","2025-02-09 19:06:00"
6620,8118,"At first I thought I liked the plan, but *on second thought*, I decided to oppose it.","最初は私はその計画が気に入ったと思ったが、*考え直して*それに反対することにした。","2025-02-09 19:07:10","2025-02-09 19:07:10"
6621,8119,"*On the face of it*, there are striking similarities between our plan and theirs.","*見たところ*、私たちの計画と彼らの計画には著しい類似点がある。","2025-02-09 19:08:19","2025-02-09 19:08:19"
6622,8120,"He liked the painting on display the moment he saw it, and decided to buy it *on the spot*.","彼は展示された絵を見た瞬間に気に入り、*その場で*買うことを決めた。","2025-02-09 19:10:20","2025-02-09 19:10:20"
6623,8120,"The interviewer’s question put the politician *on the spot*.","会見記者の質問はその政治家を*窮地に*立たせた。","2025-02-09 19:10:20","2025-02-09 19:10:20"
6624,8121,"When Rosemary comes back, I’ll do my best to settle the matter with her *once and for all*.","ローズマリーが戻ったら、彼女との問題を*きっぱりと*解決するために最善を尽くすつもりだ。","2025-02-09 19:11:34","2025-02-09 19:11:34"
6625,8122,"We’re all hoping her endless efforts will bear rich fruit *one of these days*.","彼女の絶え間ない努力が*そのうちに*豊かな実を結ぶことを私たち全員が願っている。","2025-02-09 19:13:20","2025-02-09 19:13:20"
6626,8123,"*Once upon a time*, there lived even in this area various kinds of dinosaurs.","*昔々*、この辺りにもさまざまな種類の恐竜が住んでいた。","2025-02-09 19:47:29","2025-02-09 19:47:29"
6627,8124,"I told him that I’d be *only too* pleased to write a letter of recommendation to the firm.","私はその会社への推薦状を書けて*とても*嬉しいと彼に言った。","2025-02-09 19:50:07","2025-02-09 19:50:07"
6628,8124,"We know *only too* well that things don’t go the way we’ve planned them to.","物事は計画したようには進まないということを、私たちは*遺憾ながら*よく知っている。","2025-02-09 19:50:07","2025-02-09 19:50:07"
6629,8125,"Before I’d jogged even a few kilometers, I was already getting *sort of* out of breath.","2、3キロも走らないうちに私は*ちょっと*息が切れ始めていた。","2025-02-09 19:51:46","2025-02-09 19:51:46"
6630,8126,"You are welcome to use my dictionary, *such as it is*.","*大したものではないですが*、私の辞書を自由にお使いください。","2025-02-09 19:53:00","2025-02-09 19:53:00"
6631,8127,"To screw a lid on a bottle, we turn it clockwise, but to unscrew it, *the other way around*.","びんのふたを閉めるには時計回りに回すが、開けるには*逆に*回す。","2025-02-09 19:54:37","2025-02-09 19:54:37"
6632,8128,"Scientists are eagerly trying to develop a vaccine for the new virus, but to no avail *to date*.","科学者たちはその新型ウィルスのワクチンを熱心に開発しようとしているが、*現在までのところ*、その甲斐はない。","2025-02-09 19:56:22","2025-02-09 19:56:22"
6633,8129,"There are many good reasons for us to *abstain from* alcohol and drugs.","私たちがアルコールと麻薬*を避ける*十分な理由がたくさんある。","2025-02-09 19:59:58","2025-02-09 19:59:58"
6634,8130,"I was advised not to ride a bike, because my blood pressure could drop and I might *black out*.","私は自転車に乗らないようにと助言を受けた。というのも、血圧が下がって*気を失う*かもしれないからだ。","2025-02-09 20:03:05","2025-02-09 20:03:05"
6635,8130,"The newspaper reported that the ferocious storm could *black out* the eastern coast for up to a year.","その猛烈な嵐は最長1年間東海岸*を停電にする*可能性があると新聞が報じた。","2025-02-09 20:03:05","2025-02-09 20:03:05"
6636,8131,"My uncle expects his business to *break even* by early next year if the present economic trends continue.","私の叔父は、げんざいの景気動向が続くようなら、彼の事業は来年早々には*収支がとんとんになる*と予測している。","2025-02-09 20:04:55","2025-02-09 20:04:55"
6637,8132,"In this bad economy, more people are *calling it quits* before age 65 rather than working longer.","この不景気で、より多くの人が長く働くよりも65歳以前に*仕事を辞めて*いる。","2025-02-09 20:06:23","2025-02-09 20:06:23"
6638,8133,"Some bullies used to *call him names* in his school days.","学校時代にはよく*彼の悪口を言う*いじめっ子がいた。","2025-02-09 20:07:24","2025-02-09 20:07:24"
6639,8134,"The company’s profits in its overseas division this year are nowhere near enough to *cancel out* its total losses.","その会社の今年の海外部門の収益は、総損失*を帳消しにする*には程遠い。","2025-02-09 20:10:01","2025-02-09 20:10:01"
6640,8135,"Many companies in the world are *cashing in on* big data to foster a new growth industry.","世界の多くの企業は新たな成長産業を育てるためにビッグデータ*を利用して*いる。","2025-02-09 20:12:17","2025-02-09 20:12:17"
6641,8136,"The nation’s convenience stores have started increasingly *catering to* the needs of older clientele.","その国のコンビニエンスストアはますます高齢の顧客の要望*に応え*始めている。","2025-02-09 20:15:42","2025-02-09 20:15:42"
6642,8137,"Changing a habit is never easy; you cannot just make a statement about changing and expect it to *come to pass*.","習慣を変えることは簡単なことではない。単に変わることを発表して、それが*起こる*のを期待しているわけにはいかない。","2025-02-09 20:17:45","2025-02-09 20:17:45"
6643,8138,"The photo of San Francisco *conjured up* his old memories of the years he spent there studying.","そのサンフランシスコの写真は、彼がそこで勉強して過ごした年月の古い思い出*を呼び起こした*。","2025-02-09 20:20:03","2025-02-09 20:20:03"
6644,8139,"It is often pointed out that the staggering costs of higher education are *crowding out* low-income students.","高等教育の膨大な費用が、低所得の学生たち*を締め出して*いるとしばしば指摘されている。","2025-02-09 20:22:23","2025-02-09 20:22:23"
6645,8140,"Some customers criticized the company, claiming it’d overpromised and then *cut corners* when it couldn’t deliver.","過剰な約束をしておきながら約束を果たせなくなると*手抜きをする*と言って、その会社を批判する顧客もいた。","2025-02-09 20:23:59","2025-02-09 20:23:59"
6646,8141,"She lost everything she had, and all she had to *fall back on* was her own experience.","彼女は持っていたもの全てを失い、*最後の頼りとする*のは自分の経験だけだった。","2025-02-10 09:39:51","2025-02-10 09:39:51"
6647,8142,"His plan to go to New York to visit his parents that weekend *fell through* due to his sudden illness.","その週末に両親を訪ねるためにニューヨークへ行くという彼の計画は、彼が突然病気になったため*だめになった*。","2025-02-10 09:41:30","2025-02-10 09:41:30"
6648,8143,"I’ve finished writing the skeleton of my paper; now I have to *flesh* it *out* with some examples.","私は論文の骨子を書き終わった。今度はいくつかの例でそれ*に肉付けし*なければならない。","2025-02-10 09:42:51","2025-02-10 09:42:51"
6649,8144,"I’m thinking of reducing my part-time job to three days a week to *free up* time to concentrate on studying.","私は勉強に集中するための時間*を作る*ためにアルバイトを週3日に減らそうかと考えている。","2025-02-10 09:44:22","2025-02-10 09:44:22"
6650,8145,"We *got stuck* in traffic jam on our way to the airport the other day and almost missed our flight.","先日私たちは空港へ行く途中に渋滞で*動けなくなり*、飛行機に乗り遅れそうになった。","2025-02-10 09:45:46","2025-02-10 09:45:46"
6651,8146,"He looked back at where he was only two months ago and *gave* himself *credit for* making big progress.","彼はほんの2ヶ月前に自分がいた場所を振り返り、大きな進歩をした*ことで*自分自身*を評価した*。","2025-02-10 09:47:35","2025-02-10 09:47:35"
6652,8147,"When in Rome do as Romans do — but what if the Romans *go in for* some rather nasty doings?","ローマではローマ人のするようにしなさい、しかしローマ人がひどい行為*を好んでい*たらどうしよう。","2025-02-10 09:49:19","2025-02-10 09:49:19"
6653,8148,"The best teachers *go to great length to* make the learning process enjoyable and interesting.","最高の教師は学習過程を楽しく興味深いものに*するためには何でもする*。","2025-02-10 09:59:21","2025-02-10 09:59:21"
6654,8149,"In most ancient kingdoms, the kings were considered divine and *held* absolute *sway over* their subjects.","ほとんどの古代王国において、王たちは神聖なものとして考えられ、国民*に対して*絶対的な*影響力を持っていた*。","2025-02-10 10:01:35","2025-02-10 10:01:35"
6656,8150,"The insects of all kinds that scavenge for a living find their way to dead animals or dung by *homing in on* the scent.","生きるために食べ物を漁る全ての種類の昆虫は、臭い*を目がけて進み*、死んだ動物やフンにたどり着く。","2025-02-10 10:10:02","2025-02-10 10:10:02"
6657,8151,"Many people think that some IT companies have grown so big they are now *impinging on* the rest of the world.","多くの人が、成長しすぎて今では世界の他の国々*に悪影響を及ぼして*いるIT企業もあると考えている。","2025-02-10 10:12:18","2025-02-10 10:12:18"
6658,8152,"Evidence of Japan’s economic miracle has begun to *intrude on* its beautiful countryside.","日本の驚異的な経済成長の跡は、美しい田園地帯*を侵し*始めた。","2025-02-10 10:14:00","2025-02-10 10:14:00"
6659,8153,"Before *jumping on the bandwagon*, it is important for you to check out whether the plan is truly realistic.","*時流に乗る*前に、その計画が本当に現実的かどうか調べることがあなたにとって重要だ。","2025-02-10 10:15:41","2025-02-10 10:15:41"
6660,8154,"During the pandemic, it was the aid from local governments that *kept* many citizens’ hunger *at bay*.","パンデミック中、多くの国民の飢え*を防いだ*のは地方自治体からの援助だった。","2025-02-10 10:17:30","2025-02-10 10:17:30"
6661,8155,"Until they arrest the person or persons who committed this crime, the police will *leave no stone unturned*.","この犯罪を犯した単独もしくは複数の犯人を逮捕するまで、警察は*あらゆる手段を尽く*すだろう。","2025-02-10 14:57:23","2025-02-10 14:57:23"
6662,8156,"The moment he got a call from her, he *made a beeline for* the airport to pick her up.","彼は彼女から電話をもらうとすぐ、彼女を迎えに空港*へ直行した*。","2025-02-10 14:58:48","2025-02-10 14:58:48"
6663,8157,"Seventy years later, the ballpoint pen isn’t *making headlines*, but it’s still hugely popular.","70年経って、ボールペンは*話題にはなら*ないが、今なお大変人気がある。","2025-02-10 15:06:27","2025-02-10 15:06:27"
6664,8158,"When psychologists played dissonant music to babies, they *made faces* in disgust.","心理学者たちが赤ん坊に向けて不協和音の音楽をかけると、赤ん坊たちは不快そうに*顔をしかめた*。","2025-02-10 15:08:12","2025-02-10 15:08:12"
6665,8159,"My grandmother, who’d been living alone all these years, *moved in with* us recently.","祖母は長年一人暮らしをしていたが、最近私たち*と同居を始めた*。","2025-02-10 15:09:29","2025-02-10 15:09:29"
6666,8160,"I’m afraid we’ll have to *pay the piper*: it was we that proposed the plan in the first place.","残念だが私たちが*費用を負担し*なければならないと思う。というのも、そもそも計画を提案したのは私たちだからだ。","2025-02-10 15:11:03","2025-02-10 15:11:03"
6667,8161,"Labor Day is an American national holiday intended to *pay tribute to* the workers who have made America what it is today.","労働者の日はアメリカを今日の姿にしてくれた労働者*に敬意を表する*ことを意図した国民の休日だ。","2025-02-10 15:13:25","2025-02-10 15:13:25"
6668,8162,"At the latest Group of Seven meeting, world leaders pledged to *phase out* fossil fuel emissions by the end of this century.","前回のG7会議で、世界の指導者たちは今世紀末までに化石燃料排出物*を段階的に廃止する*と誓った。","2025-02-10 20:42:49","2025-02-10 20:42:49"
6669,8163,"The German government *pulled the plug on* the construction of coal-fired power stations years ago.","ドイツ政府は何年も前に石炭火力発電所の建設*を打ち切った*。","2025-02-10 20:44:20","2025-02-10 20:44:20"
6670,8164,"The office tells us to *rest assured that* we will have the electricity back on by the evening at the latest.","営業所は、電気は遅くとも夕方までには復旧する*から安心する*ようにと私たちに言っている。","2025-02-10 20:46:04","2025-02-10 20:46:04"
6671,8165,"The hawker was promising a lot of things, but the people surrounding him seemed to *see through* his plan.","その行商人は多くのことを約束していたが、彼を取り巻く人々は彼の目論見*を見抜いている*ように見えた。","2025-02-10 20:48:47","2025-02-10 20:48:47"
6672,8166,"Daniel has *set his sights on* being a graphic designer after graduation.","ダニエルは卒業後グラフィックデザイナーになること*を目標にしている*。","2025-02-10 20:49:57","2025-02-10 20:49:57"
6673,8167,"One way to *stave off* the effects of aging is to stay mentally active, to perform tasks you’ve never done before.","老化の影響*を食い止める*1つの方法は、精神的に活動的でいて、それまでに一度もしたことのない課題をこなすことだ。","2025-02-10 20:52:02","2025-02-10 20:52:02"
6674,8168,"In the morning, we rented a car, *stocked up on* water and snacks, and drove out to a beach six miles east.","朝、私たちは車を借りて、水と軽食*を買い込んで*、車で6マイル東にある海辺に出かけた。","2025-02-10 20:53:47","2025-02-10 20:53:47"
6675,8169,"According to the data, over 25 million people have *succumbed to* AIDS globally, from 1980 through 2009.","データによれば、1980年から2009年の間に、世界中で2500万人以上の人がエイズ*で亡くなった*。","2025-02-11 10:26:15","2025-02-11 10:26:15"
6676,8170,"He *took leave of* his family and got onboard the plane.","彼は家族*に別れを告げ*、飛行機に搭乗した。","2025-02-11 10:27:24","2025-02-11 10:27:24"
6677,8171,"It was unfortunate he *took offense* at what I had said, but I meant no harm at all, as you well know.","私の言ったことに彼が*腹を立てた*のは残念だったが、あなたがよくご存知のように、傷つける気持ちは私には全くなかった。","2025-02-11 10:29:07","2025-02-11 10:29:07"
6678,8172,"The priest at the temple told us to be still for a minute, look inward and *take stock of* who we are.","寺院の僧侶は私たちに、しばらくじっとして心の内を見つめ、自分が何者であるか*をじっくり考えてみる*ように言った。","2025-02-11 10:30:54","2025-02-11 10:30:54"
6679,8173,"To solve this problem, we need to *tap into* the wide range of experience and creativity of many people.","この問題を解決するためには、多くの人の幅広い経験と創造性*を活用する*必要がある。","2025-02-11 10:32:17","2025-02-11 10:32:17"
6680,8174,"One of the most important rules in life is not to *trifle with* other people’s feelings.","人生で最も重要なルールの1つは、他人の感情*をもてあそば*ないことだ。","2025-02-11 10:34:15","2025-02-11 10:34:15"
6681,8175,"With the hay fever season having set in, many people have started wearing masks to *ward off* pollen and dust.","花粉症の季節が始まったので、多くの人が花粉やほこりを防ぐためにマスクをつけ始めている。","2025-02-11 10:35:46","2025-02-11 10:35:46"
6682,8176,"They bought me some medicine that was surprisingly effective and relieved my pain in *a matter of* minutes.","彼らは私に、驚くほど効果があって、*たったの*数分で私の痛みを和らげてくれる薬を持ってきてくれた。","2025-02-11 10:37:31","2025-02-11 10:37:31"
6683,8177,"Today’s New Orleans *is a far cry from* what it was before it was badly damaged by a hurricane in 2005.","今日のニューオーリンズは、2005年にハリケーンでひどいひがいを受ける前の姿*とは大きく違っている*。","2025-02-11 10:39:22","2025-02-11 10:39:22"
6684,8178,"Research has found a high percentage of people, most of them young, *are addicted to* social media.","調査によれば、高い割合の人々が、そのほとんどが若者だが、ソーシャルメディア*中毒になっている*。","2025-02-11 10:41:27","2025-02-11 10:41:27"
6685,8179,"The scientist said the mouse model of social isolation he studied would readily *be applicable to* humans.","その科学者は、彼が研究した社会的孤立のマウスモデルは容易に人間*に適用できる*だろうと語った。","2025-02-11 10:46:05","2025-02-11 10:46:05"
6686,8180,"While the politician’s speech was interesting, I thought it *was devoid of* warmth and empathy.","その政治家の演説は興味深いものであったが、温かみと共感*を欠いている*と私は思った。","2025-02-11 10:47:19","2025-02-11 10:47:19"
6687,8181,"Although she found his opinion completely at odds with hers, she *wasn’t disposed to* argue with him.","彼の意見は彼女の意見の完全に食い違っていると分かったが、彼女は彼と議論*したいとは思わなかった*。","2025-02-11 10:48:45","2025-02-11 10:48:45"
6688,8182,"Using a platform and a headset, the boy *was immersed in* a computer-generated virtual world.","プラットフォームとヘッドセットを使って、その少年はコンピュータが作り出す仮想世界*に没頭した*。","2025-02-11 10:50:09","2025-02-11 10:50:09"
6689,8183,"The coronavirus which caused COVID-19 was new to humans, so none of us *were immune to* the disease.","COVID-19を引き起こすコロナウイルスは人間には未知のものだったので、その病気*に免疫がある*人は誰もいなかった。","2025-02-12 15:21:18","2025-02-12 15:21:18"
6690,8184,"Sleepiness is a problem at all stages that *are relevant to* learning, memory and academic performance.","学習、記憶、そして学業成績*に関連がある*すべての段階で、眠気は問題だ。","2025-02-12 15:23:48","2025-02-12 15:23:48"
6691,8185,"Some people believe that a politician’s private life should *be subordinate to* her duty as a public servant.","政治家の私生活は公僕としての職務*より下位にある*べきだと信じている人もいる。","2025-02-12 15:26:02","2025-02-12 15:26:02"
6692,8186,"She’s not at work today as she’s *feeling under the weather*.","彼女は*気分がすぐれない*ので今日は仕事をしていない。","2025-02-12 15:27:16","2025-02-12 15:27:16"
6693,8187,"The government announced that the past six months saw a sharp decrease in domestic demand *across the board*.","政府は過去6か月間で国内需要が*全面的に*急激な減少を見せたと発表した。","2025-02-12 15:29:12","2025-02-12 15:29:12"
6694,8188,"You can keep talking as long as you want, but *at the end of the day*, we have to submit our answer by Tuesday.","あなた方は好きなだけ話し続けてもいいですが、私たちは*最終的には*火曜日までに答えを出さなければなりません。","2025-02-12 15:31:03","2025-02-12 15:31:03"
6695,8189,"They insisted that his action was illegal, but *by the same token*, we found no clear evidence to show its illegality.","彼らは彼の行為は違法であると言い張ったが、*同様に*、私たちはその違法性を示すはっきりした証拠を見つけられなかった。","2025-02-12 15:32:55","2025-02-12 15:32:55"
6696,8190,"I could not understand *for the life of me* why he made such a harsh comment.","なぜ彼がそんな厳しいことを言ったのか私には*どうしても*理解できなかった。","2025-02-12 15:34:40","2025-02-12 15:34:40"
6697,8191,"While Dr. Yoshida is a noted cardiologist, his wife is also a doctor *in her own right*.","吉田医師は有名な心臓専門医であるが、彼の妻も*れっきとした*医師だ。","2025-02-12 15:36:38","2025-02-12 15:36:38"
6698,8192,"The rising oceans are now threatening the survival of many people, *not least* those living near beach area.","海面の上昇は今や多くの人々、*特に*海岸地域の近くに住む人々の生存を脅かしている。","2025-02-12 15:38:09","2025-02-12 15:38:09"
6699,8193,"*Off the top of my head*, how about meting here at nine tomorrow morning?","*思いつきですが*、明朝9時にここで会うのはどうですか。","2025-02-12 15:39:52","2025-02-12 15:39:52"
6700,8194,"Now that my big sister is married and lives far away, we see her and her family only *once in a blue moon*.","姉は結婚して遠くに住んでいるので、私たちは*ごくまれに*しか彼女や彼女の家族とは会わない。","2025-02-12 16:25:40","2025-02-12 16:25:40"
6701,8195,"It was not the content of his speech *per se* but the way he made it that they were critical of.","彼らが批判したのは彼の演説の内容*それ自体では*なく、その仕方だった。","2025-02-12 16:26:54","2025-02-12 16:26:54"
6702,8196,"The house the new couple bought was not only spacious but had a pretty garden *to boot*.","新婚夫婦が買った家は広々としているだけでなく、*おまけに*きれいな庭まであった。","2025-02-12 16:28:16","2025-02-12 16:28:16"
6703,8197,"My cousin took the bar examination this spring and passed it *with flying colors*.","私のいとこはこの春に司法試験を受け、*見事に*合格した。","2025-02-12 16:59:07","2025-02-12 16:59:07"
6704,8198,"From the train window I saw Mt. Fujii, which stood out *in* sharp *relief* against the sky red with the setting sun.","列車の窓から、夕陽に赤く染まった空を背景にくっきりと*浮かび*上がる富士山が見えた。",,
6705,8199,"Many people fear that the future of the world’s democracies hangs *in the balance*.","多くの人は、世界の民主主義国家の将来が*危険な状態に*あるのではないかと恐れている。","2025-02-12 17:18:04","2025-02-12 17:18:04"
6706,8200,"According to today’s news report, new state standards for consumer air purifiers are *in the pipeline*.","今日の報道によれば、消費者向け空気清浄機の新たな国家基準が*作成中*だ。","2025-02-12 17:20:04","2025-02-12 17:20:04"
6707,8201,"I thought the sushi I had in San Francisco was *on a par with* that of the best restaurants in Japan.","私がサンフランシスコで食べた寿司は、日本の最高の寿司店のそれ*と同等で*あると思った。","2025-02-12 17:21:55","2025-02-12 17:21:55"
6708,8202,"My father’s business seems to have finally started to get back *on track*, although gradually.","父の事業は、徐々にではあるが、ようやく再び*軌道に乗り*始めたように思われる。","2025-02-12 17:23:22","2025-02-12 17:23:22"
6709,8203,"India is *second only to* Brazil in the annual volume of sugar produced.","インドは砂糖の年間生産量においてはブラジル*に次いで2位*だ。","2025-02-12 17:25:10","2025-02-12 17:25:10"
6710,8204,"The new employee was *a pain in the neck* to everybody, with her constant complaining.","その新入社員はいつも不平を言っており、全員の*悩みの種*だった。","2025-02-12 17:27:01","2025-02-12 17:27:01"
6711,8205,"I’d like to be an optimist who can find *a silver lining* even in seemingly desperate circumstances.","私は、一見絶望的な状況でも*明るい希望*を見出すことができる楽天家でありたい。","2025-02-12 17:28:35","2025-02-12 17:28:35"
6712,8206,"Whether the economy will come back to where it was before the pandemic in a fairly short time is *anyone’s guess*.","経済がいくらか短期間でパンデミック以前のところまで戻るかどうかは*誰にも予想がつかないこと*だ。","2025-02-12 17:30:10","2025-02-12 17:30:10"
6713,8207,"We had the *right of way* at the junction, but the truck just went ahead of us.","交差点で私たちに*先行権*があったが、そのトラックは私たちの前に出た。","2025-02-12 17:31:59","2025-02-12 17:31:59"
6714,8208,"Just as there is no *smoking gun* responsible for obesity, there is no magic bullet to cure it.","肥満の原因となる*決定的なもの*がないように、それを治す特効薬もない。","2025-02-12 17:33:16","2025-02-12 17:33:16"
6715,8209,"have *a* dog","(ある) 犬を飼っている","2025-02-12 19:46:27","2025-02-12 19:46:27"
6716,8209,"three times *a* week","一週間に (つき) 3回","2025-02-12 19:46:27","2025-02-12 19:46:27"
6717,8210,"Let’s meet at *the* station.","(*君も知っているその*) 駅で会おう","2025-02-12 19:48:37","2025-02-12 19:48:37"
6718,8210,"play the piano","ピアノ (という楽器) を弾く","2025-02-12 19:48:37","2025-02-12 19:48:37"
6719,8211,"I have *something* to tell you.","君に話しておきたい*こと*がある。","2025-02-12 19:49:41","2025-02-12 19:49:41"
6720,8212,"*Someone* is singing and their singing voice is wonderful.","*誰か*が歌っている。そして、その歌声は素晴らしい。","2025-02-12 20:15:21","2025-02-12 20:15:21"
6721,8213,"I like *myself*.","*自分のこと*が好きだ。","2025-02-12 20:20:09","2025-02-12 20:20:09"
6722,8213,"She lives by *herself*.","彼女は*一人で*暮らしている。","2025-02-12 20:20:09","2025-02-12 20:20:09"
6723,8213,"He *himself* did it.","彼*自身*がそれをやった。","2025-02-12 20:20:09","2025-02-12 20:20:09"
6724,8214,"*speak* about global warming","地球温暖化について*話す*","2025-02-12 20:21:02","2025-02-12 20:21:02"
6725,8215,"We *talked* about the school festival.","私たちは文化祭について*話した*。","2025-02-12 20:22:17","2025-02-12 20:22:17"
6726,8216,"“I love you, “ he *said* to her.","「好きだよ」と彼は彼女に*言った*。","2025-02-12 20:23:19","2025-02-12 20:23:19"
6727,8217,"Can you *tell* me *about* your family?","私*に*ご家族*のことを話して*くれない？","2025-02-12 20:25:34","2025-02-12 20:25:34"
6728,8218,"He *told* her *that* he loved her.","彼は彼女*に*君のことが好きだ*と言った*。","2025-02-12 20:26:46","2025-02-12 20:26:46"
6729,8219,"*Look at* the blackboard.","黒板*を見なさい*。","2025-02-12 20:27:43","2025-02-12 20:27:43"
6730,8220,"I *saw* him at the park yesterday.","昨日公園で彼*を見かけた*。","2025-02-12 20:30:07","2025-02-12 20:30:07"
6731,8220,"I *saw* her standing there.","彼女がそこに立っているの*を見た*。","2025-02-12 20:30:07","2025-02-12 20:30:07"
6732,8221,"*watch* a game of baseball.","野球の試合*を見る*","2025-02-12 20:32:17","2025-02-12 20:32:17"
6733,8221,"*Watch* my bag.","私のかばん*を見ておいて*。","2025-02-12 20:32:17","2025-02-12 20:32:17"
6734,8222,"*Listen to* me.","私の話*を聞いて*ください。","2025-02-13 00:08:38","2025-02-13 00:08:38"
6735,8223,"Can you *hear* me?","私の声*が聞こえます*か。","2025-02-13 00:17:13","2025-02-13 00:17:13"
6736,8223,"I *heard* him singing.","彼が歌っているの*を聞いた*。","2025-02-13 00:17:13","2025-02-13 00:17:13"
6737,8223,"I *hear* that he is a great golfer.","彼はゴルフがとても上手だ*と聞いている*。","2025-02-13 00:17:13","2025-02-13 00:17:13"
6738,8224,"study a foreign *language*","外国*語*を勉強する","2025-02-13 00:33:36","2025-02-13 00:33:36"
6739,8224,"*Language* is a wonderful tool.","*言語*は素晴らしい道具だ。","2025-02-13 00:33:36","2025-02-13 00:33:36"
6740,8225,"hear good *news*","良い*ニュース*を聞く","2025-02-13 00:34:20","2025-02-13 00:34:20"
6741,8226,"see a *movie* with her","彼女と (映画館で) *映画*を見る","2025-02-13 00:35:30","2025-02-13 00:35:30"
6742,8227,"a lot of *information*","多くの*情報*","2025-02-13 00:36:21","2025-02-13 00:36:21"
6743,8228,"express my *opinion* about the Olympics","オリンピックに関する私の*意見*を言う","2025-02-13 00:37:27","2025-02-13 00:37:27"
6744,8229,"*answer* the question","その問い*に答える*","2025-02-13 08:55:59","2025-02-13 08:55:59"
6745,8229,"the *answer* to question 5","問5の*答え*","2025-02-13 08:55:59","2025-02-13 08:55:59"
6746,8230,"*write* about the U.N.","国連について (の文を) *書く*","2025-02-13 08:58:44","2025-02-13 08:58:44"
6747,8230,"*write* an essay of 800 words","800語の作文*を書く*","2025-02-13 08:58:44","2025-02-13 08:58:44"
6748,8231,"*read* about her life","彼女の人生について (の文を) *読む*","2025-02-13 08:59:58","2025-02-13 08:59:58"
6749,8231,"*read* a textbook","教科書*を読む*","2025-02-13 08:59:58","2025-02-13 08:59:58"
6750,8232,"Could you *take a picture* of us?","私たちの*写真を撮って*いただけませんか。","2025-02-13 09:01:03","2025-02-13 09:01:03"
6751,8233,"Have you *heard from* her?","彼女*から連絡があり*ましたか。","2025-02-13 09:01:49","2025-02-13 09:01:49"
6752,8234,"*get in touch with* him","彼*に連絡を取る*","2025-02-13 09:02:34","2025-02-13 09:02:34"
6753,8235,"*meet* her at ten o’clock","10時に彼女*と会う*","2025-02-13 09:03:55","2025-02-13 09:03:55"
6754,8235,"*meet* him at the airport","空港で彼*を出迎える*","2025-02-13 09:03:55","2025-02-13 09:03:55"
6755,8236,"Could you *introduce* me to her?","彼女に私*を紹介して*もらえますか。","2025-02-13 09:10:42","2025-02-13 09:10:42"
6756,8236,"*introduce* Buddhism to the West","西洋に仏教*を導入する*","2025-02-13 09:10:42","2025-02-13 09:10:42"
6757,8237,"*invite* them to our wedding party","私たちの結婚式に彼ら*を招く*","2025-02-13 09:11:24","2025-02-13 09:11:24"
6758,8238,"*join* the brass band","ブラスバンド*に入る*","2025-02-13 09:13:28","2025-02-13 09:13:28"
6759,8238,"*join* in their chat","彼らのおしゃべりに*参加する*","2025-02-13 09:13:28","2025-02-13 09:13:28"
6760,8239,"*take part in* a marathon","マラソン*に参加する*","2025-02-13 09:14:25","2025-02-13 09:14:25"
6761,8240,"You look *like your* mother.","君はお母さん*に似ている*ね。","2025-02-13 09:15:25","2025-02-13 09:15:25"
6762,8241,"That *sounds like* a good idea.","それは良い考え*に聞こえる*。","2025-02-13 09:16:16","2025-02-13 09:16:16"
6763,8242,"farm animals *such as* cows and pigs","豚や牛*のような*家畜","2025-02-13 09:17:54","2025-02-13 09:17:54"
6764,8243,"Are you *feeling* all right?","大丈夫だ*と感じて*いますか。","2025-02-13 09:20:06","2025-02-13 09:20:06"
6765,8243,"This room *feels* cool.","この部屋は涼しく*感じられる*。","2025-02-13 09:20:06","2025-02-13 09:20:06"
6766,8244,"I *think that* this is true.","これは本当だ*と思います*。","2025-02-13 09:21:12","2025-02-13 09:21:12"
6767,8245,"I am *thinking about* you.","あなた*のことを考えて*います。","2025-02-13 09:22:24","2025-02-13 09:22:24"
6768,8246,"*know* a lot *about* Messi","メッシ*について* (知識として) よく*知っている*","2025-02-13 09:24:10","2025-02-13 09:24:10"
6769,8247,"*learn* about English","英語について (どのようなものかなどを) *学ぶ*","2025-02-13 09:26:08","2025-02-13 09:26:08"
6770,8247,"*learn* English","英語*を身につける*","2025-02-13 09:26:08","2025-02-13 09:26:08"
6771,8248,"*study* at university","大学で*学ぶ*","2025-02-13 09:27:58","2025-02-13 09:27:58"
6772,8248,"*study* math","数学*を学ぶ*","2025-02-13 09:27:58","2025-02-13 09:27:58"
6773,8249,"I *found* a nice restaurant.","良いレストラン*を見つけた*。","2025-02-13 09:31:44","2025-02-13 09:31:44"
6774,8249,"I *found* that he was out.","彼は外出中だ*と分かった*。","2025-02-13 09:31:44","2025-02-13 09:31:44"
6775,8249,"I *found* it hard to work with her.","彼女と仕事をするのは難しい*と思う*。","2025-02-13 09:31:44","2025-02-13 09:31:44"
6776,8250,"I can’t *understand* you.","君の言うこと*が分かり*ません。","2025-02-13 09:33:49","2025-02-13 09:33:49"
6777,8250,"I *understand* that she is over 50.","彼女は50歳を超えている*と伺っています*。","2025-02-13 09:33:49","2025-02-13 09:33:49"
6778,8251,"*remember* meeting her here","彼女にここで会ったこと*を覚えている*","2025-02-13 09:35:58","2025-02-13 09:35:58"
6779,8251,"*remember* to walk my dog","犬を散歩させること*を覚えている*","2025-02-13 09:35:58","2025-02-13 09:35:58"
6780,8252,"I *forgot* her birthday.","彼女の誕生日*を忘れていた*。","2025-02-13 09:38:06","2025-02-13 09:38:06"
6781,8252,"Don’t *forget* to lock the door.","ドアに鍵をかけるの*を忘れ*ないで。","2025-02-13 09:38:06","2025-02-13 09:38:06"
6782,8252,"Let’s *forget* about it.","それに関することは*忘れ*よう。","2025-02-13 09:38:06","2025-02-13 09:38:06"
6783,8253,"I don’t *care* about that.","私はそんなことを*気にし*ません。","2025-02-13 09:40:08","2025-02-13 09:40:08"
6784,8253,"*care* for kids","子供達の*世話をする*","2025-02-13 09:40:08","2025-02-13 09:40:08"
6785,8253,"day *care* for babies","赤ちゃんの*保育*","2025-02-13 09:40:08","2025-02-13 09:40:08"
6786,8254,"Sorry, I *have no idea*.","すみません、*さっぱり分かりません*。","2025-02-13 09:40:57","2025-02-13 09:40:57"
6787,8255,"*come up with* a good idea","良い考え*を思いつく*","2025-02-13 09:41:47","2025-02-13 09:41:47"
6788,8256,"have a good *memory* for faces","人の顔をよく*覚えている*","2025-02-13 10:53:52","2025-02-13 10:53:52"
6789,8256,"happy *memories* of my childhood","子供の頃の楽しい*思い出*","2025-02-13 10:53:52","2025-02-13 10:53:52"
6790,8257,"I *believe that* you are right.","君は正しい*と信じいている*。","2025-02-13 10:55:03","2025-02-13 10:55:03"
6791,8258,"*believe in* UFOs","UFO (の存在) *を信じる*","2025-02-13 10:55:55","2025-02-13 10:55:55"
6792,8259,"*I’m sure* we’ll win.","私たちが勝つこと*を確信している*。","2025-02-13 10:57:16","2025-02-13 10:57:16"
6793,8260,"Let’s *see if* she can come.","彼女が来られる*かどうか確認し*よう。","2025-02-13 10:58:51","2025-02-13 10:58:51"
6794,8261,"*show* her a picture of my cat","彼女に猫の写真*を見せる*","2025-02-13 11:00:15","2025-02-13 11:00:15"
6795,8261,"*show* him to my room","自室まで彼*を案内する*","2025-02-13 11:00:15","2025-02-13 11:00:15"
6796,8262,"What do you *mean* by that?","それはどういう*意味です*か。","2025-02-13 11:01:43","2025-02-13 11:01:43"
6797,8262,"I didn’t *mean* to bother you.","あなたを邪魔をする*つもり*ではありませんでした。","2025-02-13 11:01:43","2025-02-13 11:01:43"